arm,iteration,mean_psnr,view_count,gaussians,final,training_renders,input_prefix,map
ours,50,8.42164006392456,539,25845,False,550,373,/home/intern/gs_floaterLab/results/figure03_convergence_20260921/aria301_305/ours/checkpoints/iter_00050.ply
ours,100,10.2427205159182,539,31834,False,1080,398,/home/intern/gs_floaterLab/results/figure03_convergence_20260921/aria301_305/ours/checkpoints/iter_00100.ply
ours,150,11.172069903870902,539,31094,False,1682,563,/home/intern/gs_floaterLab/results/figure03_convergence_20260921/aria301_305/ours/checkpoints/iter_00150.ply
ours,200,11.828224308194388,539,37955,False,2372,677,/home/intern/gs_floaterLab/results/figure03_convergence_20260921/aria301_305/ours/checkpoints/iter_00200.ply
ours,250,12.116371423282517,539,44381,False,3030,803,/home/intern/gs_floaterLab/results/figure03_convergence_20260921/aria301_305/ours/checkpoints/iter_00250.ply
ours,300,11.858310240761469,539,42432,False,3704,893,/home/intern/gs_floaterLab/results/figure03_convergence_20260921/aria301_305/ours/checkpoints/iter_00300.ply
ours,350,13.49390584374182,539,53896,False,4378,1018,/home/intern/gs_floaterLab/results/figure03_convergence_20260921/aria301_305/ours/checkpoints/iter_00350.ply
ours,400,13.91155033208886,539,63477,False,5036,1128,/home/intern/gs_floaterLab/results/figure03_convergence_20260921/aria301_305/ours/checkpoints/iter_00400.ply
ours,450,14.069756868376581,539,68890,False,5726,1222,/home/intern/gs_floaterLab/results/figure03_convergence_20260921/aria301_305/ours/checkpoints/iter_00450.ply
ours,500,14.110951553691518,539,77048,False,6384,1269,/home/intern/gs_floaterLab/results/figure03_convergence_20260921/aria301_305/ours/checkpoints/iter_00500.ply
ours,550,14.40508668851764,539,82393,False,7074,1322,/home/intern/gs_floaterLab/results/figure03_convergence_20260921/aria301_305/ours/checkpoints/iter_00550.ply
ours,600,14.54268503719889,539,88793,False,7732,1420,/home/intern/gs_floaterLab/results/figure03_convergence_20260921/aria301_305/ours/checkpoints/iter_00600.ply
ours,650,14.594722114378976,539,95504,False,8422,1478,/home/intern/gs_floaterLab/results/figure03_convergence_20260921/aria301_305/ours/checkpoints/iter_00650.ply
ours,700,15.253450234436148,539,110642,False,9080,1558,/home/intern/gs_floaterLab/results/figure03_convergence_20260921/aria301_305/ours/checkpoints/iter_00700.ply
ours,750,15.634128446702833,539,120704,False,9754,1611,/home/intern/gs_floaterLab/results/figure03_convergence_20260921/aria301_305/ours/checkpoints/iter_00750.ply
ours,800,15.977694555647076,539,133319,False,10428,1725,/home/intern/gs_floaterLab/results/figure03_convergence_20260921/aria301_305/ours/checkpoints/iter_00800.ply
ours,850,16.308036718386223,539,142790,False,11086,1798,/home/intern/gs_floaterLab/results/figure03_convergence_20260921/aria301_305/ours/checkpoints/iter_00850.ply
ours,900,17.075263678032304,539,150907,False,11776,1943,/home/intern/gs_floaterLab/results/figure03_convergence_20260921/aria301_305/ours/checkpoints/iter_00900.ply
ours,950,17.332418544394187,539,158553,False,12434,2080,/home/intern/gs_floaterLab/results/figure03_convergence_20260921/aria301_305/ours/checkpoints/iter_00950.ply
ours,1000,17.625921505059292,539,166241,False,13124,2193,/home/intern/gs_floaterLab/results/figure03_convergence_20260921/aria301_305/ours/checkpoints/iter_01000.ply
ours,1050,17.29923235728701,539,171923,False,13782,2302,/home/intern/gs_floaterLab/results/figure03_convergence_20260921/aria301_305/ours/checkpoints/iter_01050.ply
ours,1100,19.001403023006745,539,176412,False,14404,2334,/home/intern/gs_floaterLab/results/figure03_convergence_20260921/aria301_305/ours/checkpoints/iter_01100.ply
ours,1150,18.974681999333935,539,183717,False,15078,2392,/home/intern/gs_floaterLab/results/figure03_convergence_20260921/aria301_305/ours/checkpoints/iter_01150.ply
ours,1200,18.76923880285146,539,191291,False,15752,2470,/home/intern/gs_floaterLab/results/figure03_convergence_20260921/aria301_305/ours/checkpoints/iter_01200.ply
ours,1250,18.694841209723023,539,197391,False,16410,2521,/home/intern/gs_floaterLab/results/figure03_convergence_20260921/aria301_305/ours/checkpoints/iter_01250.ply
ours,1300,23.205410771555716,539,209739,False,17075,2632,/home/intern/gs_floaterLab/results/figure03_convergence_20260921/aria301_305/ours/checkpoints/iter_01300.ply
ours,1344,25.093552421329193,539,214221,True,17620,2658,/home/intern/gs_floaterLab/results/figure03_convergence_20260921/aria301_305/ours/checkpoints/iter_01344_final.ply
baseline,50,7.974394929209977,539,43008,False,550,373,/home/intern/gs_floaterLab/results/figure03_convergence_20260921/aria301_305/baseline/checkpoints/iter_00050.ply
baseline,100,10.048904236260947,539,50451,False,1100,398,/home/intern/gs_floaterLab/results/figure03_convergence_20260921/aria301_305/baseline/checkpoints/iter_00100.ply
baseline,150,11.195126206622717,539,55792,False,1734,563,/home/intern/gs_floaterLab/results/figure03_convergence_20260921/aria301_305/baseline/checkpoints/iter_00150.ply
baseline,200,11.484055765484614,539,72612,False,2384,696,/home/intern/gs_floaterLab/results/figure03_convergence_20260921/aria301_305/baseline/checkpoints/iter_00200.ply
baseline,250,11.833564968852254,539,82704,False,3034,803,/home/intern/gs_floaterLab/results/figure03_convergence_20260921/aria301_305/baseline/checkpoints/iter_00250.ply
baseline,300,12.54452903062824,539,82149,False,3684,893,/home/intern/gs_floaterLab/results/figure03_convergence_20260921/aria301_305/baseline/checkpoints/iter_00300.ply
baseline,350,13.205668063243378,539,98969,False,4334,1018,/home/intern/gs_floaterLab/results/figure03_convergence_20260921/aria301_305/baseline/checkpoints/iter_00350.ply
baseline,400,13.522976137048017,539,115789,False,4984,1128,/home/intern/gs_floaterLab/results/figure03_convergence_20260921/aria301_305/baseline/checkpoints/iter_00400.ply
baseline,450,13.572813394118329,539,102703,False,5634,1214,/home/intern/gs_floaterLab/results/figure03_convergence_20260921/aria301_305/baseline/checkpoints/iter_00450.ply
baseline,500,13.582357408827885,539,122887,False,6284,1264,/home/intern/gs_floaterLab/results/figure03_convergence_20260921/aria301_305/baseline/checkpoints/iter_00500.ply
baseline,550,13.889421529362949,539,136343,False,6934,1315,/home/intern/gs_floaterLab/results/figure03_convergence_20260921/aria301_305/baseline/checkpoints/iter_00550.ply
baseline,600,13.830248263417458,539,119106,False,7584,1411,/home/intern/gs_floaterLab/results/figure03_convergence_20260921/aria301_305/baseline/checkpoints/iter_00600.ply
baseline,650,13.975495533952023,539,129196,False,8234,1470,/home/intern/gs_floaterLab/results/figure03_convergence_20260921/aria301_305/baseline/checkpoints/iter_00650.ply
baseline,700,14.459594396138236,539,146016,False,8884,1524,/home/intern/gs_floaterLab/results/figure03_convergence_20260921/aria301_305/baseline/checkpoints/iter_00700.ply
baseline,750,14.811843035172442,539,145100,False,9534,1599,/home/intern/gs_floaterLab/results/figure03_convergence_20260921/aria301_305/baseline/checkpoints/iter_00750.ply
baseline,800,15.219190890359966,539,158556,False,10184,1675,/home/intern/gs_floaterLab/results/figure03_convergence_20260921/aria301_305/baseline/checkpoints/iter_00800.ply
baseline,850,15.866710172734589,539,168647,False,10834,1768,/home/intern/gs_floaterLab/results/figure03_convergence_20260921/aria301_305/baseline/checkpoints/iter_00850.ply
baseline,900,16.16719403381914,539,158762,False,11484,1899,/home/intern/gs_floaterLab/results/figure03_convergence_20260921/aria301_305/baseline/checkpoints/iter_00900.ply
baseline,950,16.309581075395858,539,172218,False,12134,2016,/home/intern/gs_floaterLab/results/figure03_convergence_20260921/aria301_305/baseline/checkpoints/iter_00950.ply
baseline,1000,16.60685613911758,539,192402,False,12784,2157,/home/intern/gs_floaterLab/results/figure03_convergence_20260921/aria301_305/baseline/checkpoints/iter_01000.ply
baseline,1050,16.717510506483087,539,174341,False,13434,2235,/home/intern/gs_floaterLab/results/figure03_convergence_20260921/aria301_305/baseline/checkpoints/iter_01050.ply
baseline,1100,17.881313414210954,539,184433,False,14067,2311,/home/intern/gs_floaterLab/results/figure03_convergence_20260921/aria301_305/baseline/checkpoints/iter_01100.ply
baseline,1150,18.335403329145045,539,197889,False,14714,2354,/home/intern/gs_floaterLab/results/figure03_convergence_20260921/aria301_305/baseline/checkpoints/iter_01150.ply
baseline,1200,18.06559251986983,539,187009,False,15364,2434,/home/intern/gs_floaterLab/results/figure03_convergence_20260921/aria301_305/baseline/checkpoints/iter_01200.ply
baseline,1250,17.827146986641115,539,197101,False,16014,2487,/home/intern/gs_floaterLab/results/figure03_convergence_20260921/aria301_305/baseline/checkpoints/iter_01250.ply
baseline,1300,17.662112290872493,539,213921,False,16664,2578,/home/intern/gs_floaterLab/results/figure03_convergence_20260921/aria301_305/baseline/checkpoints/iter_01300.ply
baseline,1350,21.850580769257554,539,190591,False,17294,2632,/home/intern/gs_floaterLab/results/figure03_convergence_20260921/aria301_305/baseline/checkpoints/iter_01350.ply
baseline,1376,21.855210957146753,539,197319,True,17620,2658,/home/intern/gs_floaterLab/results/figure03_convergence_20260921/aria301_305/baseline/checkpoints/iter_01376_final.ply
