scene,label,arm,allowance,tracking_call_p95_ms,training_renders_per_final_tracking_kf,training_renders_per_mapper_admission,overflow_drops,training_renders,tracking_kfs,mapper_kf_admissions,allowed_seconds,tracking_seconds,source,source_sha256
aria,Aria1253,vanilla,1,131.32223628927008,36.052173913043475,39.86538461538461,6,4146,115,104,65.09999891300004,65.5566164997872,/home/intern/gs_floaterLab/results/campaigns/gain_attribution/fifo_live/v1/scale1/aria/vanilla/result.json,31e0b0d1adffe6a10f7dde73ca5827fb6fc4df217a014050a6989a7f8fd39854
aria,Aria1253,ours,1,205.27096583973614,28.617391304347827,39.65060240963855,9,3291,115,83,65.09999891300004,69.41958943894133,/home/intern/gs_floaterLab/results/campaigns/gain_attribution/fifo_live/v1/scale1/aria/ours/result.json,32e95c0aa8df767dd0a722048f50297831873b2b13364ea0a5fa5c1018585cb8
rot,Aria rot,vanilla,1,199.078120989725,29.772727272727273,40.0,7,5240,176,131,75.99999987499996,80.33240165095776,/home/intern/gs_floaterLab/results/campaigns/gain_attribution/fifo_live/v1/scale1/rot/vanilla/result.json,eda9c197a8302b0f06d06322334381b682cb31e6e1a9a02150dbe1a2cd92ae37
rot,Aria rot,ours,1,228.91025012359023,25.90909090909091,40.0,25,4560,176,114,75.99999987499996,93.42219292395748,/home/intern/gs_floaterLab/results/campaigns/gain_attribution/fifo_live/v1/scale1/rot/ours/result.json,196faf7951216020ea50c0ff5e6b03d7311c3e7c51ea8f6096d3572bcb9a5627
rpng,table_06,vanilla,1,223.1383304344478,19.482758620689655,39.64912280701754,3,4520,232,114,92.24467062950134,151.89595809811726,/home/intern/gs_floaterLab/results/campaigns/gain_attribution/fifo_live/v1/scale1/rpng/vanilla/result.json,657e1754309dcb7b98ea25dd09d9d690ce3dc091cbe8d75e86e8f31d22c35bc7
rpng,table_06,ours,1,185.98428005352613,22.180094786729857,40.0,4,4680,211,117,92.24467062950134,124.73897861503065,/home/intern/gs_floaterLab/results/campaigns/gain_attribution/fifo_live/v1/scale1/rpng/ours/result.json,ca6f655350d8fb11188f77a2b7594ef023a5c5cc990a07f7b2f237dda56f9357
utmm,square-1,vanilla,1,118.28033747151488,37.61904761904762,40.0,1,3160,84,79,53.80941700935364,54.34218886308372,/home/intern/gs_floaterLab/results/campaigns/gain_attribution/fifo_live/v1/scale1/utmm/vanilla/result.json,d3180705b26485433973d8c91d3c3fc3a697e2cdf56cb0a882ae979c68235811
utmm,square-1,ours,1,129.29080784087998,29.565217391304348,40.0,1,2040,69,51,53.80941700935364,54.335821729153395,/home/intern/gs_floaterLab/results/campaigns/gain_attribution/fifo_live/v1/scale1/utmm/ours/result.json,426748d6f6fdba20032d3335762f9c4c5af3dd6c3bf6cfc85e0de376878fd930
aria,Aria1253,vanilla,1.5,123.81907447706908,36.52173913043478,40.0,3,4200,115,105,97.64999836950005,97.67272765398957,/home/intern/gs_floaterLab/results/campaigns/gain_attribution/fifo_live/v1/scale1p5/aria/vanilla/result.json,c02ae5c64f882deaab89b8562c8c26e3dc31285b28b3ffc180dbb607e3b3c0a8
aria,Aria1253,ours,1.5,181.4038272947072,31.652173913043477,40.0,3,3640,115,91,97.64999836950005,97.67256407812238,/home/intern/gs_floaterLab/results/campaigns/gain_attribution/fifo_live/v1/scale1p5/aria/ours/result.json,578bb2cfa3da0394cf86cad939d00d94186a98281040930a177e22f661894a32
rot,Aria rot,vanilla,1.5,181.690655881539,31.65909090909091,39.8,2,5572,176,140,113.99999981249994,114.02218396705575,/home/intern/gs_floaterLab/results/campaigns/gain_attribution/fifo_live/v1/scale1p5/rot/vanilla/result.json,61ca4b8eab2a45abb687167655c40f8d4c1af7f33e42f2307b8fb0aebedf2b7b
rot,Aria rot,ours,1.5,211.40191005542874,31.136363636363637,40.0,6,5480,176,137,113.99999981249994,116.03360276599415,/home/intern/gs_floaterLab/results/campaigns/gain_attribution/fifo_live/v1/scale1p5/rot/ours/result.json,c9593de04aa087d1768cf097f8914a0fff9ee8d9dced6a14d9702cda8e5e5c71
rpng,table_06,vanilla,1.5,237.9093281924718,28.271551724137932,39.99390243902439,4,6559,232,164,138.367005944252,169.3865443880204,/home/intern/gs_floaterLab/results/campaigns/gain_attribution/fifo_live/v1/scale1p5/rpng/vanilla/result.json,93dd2f1fd80f340c1a69f68381b291f9ad2782de20e52985e0b290a49c2de3ef
rpng,table_06,ours,1.5,190.5387255130335,31.46919431279621,40.0,4,6640,211,166,138.367005944252,142.05981872300617,/home/intern/gs_floaterLab/results/campaigns/gain_attribution/fifo_live/v1/scale1p5/rpng/ours/result.json,9f06dc6eff0eb7e6b6b9f12181cb7fc2012294465cd56be6b559f4798efb2813
utmm,square-1,vanilla,1.5,121.32140861358491,37.61904761904762,40.0,1,3160,84,79,80.71412551403046,80.8669381190557,/home/intern/gs_floaterLab/results/campaigns/gain_attribution/fifo_live/v1/scale1p5/utmm/vanilla/result.json,5e583d5c3cf2b8f8f168bc15b54c6a562aa72d6b28e3a207bff63327ae07b3cb
utmm,square-1,ours,1.5,129.46282965131104,29.565217391304348,40.0,0,2040,69,51,80.71412551403046,80.88742585689761,/home/intern/gs_floaterLab/results/campaigns/gain_attribution/fifo_live/v1/scale1p5/utmm/ours/result.json,600b1c0e467e473b2a3b9e8c1f6241b00b56be87cb2c897e8d4398603c23cd88
