dataset,scene,allowance,arm,bin_index,start_seconds,end_seconds,tracking_call_wall_seconds,tracking_call_wall_fraction,committed_training_renders,frame_observed_mapper_admissions,renders_per_frame_observed_admission,admission_timestamp_rule,no_admission_status,event_source,event_source_sha256,frames_source_sha256
rpng,table_01,1.0,vanilla,0,0.0,5.0,2.230099978391081,0.4460199956782162,0,0,,first frame-end query reporting cumulative admission count,NA,/home/intern/gs_floaterLab/results/campaigns/gain_attribution/cvpr_assets/live_shared_tracking_v1/scale1/rpng/table_01/vanilla/services.json,995fdbcc98c17eba146d1430befeb2f4276e1f7ecfc0c109c12aaeb480974df8,04cc4c84de3d141fd37457e90ba59af9286a7fb1053bab7c9d6cc0015a6fec23
rpng,table_01,1.0,vanilla,1,5.0,10.0,4.237484844634309,0.8474969689268619,0,0,,first frame-end query reporting cumulative admission count,NA,/home/intern/gs_floaterLab/results/campaigns/gain_attribution/cvpr_assets/live_shared_tracking_v1/scale1/rpng/table_01/vanilla/services.json,995fdbcc98c17eba146d1430befeb2f4276e1f7ecfc0c109c12aaeb480974df8,04cc4c84de3d141fd37457e90ba59af9286a7fb1053bab7c9d6cc0015a6fec23
rpng,table_01,1.0,vanilla,2,10.0,15.0,4.999830793123692,0.9999661586247385,769,14,54.92857142857143,first frame-end query reporting cumulative admission count,measured,/home/intern/gs_floaterLab/results/campaigns/gain_attribution/cvpr_assets/live_shared_tracking_v1/scale1/rpng/table_01/vanilla/services.json,995fdbcc98c17eba146d1430befeb2f4276e1f7ecfc0c109c12aaeb480974df8,04cc4c84de3d141fd37457e90ba59af9286a7fb1053bab7c9d6cc0015a6fec23
rpng,table_01,1.0,vanilla,3,15.0,20.0,4.9994681717362255,0.9998936343472451,1028,33,31.151515151515152,first frame-end query reporting cumulative admission count,measured,/home/intern/gs_floaterLab/results/campaigns/gain_attribution/cvpr_assets/live_shared_tracking_v1/scale1/rpng/table_01/vanilla/services.json,995fdbcc98c17eba146d1430befeb2f4276e1f7ecfc0c109c12aaeb480974df8,04cc4c84de3d141fd37457e90ba59af9286a7fb1053bab7c9d6cc0015a6fec23
rpng,table_01,1.0,vanilla,4,20.0,25.0,4.999086100142449,0.9998172200284898,643,14,45.92857142857143,first frame-end query reporting cumulative admission count,measured,/home/intern/gs_floaterLab/results/campaigns/gain_attribution/cvpr_assets/live_shared_tracking_v1/scale1/rpng/table_01/vanilla/services.json,995fdbcc98c17eba146d1430befeb2f4276e1f7ecfc0c109c12aaeb480974df8,04cc4c84de3d141fd37457e90ba59af9286a7fb1053bab7c9d6cc0015a6fec23
rpng,table_01,1.0,vanilla,5,25.0,30.0,4.999075696337968,0.9998151392675936,480,12,40.0,first frame-end query reporting cumulative admission count,measured,/home/intern/gs_floaterLab/results/campaigns/gain_attribution/cvpr_assets/live_shared_tracking_v1/scale1/rpng/table_01/vanilla/services.json,995fdbcc98c17eba146d1430befeb2f4276e1f7ecfc0c109c12aaeb480974df8,04cc4c84de3d141fd37457e90ba59af9286a7fb1053bab7c9d6cc0015a6fec23
rpng,table_01,1.0,vanilla,6,30.0,35.0,4.999461833620444,0.9998923667240888,412,10,41.2,first frame-end query reporting cumulative admission count,measured,/home/intern/gs_floaterLab/results/campaigns/gain_attribution/cvpr_assets/live_shared_tracking_v1/scale1/rpng/table_01/vanilla/services.json,995fdbcc98c17eba146d1430befeb2f4276e1f7ecfc0c109c12aaeb480974df8,04cc4c84de3d141fd37457e90ba59af9286a7fb1053bab7c9d6cc0015a6fec23
rpng,table_01,1.0,vanilla,7,35.0,40.0,4.999374753329903,0.9998749506659805,428,12,35.666666666666664,first frame-end query reporting cumulative admission count,measured,/home/intern/gs_floaterLab/results/campaigns/gain_attribution/cvpr_assets/live_shared_tracking_v1/scale1/rpng/table_01/vanilla/services.json,995fdbcc98c17eba146d1430befeb2f4276e1f7ecfc0c109c12aaeb480974df8,04cc4c84de3d141fd37457e90ba59af9286a7fb1053bab7c9d6cc0015a6fec23
rpng,table_01,1.0,vanilla,8,40.0,45.0,4.999332976760343,0.9998665953520686,360,8,45.0,first frame-end query reporting cumulative admission count,measured,/home/intern/gs_floaterLab/results/campaigns/gain_attribution/cvpr_assets/live_shared_tracking_v1/scale1/rpng/table_01/vanilla/services.json,995fdbcc98c17eba146d1430befeb2f4276e1f7ecfc0c109c12aaeb480974df8,04cc4c84de3d141fd37457e90ba59af9286a7fb1053bab7c9d6cc0015a6fec23
rpng,table_01,1.0,vanilla,9,45.0,50.0,4.999385423725471,0.9998770847450942,360,9,40.0,first frame-end query reporting cumulative admission count,measured,/home/intern/gs_floaterLab/results/campaigns/gain_attribution/cvpr_assets/live_shared_tracking_v1/scale1/rpng/table_01/vanilla/services.json,995fdbcc98c17eba146d1430befeb2f4276e1f7ecfc0c109c12aaeb480974df8,04cc4c84de3d141fd37457e90ba59af9286a7fb1053bab7c9d6cc0015a6fec23
rpng,table_01,1.0,vanilla,10,50.0,55.0,4.999256249051541,0.9998512498103083,253,7,36.142857142857146,first frame-end query reporting cumulative admission count,measured,/home/intern/gs_floaterLab/results/campaigns/gain_attribution/cvpr_assets/live_shared_tracking_v1/scale1/rpng/table_01/vanilla/services.json,995fdbcc98c17eba146d1430befeb2f4276e1f7ecfc0c109c12aaeb480974df8,04cc4c84de3d141fd37457e90ba59af9286a7fb1053bab7c9d6cc0015a6fec23
rpng,table_01,1.0,vanilla,11,55.0,60.0,4.999412592733279,0.9998825185466558,347,8,43.375,first frame-end query reporting cumulative admission count,measured,/home/intern/gs_floaterLab/results/campaigns/gain_attribution/cvpr_assets/live_shared_tracking_v1/scale1/rpng/table_01/vanilla/services.json,995fdbcc98c17eba146d1430befeb2f4276e1f7ecfc0c109c12aaeb480974df8,04cc4c84de3d141fd37457e90ba59af9286a7fb1053bab7c9d6cc0015a6fec23
rpng,table_01,1.0,vanilla,12,60.0,65.0,4.9994524891953915,0.9998904978390784,360,9,40.0,first frame-end query reporting cumulative admission count,measured,/home/intern/gs_floaterLab/results/campaigns/gain_attribution/cvpr_assets/live_shared_tracking_v1/scale1/rpng/table_01/vanilla/services.json,995fdbcc98c17eba146d1430befeb2f4276e1f7ecfc0c109c12aaeb480974df8,04cc4c84de3d141fd37457e90ba59af9286a7fb1053bab7c9d6cc0015a6fec23
rpng,table_01,1.0,vanilla,13,65.0,70.0,4.999334801919758,0.9998669603839516,276,6,46.0,first frame-end query reporting cumulative admission count,measured,/home/intern/gs_floaterLab/results/campaigns/gain_attribution/cvpr_assets/live_shared_tracking_v1/scale1/rpng/table_01/vanilla/services.json,995fdbcc98c17eba146d1430befeb2f4276e1f7ecfc0c109c12aaeb480974df8,04cc4c84de3d141fd37457e90ba59af9286a7fb1053bab7c9d6cc0015a6fec23
rpng,table_01,1.0,vanilla,14,70.0,75.0,4.999399588909,0.9998799177818001,284,8,35.5,first frame-end query reporting cumulative admission count,measured,/home/intern/gs_floaterLab/results/campaigns/gain_attribution/cvpr_assets/live_shared_tracking_v1/scale1/rpng/table_01/vanilla/services.json,995fdbcc98c17eba146d1430befeb2f4276e1f7ecfc0c109c12aaeb480974df8,04cc4c84de3d141fd37457e90ba59af9286a7fb1053bab7c9d6cc0015a6fec23
rpng,table_01,1.0,vanilla,15,75.0,80.0,4.99674201849848,0.999348403699696,373,10,37.3,first frame-end query reporting cumulative admission count,measured,/home/intern/gs_floaterLab/results/campaigns/gain_attribution/cvpr_assets/live_shared_tracking_v1/scale1/rpng/table_01/vanilla/services.json,995fdbcc98c17eba146d1430befeb2f4276e1f7ecfc0c109c12aaeb480974df8,04cc4c84de3d141fd37457e90ba59af9286a7fb1053bab7c9d6cc0015a6fec23
rpng,table_01,1.0,vanilla,16,80.0,83.53692960739136,3.5365522818174213,0.9998933183252651,147,3,49.0,first frame-end query reporting cumulative admission count,measured,/home/intern/gs_floaterLab/results/campaigns/gain_attribution/cvpr_assets/live_shared_tracking_v1/scale1/rpng/table_01/vanilla/services.json,995fdbcc98c17eba146d1430befeb2f4276e1f7ecfc0c109c12aaeb480974df8,04cc4c84de3d141fd37457e90ba59af9286a7fb1053bab7c9d6cc0015a6fec23
rpng,table_01,1.0,ours,0,0.0,5.0,2.3247621098998934,0.46495242197997866,0,0,,first frame-end query reporting cumulative admission count,NA,/home/intern/gs_floaterLab/results/campaigns/gain_attribution/cvpr_assets/live_shared_tracking_v1/scale1/rpng/table_01/ours/runtime.json,1c9dd2a4504c16c96c5867c5f6b790265205970f86ee2b2b3a9a79f9da93d660,c7dfd0fb3e6cf3fb86acee4948892cf8cb16b484c8d81682b766be054c0c62d2
rpng,table_01,1.0,ours,1,5.0,10.0,4.326741333119571,0.8653482666239143,0,0,,first frame-end query reporting cumulative admission count,NA,/home/intern/gs_floaterLab/results/campaigns/gain_attribution/cvpr_assets/live_shared_tracking_v1/scale1/rpng/table_01/ours/runtime.json,1c9dd2a4504c16c96c5867c5f6b790265205970f86ee2b2b3a9a79f9da93d660,c7dfd0fb3e6cf3fb86acee4948892cf8cb16b484c8d81682b766be054c0c62d2
rpng,table_01,1.0,ours,2,10.0,15.0,4.999563114717603,0.9999126229435206,273,14,19.5,first frame-end query reporting cumulative admission count,measured,/home/intern/gs_floaterLab/results/campaigns/gain_attribution/cvpr_assets/live_shared_tracking_v1/scale1/rpng/table_01/ours/runtime.json,1c9dd2a4504c16c96c5867c5f6b790265205970f86ee2b2b3a9a79f9da93d660,c7dfd0fb3e6cf3fb86acee4948892cf8cb16b484c8d81682b766be054c0c62d2
rpng,table_01,1.0,ours,3,15.0,20.0,4.999286169419065,0.999857233883813,601,10,60.1,first frame-end query reporting cumulative admission count,measured,/home/intern/gs_floaterLab/results/campaigns/gain_attribution/cvpr_assets/live_shared_tracking_v1/scale1/rpng/table_01/ours/runtime.json,1c9dd2a4504c16c96c5867c5f6b790265205970f86ee2b2b3a9a79f9da93d660,c7dfd0fb3e6cf3fb86acee4948892cf8cb16b484c8d81682b766be054c0c62d2
rpng,table_01,1.0,ours,4,20.0,25.0,4.999327445169911,0.9998654890339822,562,12,46.833333333333336,first frame-end query reporting cumulative admission count,measured,/home/intern/gs_floaterLab/results/campaigns/gain_attribution/cvpr_assets/live_shared_tracking_v1/scale1/rpng/table_01/ours/runtime.json,1c9dd2a4504c16c96c5867c5f6b790265205970f86ee2b2b3a9a79f9da93d660,c7dfd0fb3e6cf3fb86acee4948892cf8cb16b484c8d81682b766be054c0c62d2
rpng,table_01,1.0,ours,5,25.0,30.0,4.999250672990456,0.9998501345980912,465,12,38.75,first frame-end query reporting cumulative admission count,measured,/home/intern/gs_floaterLab/results/campaigns/gain_attribution/cvpr_assets/live_shared_tracking_v1/scale1/rpng/table_01/ours/runtime.json,1c9dd2a4504c16c96c5867c5f6b790265205970f86ee2b2b3a9a79f9da93d660,c7dfd0fb3e6cf3fb86acee4948892cf8cb16b484c8d81682b766be054c0c62d2
rpng,table_01,1.0,ours,6,30.0,35.0,4.999591325642541,0.9999182651285082,379,9,42.111111111111114,first frame-end query reporting cumulative admission count,measured,/home/intern/gs_floaterLab/results/campaigns/gain_attribution/cvpr_assets/live_shared_tracking_v1/scale1/rpng/table_01/ours/runtime.json,1c9dd2a4504c16c96c5867c5f6b790265205970f86ee2b2b3a9a79f9da93d660,c7dfd0fb3e6cf3fb86acee4948892cf8cb16b484c8d81682b766be054c0c62d2
rpng,table_01,1.0,ours,7,35.0,40.0,4.999533819966018,0.9999067639932037,321,8,40.125,first frame-end query reporting cumulative admission count,measured,/home/intern/gs_floaterLab/results/campaigns/gain_attribution/cvpr_assets/live_shared_tracking_v1/scale1/rpng/table_01/ours/runtime.json,1c9dd2a4504c16c96c5867c5f6b790265205970f86ee2b2b3a9a79f9da93d660,c7dfd0fb3e6cf3fb86acee4948892cf8cb16b484c8d81682b766be054c0c62d2
rpng,table_01,1.0,ours,8,40.0,45.0,4.9993624412454665,0.9998724882490932,353,9,39.22222222222222,first frame-end query reporting cumulative admission count,measured,/home/intern/gs_floaterLab/results/campaigns/gain_attribution/cvpr_assets/live_shared_tracking_v1/scale1/rpng/table_01/ours/runtime.json,1c9dd2a4504c16c96c5867c5f6b790265205970f86ee2b2b3a9a79f9da93d660,c7dfd0fb3e6cf3fb86acee4948892cf8cb16b484c8d81682b766be054c0c62d2
rpng,table_01,1.0,ours,9,45.0,50.0,4.999634715728462,0.9999269431456923,246,6,41.0,first frame-end query reporting cumulative admission count,measured,/home/intern/gs_floaterLab/results/campaigns/gain_attribution/cvpr_assets/live_shared_tracking_v1/scale1/rpng/table_01/ours/runtime.json,1c9dd2a4504c16c96c5867c5f6b790265205970f86ee2b2b3a9a79f9da93d660,c7dfd0fb3e6cf3fb86acee4948892cf8cb16b484c8d81682b766be054c0c62d2
rpng,table_01,1.0,ours,10,50.0,55.0,4.99956538178958,0.999913076357916,292,8,36.5,first frame-end query reporting cumulative admission count,measured,/home/intern/gs_floaterLab/results/campaigns/gain_attribution/cvpr_assets/live_shared_tracking_v1/scale1/rpng/table_01/ours/runtime.json,1c9dd2a4504c16c96c5867c5f6b790265205970f86ee2b2b3a9a79f9da93d660,c7dfd0fb3e6cf3fb86acee4948892cf8cb16b484c8d81682b766be054c0c62d2
rpng,table_01,1.0,ours,11,55.0,60.0,4.99943650723435,0.99988730144687,228,5,45.6,first frame-end query reporting cumulative admission count,measured,/home/intern/gs_floaterLab/results/campaigns/gain_attribution/cvpr_assets/live_shared_tracking_v1/scale1/rpng/table_01/ours/runtime.json,1c9dd2a4504c16c96c5867c5f6b790265205970f86ee2b2b3a9a79f9da93d660,c7dfd0fb3e6cf3fb86acee4948892cf8cb16b484c8d81682b766be054c0c62d2
rpng,table_01,1.0,ours,12,60.0,65.0,4.999497223412618,0.9998994446825236,286,7,40.857142857142854,first frame-end query reporting cumulative admission count,measured,/home/intern/gs_floaterLab/results/campaigns/gain_attribution/cvpr_assets/live_shared_tracking_v1/scale1/rpng/table_01/ours/runtime.json,1c9dd2a4504c16c96c5867c5f6b790265205970f86ee2b2b3a9a79f9da93d660,c7dfd0fb3e6cf3fb86acee4948892cf8cb16b484c8d81682b766be054c0c62d2
rpng,table_01,1.0,ours,13,65.0,70.0,4.999589634593576,0.9999179269187153,290,8,36.25,first frame-end query reporting cumulative admission count,measured,/home/intern/gs_floaterLab/results/campaigns/gain_attribution/cvpr_assets/live_shared_tracking_v1/scale1/rpng/table_01/ours/runtime.json,1c9dd2a4504c16c96c5867c5f6b790265205970f86ee2b2b3a9a79f9da93d660,c7dfd0fb3e6cf3fb86acee4948892cf8cb16b484c8d81682b766be054c0c62d2
rpng,table_01,1.0,ours,14,70.0,75.0,4.999408904463053,0.9998817808926106,257,6,42.833333333333336,first frame-end query reporting cumulative admission count,measured,/home/intern/gs_floaterLab/results/campaigns/gain_attribution/cvpr_assets/live_shared_tracking_v1/scale1/rpng/table_01/ours/runtime.json,1c9dd2a4504c16c96c5867c5f6b790265205970f86ee2b2b3a9a79f9da93d660,c7dfd0fb3e6cf3fb86acee4948892cf8cb16b484c8d81682b766be054c0c62d2
rpng,table_01,1.0,ours,15,75.0,80.0,4.9995843837969005,0.9999168767593801,219,6,36.5,first frame-end query reporting cumulative admission count,measured,/home/intern/gs_floaterLab/results/campaigns/gain_attribution/cvpr_assets/live_shared_tracking_v1/scale1/rpng/table_01/ours/runtime.json,1c9dd2a4504c16c96c5867c5f6b790265205970f86ee2b2b3a9a79f9da93d660,c7dfd0fb3e6cf3fb86acee4948892cf8cb16b484c8d81682b766be054c0c62d2
rpng,table_01,1.0,ours,16,80.0,83.53692960739136,3.5366254097316414,0.9999139938609238,179,4,44.75,first frame-end query reporting cumulative admission count,measured,/home/intern/gs_floaterLab/results/campaigns/gain_attribution/cvpr_assets/live_shared_tracking_v1/scale1/rpng/table_01/ours/runtime.json,1c9dd2a4504c16c96c5867c5f6b790265205970f86ee2b2b3a9a79f9da93d660,c7dfd0fb3e6cf3fb86acee4948892cf8cb16b484c8d81682b766be054c0c62d2
rpng,table_01,1.5,vanilla,0,0.0,5.0,2.258158228127286,0.45163164562545716,0,0,,first frame-end query reporting cumulative admission count,NA,/home/intern/gs_floaterLab/results/campaigns/gain_attribution/cvpr_assets/live_shared_tracking_v1/scale1p5/rpng/table_01/vanilla/services.json,ed2e72a8aa550bba642a6722dbe7801909640aff62117a76328c5f89c50e1802,82f33934201b5f20136846bfc91bdf2b523eaecb151d30a56632788e6e52bc09
rpng,table_01,1.5,vanilla,1,5.0,10.0,2.328361074673012,0.46567221493460237,0,0,,first frame-end query reporting cumulative admission count,NA,/home/intern/gs_floaterLab/results/campaigns/gain_attribution/cvpr_assets/live_shared_tracking_v1/scale1p5/rpng/table_01/vanilla/services.json,ed2e72a8aa550bba642a6722dbe7801909640aff62117a76328c5f89c50e1802,82f33934201b5f20136846bfc91bdf2b523eaecb151d30a56632788e6e52bc09
rpng,table_01,1.5,vanilla,2,10.0,15.0,4.181494246004149,0.8362988492008299,0,0,,first frame-end query reporting cumulative admission count,NA,/home/intern/gs_floaterLab/results/campaigns/gain_attribution/cvpr_assets/live_shared_tracking_v1/scale1p5/rpng/table_01/vanilla/services.json,ed2e72a8aa550bba642a6722dbe7801909640aff62117a76328c5f89c50e1802,82f33934201b5f20136846bfc91bdf2b523eaecb151d30a56632788e6e52bc09
rpng,table_01,1.5,vanilla,3,15.0,20.0,4.999924222473055,0.999984844494611,1077,14,76.92857142857143,first frame-end query reporting cumulative admission count,measured,/home/intern/gs_floaterLab/results/campaigns/gain_attribution/cvpr_assets/live_shared_tracking_v1/scale1p5/rpng/table_01/vanilla/services.json,ed2e72a8aa550bba642a6722dbe7801909640aff62117a76328c5f89c50e1802,82f33934201b5f20136846bfc91bdf2b523eaecb151d30a56632788e6e52bc09
rpng,table_01,1.5,vanilla,4,20.0,25.0,4.999338837806135,0.9998677675612271,881,36,24.47222222222222,first frame-end query reporting cumulative admission count,measured,/home/intern/gs_floaterLab/results/campaigns/gain_attribution/cvpr_assets/live_shared_tracking_v1/scale1p5/rpng/table_01/vanilla/services.json,ed2e72a8aa550bba642a6722dbe7801909640aff62117a76328c5f89c50e1802,82f33934201b5f20136846bfc91bdf2b523eaecb151d30a56632788e6e52bc09
rpng,table_01,1.5,vanilla,5,25.0,30.0,4.998981555225328,0.9997963110450655,602,15,40.13333333333333,first frame-end query reporting cumulative admission count,measured,/home/intern/gs_floaterLab/results/campaigns/gain_attribution/cvpr_assets/live_shared_tracking_v1/scale1p5/rpng/table_01/vanilla/services.json,ed2e72a8aa550bba642a6722dbe7801909640aff62117a76328c5f89c50e1802,82f33934201b5f20136846bfc91bdf2b523eaecb151d30a56632788e6e52bc09
rpng,table_01,1.5,vanilla,6,30.0,35.0,4.999087947187945,0.999817589437589,479,11,43.54545454545455,first frame-end query reporting cumulative admission count,measured,/home/intern/gs_floaterLab/results/campaigns/gain_attribution/cvpr_assets/live_shared_tracking_v1/scale1p5/rpng/table_01/vanilla/services.json,ed2e72a8aa550bba642a6722dbe7801909640aff62117a76328c5f89c50e1802,82f33934201b5f20136846bfc91bdf2b523eaecb151d30a56632788e6e52bc09
rpng,table_01,1.5,vanilla,7,35.0,40.0,4.999390573473647,0.9998781146947294,401,10,40.1,first frame-end query reporting cumulative admission count,measured,/home/intern/gs_floaterLab/results/campaigns/gain_attribution/cvpr_assets/live_shared_tracking_v1/scale1p5/rpng/table_01/vanilla/services.json,ed2e72a8aa550bba642a6722dbe7801909640aff62117a76328c5f89c50e1802,82f33934201b5f20136846bfc91bdf2b523eaecb151d30a56632788e6e52bc09
rpng,table_01,1.5,vanilla,8,40.0,45.0,4.999450527830049,0.9998901055660099,400,10,40.0,first frame-end query reporting cumulative admission count,measured,/home/intern/gs_floaterLab/results/campaigns/gain_attribution/cvpr_assets/live_shared_tracking_v1/scale1p5/rpng/table_01/vanilla/services.json,ed2e72a8aa550bba642a6722dbe7801909640aff62117a76328c5f89c50e1802,82f33934201b5f20136846bfc91bdf2b523eaecb151d30a56632788e6e52bc09
rpng,table_01,1.5,vanilla,9,45.0,50.0,4.999084594426677,0.9998169188853353,360,9,40.0,first frame-end query reporting cumulative admission count,measured,/home/intern/gs_floaterLab/results/campaigns/gain_attribution/cvpr_assets/live_shared_tracking_v1/scale1p5/rpng/table_01/vanilla/services.json,ed2e72a8aa550bba642a6722dbe7801909640aff62117a76328c5f89c50e1802,82f33934201b5f20136846bfc91bdf2b523eaecb151d30a56632788e6e52bc09
rpng,table_01,1.5,vanilla,10,50.0,55.0,4.999463229440153,0.9998926458880305,320,8,40.0,first frame-end query reporting cumulative admission count,measured,/home/intern/gs_floaterLab/results/campaigns/gain_attribution/cvpr_assets/live_shared_tracking_v1/scale1p5/rpng/table_01/vanilla/services.json,ed2e72a8aa550bba642a6722dbe7801909640aff62117a76328c5f89c50e1802,82f33934201b5f20136846bfc91bdf2b523eaecb151d30a56632788e6e52bc09
rpng,table_01,1.5,vanilla,11,55.0,60.0,4.999243800994009,0.9998487601988018,280,7,40.0,first frame-end query reporting cumulative admission count,measured,/home/intern/gs_floaterLab/results/campaigns/gain_attribution/cvpr_assets/live_shared_tracking_v1/scale1p5/rpng/table_01/vanilla/services.json,ed2e72a8aa550bba642a6722dbe7801909640aff62117a76328c5f89c50e1802,82f33934201b5f20136846bfc91bdf2b523eaecb151d30a56632788e6e52bc09
rpng,table_01,1.5,vanilla,12,60.0,65.0,4.999364273389801,0.9998728546779603,360,9,40.0,first frame-end query reporting cumulative admission count,measured,/home/intern/gs_floaterLab/results/campaigns/gain_attribution/cvpr_assets/live_shared_tracking_v1/scale1p5/rpng/table_01/vanilla/services.json,ed2e72a8aa550bba642a6722dbe7801909640aff62117a76328c5f89c50e1802,82f33934201b5f20136846bfc91bdf2b523eaecb151d30a56632788e6e52bc09
rpng,table_01,1.5,vanilla,13,65.0,70.0,4.999189944472164,0.9998379888944328,360,9,40.0,first frame-end query reporting cumulative admission count,measured,/home/intern/gs_floaterLab/results/campaigns/gain_attribution/cvpr_assets/live_shared_tracking_v1/scale1p5/rpng/table_01/vanilla/services.json,ed2e72a8aa550bba642a6722dbe7801909640aff62117a76328c5f89c50e1802,82f33934201b5f20136846bfc91bdf2b523eaecb151d30a56632788e6e52bc09
rpng,table_01,1.5,vanilla,14,70.0,75.0,4.999453917844221,0.9998907835688442,280,7,40.0,first frame-end query reporting cumulative admission count,measured,/home/intern/gs_floaterLab/results/campaigns/gain_attribution/cvpr_assets/live_shared_tracking_v1/scale1p5/rpng/table_01/vanilla/services.json,ed2e72a8aa550bba642a6722dbe7801909640aff62117a76328c5f89c50e1802,82f33934201b5f20136846bfc91bdf2b523eaecb151d30a56632788e6e52bc09
rpng,table_01,1.5,vanilla,15,75.0,80.0,4.999488704605028,0.9998977409210056,293,8,36.625,first frame-end query reporting cumulative admission count,measured,/home/intern/gs_floaterLab/results/campaigns/gain_attribution/cvpr_assets/live_shared_tracking_v1/scale1p5/rpng/table_01/vanilla/services.json,ed2e72a8aa550bba642a6722dbe7801909640aff62117a76328c5f89c50e1802,82f33934201b5f20136846bfc91bdf2b523eaecb151d30a56632788e6e52bc09
rpng,table_01,1.5,vanilla,16,80.0,85.0,4.999330444494262,0.9998660888988524,319,7,45.57142857142857,first frame-end query reporting cumulative admission count,measured,/home/intern/gs_floaterLab/results/campaigns/gain_attribution/cvpr_assets/live_shared_tracking_v1/scale1p5/rpng/table_01/vanilla/services.json,ed2e72a8aa550bba642a6722dbe7801909640aff62117a76328c5f89c50e1802,82f33934201b5f20136846bfc91bdf2b523eaecb151d30a56632788e6e52bc09
rpng,table_01,1.5,vanilla,17,85.0,90.0,4.9993093113880605,0.9998618622776121,188,5,37.6,first frame-end query reporting cumulative admission count,measured,/home/intern/gs_floaterLab/results/campaigns/gain_attribution/cvpr_assets/live_shared_tracking_v1/scale1p5/rpng/table_01/vanilla/services.json,ed2e72a8aa550bba642a6722dbe7801909640aff62117a76328c5f89c50e1802,82f33934201b5f20136846bfc91bdf2b523eaecb151d30a56632788e6e52bc09
rpng,table_01,1.5,vanilla,18,90.0,95.0,4.999175016302615,0.9998350032605231,280,7,40.0,first frame-end query reporting cumulative admission count,measured,/home/intern/gs_floaterLab/results/campaigns/gain_attribution/cvpr_assets/live_shared_tracking_v1/scale1p5/rpng/table_01/vanilla/services.json,ed2e72a8aa550bba642a6722dbe7801909640aff62117a76328c5f89c50e1802,82f33934201b5f20136846bfc91bdf2b523eaecb151d30a56632788e6e52bc09
rpng,table_01,1.5,vanilla,19,95.0,100.0,4.999370576115325,0.999874115223065,306,8,38.25,first frame-end query reporting cumulative admission count,measured,/home/intern/gs_floaterLab/results/campaigns/gain_attribution/cvpr_assets/live_shared_tracking_v1/scale1p5/rpng/table_01/vanilla/services.json,ed2e72a8aa550bba642a6722dbe7801909640aff62117a76328c5f89c50e1802,82f33934201b5f20136846bfc91bdf2b523eaecb151d30a56632788e6e52bc09
rpng,table_01,1.5,vanilla,20,100.0,105.0,4.99948366638273,0.999896733276546,267,7,38.142857142857146,first frame-end query reporting cumulative admission count,measured,/home/intern/gs_floaterLab/results/campaigns/gain_attribution/cvpr_assets/live_shared_tracking_v1/scale1p5/rpng/table_01/vanilla/services.json,ed2e72a8aa550bba642a6722dbe7801909640aff62117a76328c5f89c50e1802,82f33934201b5f20136846bfc91bdf2b523eaecb151d30a56632788e6e52bc09
rpng,table_01,1.5,vanilla,21,105.0,110.0,4.999320137547329,0.9998640275094658,267,6,44.5,first frame-end query reporting cumulative admission count,measured,/home/intern/gs_floaterLab/results/campaigns/gain_attribution/cvpr_assets/live_shared_tracking_v1/scale1p5/rpng/table_01/vanilla/services.json,ed2e72a8aa550bba642a6722dbe7801909640aff62117a76328c5f89c50e1802,82f33934201b5f20136846bfc91bdf2b523eaecb151d30a56632788e6e52bc09
rpng,table_01,1.5,vanilla,22,110.0,115.0,4.999414729885757,0.9998829459771514,400,10,40.0,first frame-end query reporting cumulative admission count,measured,/home/intern/gs_floaterLab/results/campaigns/gain_attribution/cvpr_assets/live_shared_tracking_v1/scale1p5/rpng/table_01/vanilla/services.json,ed2e72a8aa550bba642a6722dbe7801909640aff62117a76328c5f89c50e1802,82f33934201b5f20136846bfc91bdf2b523eaecb151d30a56632788e6e52bc09
rpng,table_01,1.5,vanilla,23,115.0,120.0,4.999286724021658,0.9998573448043316,280,7,40.0,first frame-end query reporting cumulative admission count,measured,/home/intern/gs_floaterLab/results/campaigns/gain_attribution/cvpr_assets/live_shared_tracking_v1/scale1p5/rpng/table_01/vanilla/services.json,ed2e72a8aa550bba642a6722dbe7801909640aff62117a76328c5f89c50e1802,82f33934201b5f20136846bfc91bdf2b523eaecb151d30a56632788e6e52bc09
rpng,table_01,1.5,vanilla,24,120.0,125.0,4.999520835233852,0.9999041670467704,240,6,40.0,first frame-end query reporting cumulative admission count,measured,/home/intern/gs_floaterLab/results/campaigns/gain_attribution/cvpr_assets/live_shared_tracking_v1/scale1p5/rpng/table_01/vanilla/services.json,ed2e72a8aa550bba642a6722dbe7801909640aff62117a76328c5f89c50e1802,82f33934201b5f20136846bfc91bdf2b523eaecb151d30a56632788e6e52bc09
rpng,table_01,1.5,vanilla,25,125.0,125.30539441108704,0.30531256669200957,0.9997320042801856,0,0,,first frame-end query reporting cumulative admission count,NA,/home/intern/gs_floaterLab/results/campaigns/gain_attribution/cvpr_assets/live_shared_tracking_v1/scale1p5/rpng/table_01/vanilla/services.json,ed2e72a8aa550bba642a6722dbe7801909640aff62117a76328c5f89c50e1802,82f33934201b5f20136846bfc91bdf2b523eaecb151d30a56632788e6e52bc09
rpng,table_01,1.5,ours,0,0.0,5.0,2.280951142543927,0.4561902285087854,0,0,,first frame-end query reporting cumulative admission count,NA,/home/intern/gs_floaterLab/results/campaigns/gain_attribution/cvpr_assets/live_shared_tracking_v1/scale1p5/rpng/table_01/ours/runtime.json,8cbbd17215bfc0186a03e480ef0aa824bc15b628a4a9b2d0f3610d45c7ec2d0c,32c5a97eeedb50b533c21348c9da183d5378a914b5a67205c8021a2c06109285
rpng,table_01,1.5,ours,1,5.0,10.0,2.3244998613372445,0.4648999722674489,0,0,,first frame-end query reporting cumulative admission count,NA,/home/intern/gs_floaterLab/results/campaigns/gain_attribution/cvpr_assets/live_shared_tracking_v1/scale1p5/rpng/table_01/ours/runtime.json,8cbbd17215bfc0186a03e480ef0aa824bc15b628a4a9b2d0f3610d45c7ec2d0c,32c5a97eeedb50b533c21348c9da183d5378a914b5a67205c8021a2c06109285
rpng,table_01,1.5,ours,2,10.0,15.0,4.34612167510204,0.8692243350204081,0,0,,first frame-end query reporting cumulative admission count,NA,/home/intern/gs_floaterLab/results/campaigns/gain_attribution/cvpr_assets/live_shared_tracking_v1/scale1p5/rpng/table_01/ours/runtime.json,8cbbd17215bfc0186a03e480ef0aa824bc15b628a4a9b2d0f3610d45c7ec2d0c,32c5a97eeedb50b533c21348c9da183d5378a914b5a67205c8021a2c06109285
rpng,table_01,1.5,ours,3,15.0,20.0,4.999543070560321,0.9999086141120642,432,14,30.857142857142858,first frame-end query reporting cumulative admission count,measured,/home/intern/gs_floaterLab/results/campaigns/gain_attribution/cvpr_assets/live_shared_tracking_v1/scale1p5/rpng/table_01/ours/runtime.json,8cbbd17215bfc0186a03e480ef0aa824bc15b628a4a9b2d0f3610d45c7ec2d0c,32c5a97eeedb50b533c21348c9da183d5378a914b5a67205c8021a2c06109285
rpng,table_01,1.5,ours,4,20.0,25.0,4.9992782233748585,0.9998556446749717,588,13,45.23076923076923,first frame-end query reporting cumulative admission count,measured,/home/intern/gs_floaterLab/results/campaigns/gain_attribution/cvpr_assets/live_shared_tracking_v1/scale1p5/rpng/table_01/ours/runtime.json,8cbbd17215bfc0186a03e480ef0aa824bc15b628a4a9b2d0f3610d45c7ec2d0c,32c5a97eeedb50b533c21348c9da183d5378a914b5a67205c8021a2c06109285
rpng,table_01,1.5,ours,5,25.0,30.0,4.9993045795708895,0.9998609159141779,556,13,42.76923076923077,first frame-end query reporting cumulative admission count,measured,/home/intern/gs_floaterLab/results/campaigns/gain_attribution/cvpr_assets/live_shared_tracking_v1/scale1p5/rpng/table_01/ours/runtime.json,8cbbd17215bfc0186a03e480ef0aa824bc15b628a4a9b2d0f3610d45c7ec2d0c,32c5a97eeedb50b533c21348c9da183d5378a914b5a67205c8021a2c06109285
rpng,table_01,1.5,ours,6,30.0,35.0,4.9992475542239845,0.9998495108447969,436,11,39.63636363636363,first frame-end query reporting cumulative admission count,measured,/home/intern/gs_floaterLab/results/campaigns/gain_attribution/cvpr_assets/live_shared_tracking_v1/scale1p5/rpng/table_01/ours/runtime.json,8cbbd17215bfc0186a03e480ef0aa824bc15b628a4a9b2d0f3610d45c7ec2d0c,32c5a97eeedb50b533c21348c9da183d5378a914b5a67205c8021a2c06109285
rpng,table_01,1.5,ours,7,35.0,40.0,4.9995302855968475,0.9999060571193695,372,9,41.333333333333336,first frame-end query reporting cumulative admission count,measured,/home/intern/gs_floaterLab/results/campaigns/gain_attribution/cvpr_assets/live_shared_tracking_v1/scale1p5/rpng/table_01/ours/runtime.json,8cbbd17215bfc0186a03e480ef0aa824bc15b628a4a9b2d0f3610d45c7ec2d0c,32c5a97eeedb50b533c21348c9da183d5378a914b5a67205c8021a2c06109285
rpng,table_01,1.5,ours,8,40.0,45.0,4.999603313859552,0.9999206627719104,336,8,42.0,first frame-end query reporting cumulative admission count,measured,/home/intern/gs_floaterLab/results/campaigns/gain_attribution/cvpr_assets/live_shared_tracking_v1/scale1p5/rpng/table_01/ours/runtime.json,8cbbd17215bfc0186a03e480ef0aa824bc15b628a4a9b2d0f3610d45c7ec2d0c,32c5a97eeedb50b533c21348c9da183d5378a914b5a67205c8021a2c06109285
rpng,table_01,1.5,ours,9,45.0,50.0,4.999412850243971,0.9998825700487941,291,8,36.375,first frame-end query reporting cumulative admission count,measured,/home/intern/gs_floaterLab/results/campaigns/gain_attribution/cvpr_assets/live_shared_tracking_v1/scale1p5/rpng/table_01/ours/runtime.json,8cbbd17215bfc0186a03e480ef0aa824bc15b628a4a9b2d0f3610d45c7ec2d0c,32c5a97eeedb50b533c21348c9da183d5378a914b5a67205c8021a2c06109285
rpng,table_01,1.5,ours,10,50.0,55.0,4.999516240088269,0.9999032480176538,305,7,43.57142857142857,first frame-end query reporting cumulative admission count,measured,/home/intern/gs_floaterLab/results/campaigns/gain_attribution/cvpr_assets/live_shared_tracking_v1/scale1p5/rpng/table_01/ours/runtime.json,8cbbd17215bfc0186a03e480ef0aa824bc15b628a4a9b2d0f3610d45c7ec2d0c,32c5a97eeedb50b533c21348c9da183d5378a914b5a67205c8021a2c06109285
rpng,table_01,1.5,ours,11,55.0,60.0,4.9995895735919476,0.9999179147183895,244,6,40.666666666666664,first frame-end query reporting cumulative admission count,measured,/home/intern/gs_floaterLab/results/campaigns/gain_attribution/cvpr_assets/live_shared_tracking_v1/scale1p5/rpng/table_01/ours/runtime.json,8cbbd17215bfc0186a03e480ef0aa824bc15b628a4a9b2d0f3610d45c7ec2d0c,32c5a97eeedb50b533c21348c9da183d5378a914b5a67205c8021a2c06109285
rpng,table_01,1.5,ours,12,60.0,65.0,4.999325253302231,0.9998650506604463,265,7,37.857142857142854,first frame-end query reporting cumulative admission count,measured,/home/intern/gs_floaterLab/results/campaigns/gain_attribution/cvpr_assets/live_shared_tracking_v1/scale1p5/rpng/table_01/ours/runtime.json,8cbbd17215bfc0186a03e480ef0aa824bc15b628a4a9b2d0f3610d45c7ec2d0c,32c5a97eeedb50b533c21348c9da183d5378a914b5a67205c8021a2c06109285
rpng,table_01,1.5,ours,13,65.0,70.0,4.999596032546833,0.9999192065093666,279,7,39.857142857142854,first frame-end query reporting cumulative admission count,measured,/home/intern/gs_floaterLab/results/campaigns/gain_attribution/cvpr_assets/live_shared_tracking_v1/scale1p5/rpng/table_01/ours/runtime.json,8cbbd17215bfc0186a03e480ef0aa824bc15b628a4a9b2d0f3610d45c7ec2d0c,32c5a97eeedb50b533c21348c9da183d5378a914b5a67205c8021a2c06109285
rpng,table_01,1.5,ours,14,70.0,75.0,4.999344097916037,0.9998688195832074,296,7,42.285714285714285,first frame-end query reporting cumulative admission count,measured,/home/intern/gs_floaterLab/results/campaigns/gain_attribution/cvpr_assets/live_shared_tracking_v1/scale1p5/rpng/table_01/ours/runtime.json,8cbbd17215bfc0186a03e480ef0aa824bc15b628a4a9b2d0f3610d45c7ec2d0c,32c5a97eeedb50b533c21348c9da183d5378a914b5a67205c8021a2c06109285
rpng,table_01,1.5,ours,15,75.0,80.0,4.999606597237289,0.9999213194474578,239,6,39.833333333333336,first frame-end query reporting cumulative admission count,measured,/home/intern/gs_floaterLab/results/campaigns/gain_attribution/cvpr_assets/live_shared_tracking_v1/scale1p5/rpng/table_01/ours/runtime.json,8cbbd17215bfc0186a03e480ef0aa824bc15b628a4a9b2d0f3610d45c7ec2d0c,32c5a97eeedb50b533c21348c9da183d5378a914b5a67205c8021a2c06109285
rpng,table_01,1.5,ours,16,80.0,85.0,4.999609753955156,0.9999219507910311,241,5,48.2,first frame-end query reporting cumulative admission count,measured,/home/intern/gs_floaterLab/results/campaigns/gain_attribution/cvpr_assets/live_shared_tracking_v1/scale1p5/rpng/table_01/ours/runtime.json,8cbbd17215bfc0186a03e480ef0aa824bc15b628a4a9b2d0f3610d45c7ec2d0c,32c5a97eeedb50b533c21348c9da183d5378a914b5a67205c8021a2c06109285
rpng,table_01,1.5,ours,17,85.0,90.0,4.999133189674467,0.9998266379348933,292,9,32.44444444444444,first frame-end query reporting cumulative admission count,measured,/home/intern/gs_floaterLab/results/campaigns/gain_attribution/cvpr_assets/live_shared_tracking_v1/scale1p5/rpng/table_01/ours/runtime.json,8cbbd17215bfc0186a03e480ef0aa824bc15b628a4a9b2d0f3610d45c7ec2d0c,32c5a97eeedb50b533c21348c9da183d5378a914b5a67205c8021a2c06109285
rpng,table_01,1.5,ours,18,90.0,95.0,4.999605661723763,0.9999211323447526,228,5,45.6,first frame-end query reporting cumulative admission count,measured,/home/intern/gs_floaterLab/results/campaigns/gain_attribution/cvpr_assets/live_shared_tracking_v1/scale1p5/rpng/table_01/ours/runtime.json,8cbbd17215bfc0186a03e480ef0aa824bc15b628a4a9b2d0f3610d45c7ec2d0c,32c5a97eeedb50b533c21348c9da183d5378a914b5a67205c8021a2c06109285
rpng,table_01,1.5,ours,19,95.0,100.0,4.999467384070158,0.9998934768140316,160,4,40.0,first frame-end query reporting cumulative admission count,measured,/home/intern/gs_floaterLab/results/campaigns/gain_attribution/cvpr_assets/live_shared_tracking_v1/scale1p5/rpng/table_01/ours/runtime.json,8cbbd17215bfc0186a03e480ef0aa824bc15b628a4a9b2d0f3610d45c7ec2d0c,32c5a97eeedb50b533c21348c9da183d5378a914b5a67205c8021a2c06109285
rpng,table_01,1.5,ours,20,100.0,105.0,4.999375505140051,0.9998751010280102,212,6,35.333333333333336,first frame-end query reporting cumulative admission count,measured,/home/intern/gs_floaterLab/results/campaigns/gain_attribution/cvpr_assets/live_shared_tracking_v1/scale1p5/rpng/table_01/ours/runtime.json,8cbbd17215bfc0186a03e480ef0aa824bc15b628a4a9b2d0f3610d45c7ec2d0c,32c5a97eeedb50b533c21348c9da183d5378a914b5a67205c8021a2c06109285
rpng,table_01,1.5,ours,21,105.0,110.0,4.999500916339457,0.9999001832678914,268,7,38.285714285714285,first frame-end query reporting cumulative admission count,measured,/home/intern/gs_floaterLab/results/campaigns/gain_attribution/cvpr_assets/live_shared_tracking_v1/scale1p5/rpng/table_01/ours/runtime.json,8cbbd17215bfc0186a03e480ef0aa824bc15b628a4a9b2d0f3610d45c7ec2d0c,32c5a97eeedb50b533c21348c9da183d5378a914b5a67205c8021a2c06109285
rpng,table_01,1.5,ours,22,110.0,115.0,4.999710557749495,0.999942111549899,240,5,48.0,first frame-end query reporting cumulative admission count,measured,/home/intern/gs_floaterLab/results/campaigns/gain_attribution/cvpr_assets/live_shared_tracking_v1/scale1p5/rpng/table_01/ours/runtime.json,8cbbd17215bfc0186a03e480ef0aa824bc15b628a4a9b2d0f3610d45c7ec2d0c,32c5a97eeedb50b533c21348c9da183d5378a914b5a67205c8021a2c06109285
rpng,table_01,1.5,ours,23,115.0,120.0,4.999341513728723,0.9998683027457446,263,7,37.57142857142857,first frame-end query reporting cumulative admission count,measured,/home/intern/gs_floaterLab/results/campaigns/gain_attribution/cvpr_assets/live_shared_tracking_v1/scale1p5/rpng/table_01/ours/runtime.json,8cbbd17215bfc0186a03e480ef0aa824bc15b628a4a9b2d0f3610d45c7ec2d0c,32c5a97eeedb50b533c21348c9da183d5378a914b5a67205c8021a2c06109285
rpng,table_01,1.5,ours,24,120.0,125.0,4.999658037908375,0.9999316075816751,243,6,40.5,first frame-end query reporting cumulative admission count,measured,/home/intern/gs_floaterLab/results/campaigns/gain_attribution/cvpr_assets/live_shared_tracking_v1/scale1p5/rpng/table_01/ours/runtime.json,8cbbd17215bfc0186a03e480ef0aa824bc15b628a4a9b2d0f3610d45c7ec2d0c,32c5a97eeedb50b533c21348c9da183d5378a914b5a67205c8021a2c06109285
rpng,table_01,1.5,ours,25,125.0,125.30539441108704,0.30535964923910797,0.9998861739224224,0,0,,first frame-end query reporting cumulative admission count,NA,/home/intern/gs_floaterLab/results/campaigns/gain_attribution/cvpr_assets/live_shared_tracking_v1/scale1p5/rpng/table_01/ours/runtime.json,8cbbd17215bfc0186a03e480ef0aa824bc15b628a4a9b2d0f3610d45c7ec2d0c,32c5a97eeedb50b533c21348c9da183d5378a914b5a67205c8021a2c06109285
aria,aria1253,1.0,vanilla,0,0.0,5.0,2.523456038441509,0.5046912076883018,0,0,,first frame-end query reporting cumulative admission count,NA,/home/intern/gs_floaterLab/results/campaigns/gain_attribution/cvpr_assets/live_shared_tracking_v1/scale1/aria/aria1253/vanilla/services.json,50e1f784bbdc6fa8b96b458358c76cf445fc5c6a80b5fff0789a33b231779e3d,d62ea2e784313ae21c7ada186b51fa4dfd07ee987d5b6b99efe09ba5e5782e8b
aria,aria1253,1.0,vanilla,1,5.0,10.0,2.286152153275907,0.45723043065518143,0,0,,first frame-end query reporting cumulative admission count,NA,/home/intern/gs_floaterLab/results/campaigns/gain_attribution/cvpr_assets/live_shared_tracking_v1/scale1/aria/aria1253/vanilla/services.json,50e1f784bbdc6fa8b96b458358c76cf445fc5c6a80b5fff0789a33b231779e3d,d62ea2e784313ae21c7ada186b51fa4dfd07ee987d5b6b99efe09ba5e5782e8b
aria,aria1253,1.0,vanilla,2,10.0,15.0,4.566010216949508,0.9132020433899015,1088,28,38.857142857142854,first frame-end query reporting cumulative admission count,measured,/home/intern/gs_floaterLab/results/campaigns/gain_attribution/cvpr_assets/live_shared_tracking_v1/scale1/aria/aria1253/vanilla/services.json,50e1f784bbdc6fa8b96b458358c76cf445fc5c6a80b5fff0789a33b231779e3d,d62ea2e784313ae21c7ada186b51fa4dfd07ee987d5b6b99efe09ba5e5782e8b
aria,aria1253,1.0,vanilla,3,15.0,20.0,2.2499598022550344,0.44999196045100687,538,13,41.38461538461539,first frame-end query reporting cumulative admission count,measured,/home/intern/gs_floaterLab/results/campaigns/gain_attribution/cvpr_assets/live_shared_tracking_v1/scale1/aria/aria1253/vanilla/services.json,50e1f784bbdc6fa8b96b458358c76cf445fc5c6a80b5fff0789a33b231779e3d,d62ea2e784313ae21c7ada186b51fa4dfd07ee987d5b6b99efe09ba5e5782e8b
aria,aria1253,1.0,vanilla,4,20.0,25.0,3.224157868186012,0.6448315736372023,387,10,38.7,first frame-end query reporting cumulative admission count,measured,/home/intern/gs_floaterLab/results/campaigns/gain_attribution/cvpr_assets/live_shared_tracking_v1/scale1/aria/aria1253/vanilla/services.json,50e1f784bbdc6fa8b96b458358c76cf445fc5c6a80b5fff0789a33b231779e3d,d62ea2e784313ae21c7ada186b51fa4dfd07ee987d5b6b99efe09ba5e5782e8b
aria,aria1253,1.0,vanilla,5,25.0,30.0,2.806694697123021,0.5613389394246042,227,5,45.4,first frame-end query reporting cumulative admission count,measured,/home/intern/gs_floaterLab/results/campaigns/gain_attribution/cvpr_assets/live_shared_tracking_v1/scale1/aria/aria1253/vanilla/services.json,50e1f784bbdc6fa8b96b458358c76cf445fc5c6a80b5fff0789a33b231779e3d,d62ea2e784313ae21c7ada186b51fa4dfd07ee987d5b6b99efe09ba5e5782e8b
aria,aria1253,1.0,vanilla,6,30.0,35.0,3.5526647376827896,0.7105329475365579,360,9,40.0,first frame-end query reporting cumulative admission count,measured,/home/intern/gs_floaterLab/results/campaigns/gain_attribution/cvpr_assets/live_shared_tracking_v1/scale1/aria/aria1253/vanilla/services.json,50e1f784bbdc6fa8b96b458358c76cf445fc5c6a80b5fff0789a33b231779e3d,d62ea2e784313ae21c7ada186b51fa4dfd07ee987d5b6b99efe09ba5e5782e8b
aria,aria1253,1.0,vanilla,7,35.0,40.0,2.3031262967269868,0.46062525934539733,160,4,40.0,first frame-end query reporting cumulative admission count,measured,/home/intern/gs_floaterLab/results/campaigns/gain_attribution/cvpr_assets/live_shared_tracking_v1/scale1/aria/aria1253/vanilla/services.json,50e1f784bbdc6fa8b96b458358c76cf445fc5c6a80b5fff0789a33b231779e3d,d62ea2e784313ae21c7ada186b51fa4dfd07ee987d5b6b99efe09ba5e5782e8b
aria,aria1253,1.0,vanilla,8,40.0,45.0,2.4332929705269635,0.4866585941053927,200,5,40.0,first frame-end query reporting cumulative admission count,measured,/home/intern/gs_floaterLab/results/campaigns/gain_attribution/cvpr_assets/live_shared_tracking_v1/scale1/aria/aria1253/vanilla/services.json,50e1f784bbdc6fa8b96b458358c76cf445fc5c6a80b5fff0789a33b231779e3d,d62ea2e784313ae21c7ada186b51fa4dfd07ee987d5b6b99efe09ba5e5782e8b
aria,aria1253,1.0,vanilla,9,45.0,50.0,2.9266629442572594,0.5853325888514519,320,8,40.0,first frame-end query reporting cumulative admission count,measured,/home/intern/gs_floaterLab/results/campaigns/gain_attribution/cvpr_assets/live_shared_tracking_v1/scale1/aria/aria1253/vanilla/services.json,50e1f784bbdc6fa8b96b458358c76cf445fc5c6a80b5fff0789a33b231779e3d,d62ea2e784313ae21c7ada186b51fa4dfd07ee987d5b6b99efe09ba5e5782e8b
aria,aria1253,1.0,vanilla,10,50.0,55.0,3.448198960861191,0.6896397921722383,320,8,40.0,first frame-end query reporting cumulative admission count,measured,/home/intern/gs_floaterLab/results/campaigns/gain_attribution/cvpr_assets/live_shared_tracking_v1/scale1/aria/aria1253/vanilla/services.json,50e1f784bbdc6fa8b96b458358c76cf445fc5c6a80b5fff0789a33b231779e3d,d62ea2e784313ae21c7ada186b51fa4dfd07ee987d5b6b99efe09ba5e5782e8b
aria,aria1253,1.0,vanilla,11,55.0,60.0,4.9993183927144855,0.9998636785428971,226,6,37.666666666666664,first frame-end query reporting cumulative admission count,measured,/home/intern/gs_floaterLab/results/campaigns/gain_attribution/cvpr_assets/live_shared_tracking_v1/scale1/aria/aria1253/vanilla/services.json,50e1f784bbdc6fa8b96b458358c76cf445fc5c6a80b5fff0789a33b231779e3d,d62ea2e784313ae21c7ada186b51fa4dfd07ee987d5b6b99efe09ba5e5782e8b
aria,aria1253,1.0,vanilla,12,60.0,65.0,4.999157970305532,0.9998315940611064,320,8,40.0,first frame-end query reporting cumulative admission count,measured,/home/intern/gs_floaterLab/results/campaigns/gain_attribution/cvpr_assets/live_shared_tracking_v1/scale1/aria/aria1253/vanilla/services.json,50e1f784bbdc6fa8b96b458358c76cf445fc5c6a80b5fff0789a33b231779e3d,d62ea2e784313ae21c7ada186b51fa4dfd07ee987d5b6b99efe09ba5e5782e8b
aria,aria1253,1.0,vanilla,13,65.0,65.09999891300004,0.09999891300003583,1.0,0,0,,first frame-end query reporting cumulative admission count,NA,/home/intern/gs_floaterLab/results/campaigns/gain_attribution/cvpr_assets/live_shared_tracking_v1/scale1/aria/aria1253/vanilla/services.json,50e1f784bbdc6fa8b96b458358c76cf445fc5c6a80b5fff0789a33b231779e3d,d62ea2e784313ae21c7ada186b51fa4dfd07ee987d5b6b99efe09ba5e5782e8b
aria,aria1253,1.0,ours,0,0.0,5.0,2.828184826299548,0.5656369652599096,0,0,,first frame-end query reporting cumulative admission count,NA,/home/intern/gs_floaterLab/results/campaigns/gain_attribution/cvpr_assets/live_shared_tracking_v1/scale1/aria/aria1253/ours/runtime.json,341c0fe29f040d7c52a953c0015cfd27013a10b771bd897258038de2802e01d2,47d4c80df16315e4787c8dc6d67db27c337544bcd94c8dcc113e76b1e666dec3
aria,aria1253,1.0,ours,1,5.0,10.0,2.8826634003780782,0.5765326800756156,0,0,,first frame-end query reporting cumulative admission count,NA,/home/intern/gs_floaterLab/results/campaigns/gain_attribution/cvpr_assets/live_shared_tracking_v1/scale1/aria/aria1253/ours/runtime.json,341c0fe29f040d7c52a953c0015cfd27013a10b771bd897258038de2802e01d2,47d4c80df16315e4787c8dc6d67db27c337544bcd94c8dcc113e76b1e666dec3
aria,aria1253,1.0,ours,2,10.0,15.0,4.626402152935043,0.9252804305870086,424,14,30.285714285714285,first frame-end query reporting cumulative admission count,measured,/home/intern/gs_floaterLab/results/campaigns/gain_attribution/cvpr_assets/live_shared_tracking_v1/scale1/aria/aria1253/ours/runtime.json,341c0fe29f040d7c52a953c0015cfd27013a10b771bd897258038de2802e01d2,47d4c80df16315e4787c8dc6d67db27c337544bcd94c8dcc113e76b1e666dec3
aria,aria1253,1.0,ours,3,15.0,20.0,2.927787304390222,0.5855574608780444,588,12,49.0,first frame-end query reporting cumulative admission count,measured,/home/intern/gs_floaterLab/results/campaigns/gain_attribution/cvpr_assets/live_shared_tracking_v1/scale1/aria/aria1253/ours/runtime.json,341c0fe29f040d7c52a953c0015cfd27013a10b771bd897258038de2802e01d2,47d4c80df16315e4787c8dc6d67db27c337544bcd94c8dcc113e76b1e666dec3
aria,aria1253,1.0,ours,4,20.0,25.0,4.408444573171437,0.8816889146342873,387,9,43.0,first frame-end query reporting cumulative admission count,measured,/home/intern/gs_floaterLab/results/campaigns/gain_attribution/cvpr_assets/live_shared_tracking_v1/scale1/aria/aria1253/ours/runtime.json,341c0fe29f040d7c52a953c0015cfd27013a10b771bd897258038de2802e01d2,47d4c80df16315e4787c8dc6d67db27c337544bcd94c8dcc113e76b1e666dec3
aria,aria1253,1.0,ours,5,25.0,30.0,3.814037724630907,0.7628075449261814,241,6,40.166666666666664,first frame-end query reporting cumulative admission count,measured,/home/intern/gs_floaterLab/results/campaigns/gain_attribution/cvpr_assets/live_shared_tracking_v1/scale1/aria/aria1253/ours/runtime.json,341c0fe29f040d7c52a953c0015cfd27013a10b771bd897258038de2802e01d2,47d4c80df16315e4787c8dc6d67db27c337544bcd94c8dcc113e76b1e666dec3
aria,aria1253,1.0,ours,6,30.0,35.0,4.264992265030742,0.8529984530061483,300,8,37.5,first frame-end query reporting cumulative admission count,measured,/home/intern/gs_floaterLab/results/campaigns/gain_attribution/cvpr_assets/live_shared_tracking_v1/scale1/aria/aria1253/ours/runtime.json,341c0fe29f040d7c52a953c0015cfd27013a10b771bd897258038de2802e01d2,47d4c80df16315e4787c8dc6d67db27c337544bcd94c8dcc113e76b1e666dec3
aria,aria1253,1.0,ours,7,35.0,40.0,3.291432538535446,0.6582865077070892,205,5,41.0,first frame-end query reporting cumulative admission count,measured,/home/intern/gs_floaterLab/results/campaigns/gain_attribution/cvpr_assets/live_shared_tracking_v1/scale1/aria/aria1253/ours/runtime.json,341c0fe29f040d7c52a953c0015cfd27013a10b771bd897258038de2802e01d2,47d4c80df16315e4787c8dc6d67db27c337544bcd94c8dcc113e76b1e666dec3
aria,aria1253,1.0,ours,8,40.0,45.0,3.1032378184609115,0.6206475636921823,215,5,43.0,first frame-end query reporting cumulative admission count,measured,/home/intern/gs_floaterLab/results/campaigns/gain_attribution/cvpr_assets/live_shared_tracking_v1/scale1/aria/aria1253/ours/runtime.json,341c0fe29f040d7c52a953c0015cfd27013a10b771bd897258038de2802e01d2,47d4c80df16315e4787c8dc6d67db27c337544bcd94c8dcc113e76b1e666dec3
aria,aria1253,1.0,ours,9,45.0,50.0,3.930266221985221,0.7860532443970442,320,8,40.0,first frame-end query reporting cumulative admission count,measured,/home/intern/gs_floaterLab/results/campaigns/gain_attribution/cvpr_assets/live_shared_tracking_v1/scale1/aria/aria1253/ours/runtime.json,341c0fe29f040d7c52a953c0015cfd27013a10b771bd897258038de2802e01d2,47d4c80df16315e4787c8dc6d67db27c337544bcd94c8dcc113e76b1e666dec3
aria,aria1253,1.0,ours,10,50.0,55.0,4.385677531827241,0.8771355063654482,328,7,46.857142857142854,first frame-end query reporting cumulative admission count,measured,/home/intern/gs_floaterLab/results/campaigns/gain_attribution/cvpr_assets/live_shared_tracking_v1/scale1/aria/aria1253/ours/runtime.json,341c0fe29f040d7c52a953c0015cfd27013a10b771bd897258038de2802e01d2,47d4c80df16315e4787c8dc6d67db27c337544bcd94c8dcc113e76b1e666dec3
aria,aria1253,1.0,ours,11,55.0,60.0,4.999524062965065,0.999904812593013,192,6,32.0,first frame-end query reporting cumulative admission count,measured,/home/intern/gs_floaterLab/results/campaigns/gain_attribution/cvpr_assets/live_shared_tracking_v1/scale1/aria/aria1253/ours/runtime.json,341c0fe29f040d7c52a953c0015cfd27013a10b771bd897258038de2802e01d2,47d4c80df16315e4787c8dc6d67db27c337544bcd94c8dcc113e76b1e666dec3
aria,aria1253,1.0,ours,12,60.0,65.0,4.9997014061082155,0.9999402812216431,120,3,40.0,first frame-end query reporting cumulative admission count,measured,/home/intern/gs_floaterLab/results/campaigns/gain_attribution/cvpr_assets/live_shared_tracking_v1/scale1/aria/aria1253/ours/runtime.json,341c0fe29f040d7c52a953c0015cfd27013a10b771bd897258038de2802e01d2,47d4c80df16315e4787c8dc6d67db27c337544bcd94c8dcc113e76b1e666dec3
aria,aria1253,1.0,ours,13,65.0,65.09999891300004,0.09997779013838226,0.9997887690873843,0,0,,first frame-end query reporting cumulative admission count,NA,/home/intern/gs_floaterLab/results/campaigns/gain_attribution/cvpr_assets/live_shared_tracking_v1/scale1/aria/aria1253/ours/runtime.json,341c0fe29f040d7c52a953c0015cfd27013a10b771bd897258038de2802e01d2,47d4c80df16315e4787c8dc6d67db27c337544bcd94c8dcc113e76b1e666dec3
aria,aria1253,1.5,vanilla,0,0.0,5.0,1.713476573349908,0.3426953146699816,0,0,,first frame-end query reporting cumulative admission count,NA,/home/intern/gs_floaterLab/results/campaigns/gain_attribution/cvpr_assets/live_shared_tracking_v1/scale1p5/aria/aria1253/vanilla/services.json,9366f3ef59e136c9030a0c90417f64162ff9d1f5e9eb123619212c081eb0476c,f22a73973c821b750366f2a4a4deda90e99b53bf64c18baf2e7457b850443b0a
aria,aria1253,1.5,vanilla,1,5.0,10.0,2.2808782518841326,0.4561756503768265,0,0,,first frame-end query reporting cumulative admission count,NA,/home/intern/gs_floaterLab/results/campaigns/gain_attribution/cvpr_assets/live_shared_tracking_v1/scale1p5/aria/aria1253/vanilla/services.json,9366f3ef59e136c9030a0c90417f64162ff9d1f5e9eb123619212c081eb0476c,f22a73973c821b750366f2a4a4deda90e99b53bf64c18baf2e7457b850443b0a
aria,aria1253,1.5,vanilla,2,10.0,15.0,2.4291777685284615,0.4858355537056923,0,0,,first frame-end query reporting cumulative admission count,NA,/home/intern/gs_floaterLab/results/campaigns/gain_attribution/cvpr_assets/live_shared_tracking_v1/scale1p5/aria/aria1253/vanilla/services.json,9366f3ef59e136c9030a0c90417f64162ff9d1f5e9eb123619212c081eb0476c,f22a73973c821b750366f2a4a4deda90e99b53bf64c18baf2e7457b850443b0a
aria,aria1253,1.5,vanilla,3,15.0,20.0,3.5061173755675554,0.7012234751135111,1253,32,39.15625,first frame-end query reporting cumulative admission count,measured,/home/intern/gs_floaterLab/results/campaigns/gain_attribution/cvpr_assets/live_shared_tracking_v1/scale1p5/aria/aria1253/vanilla/services.json,9366f3ef59e136c9030a0c90417f64162ff9d1f5e9eb123619212c081eb0476c,f22a73973c821b750366f2a4a4deda90e99b53bf64c18baf2e7457b850443b0a
aria,aria1253,1.5,vanilla,4,20.0,25.0,1.8532200856134295,0.3706440171226859,227,5,45.4,first frame-end query reporting cumulative admission count,measured,/home/intern/gs_floaterLab/results/campaigns/gain_attribution/cvpr_assets/live_shared_tracking_v1/scale1p5/aria/aria1253/vanilla/services.json,9366f3ef59e136c9030a0c90417f64162ff9d1f5e9eb123619212c081eb0476c,f22a73973c821b750366f2a4a4deda90e99b53bf64c18baf2e7457b850443b0a
aria,aria1253,1.5,vanilla,5,25.0,30.0,1.7005594363436103,0.34011188726872205,160,4,40.0,first frame-end query reporting cumulative admission count,measured,/home/intern/gs_floaterLab/results/campaigns/gain_attribution/cvpr_assets/live_shared_tracking_v1/scale1p5/aria/aria1253/vanilla/services.json,9366f3ef59e136c9030a0c90417f64162ff9d1f5e9eb123619212c081eb0476c,f22a73973c821b750366f2a4a4deda90e99b53bf64c18baf2e7457b850443b0a
aria,aria1253,1.5,vanilla,6,30.0,35.0,2.350815129466355,0.47016302589327097,280,7,40.0,first frame-end query reporting cumulative admission count,measured,/home/intern/gs_floaterLab/results/campaigns/gain_attribution/cvpr_assets/live_shared_tracking_v1/scale1p5/aria/aria1253/vanilla/services.json,9366f3ef59e136c9030a0c90417f64162ff9d1f5e9eb123619212c081eb0476c,f22a73973c821b750366f2a4a4deda90e99b53bf64c18baf2e7457b850443b0a
aria,aria1253,1.5,vanilla,7,35.0,40.0,2.386350437067449,0.4772700874134898,240,6,40.0,first frame-end query reporting cumulative admission count,measured,/home/intern/gs_floaterLab/results/campaigns/gain_attribution/cvpr_assets/live_shared_tracking_v1/scale1p5/aria/aria1253/vanilla/services.json,9366f3ef59e136c9030a0c90417f64162ff9d1f5e9eb123619212c081eb0476c,f22a73973c821b750366f2a4a4deda90e99b53bf64c18baf2e7457b850443b0a
aria,aria1253,1.5,vanilla,8,40.0,45.0,1.7873921520076692,0.3574784304015338,80,2,40.0,first frame-end query reporting cumulative admission count,measured,/home/intern/gs_floaterLab/results/campaigns/gain_attribution/cvpr_assets/live_shared_tracking_v1/scale1p5/aria/aria1253/vanilla/services.json,9366f3ef59e136c9030a0c90417f64162ff9d1f5e9eb123619212c081eb0476c,f22a73973c821b750366f2a4a4deda90e99b53bf64c18baf2e7457b850443b0a
aria,aria1253,1.5,vanilla,9,45.0,50.0,2.53162041422911,0.506324082845822,240,6,40.0,first frame-end query reporting cumulative admission count,measured,/home/intern/gs_floaterLab/results/campaigns/gain_attribution/cvpr_assets/live_shared_tracking_v1/scale1p5/aria/aria1253/vanilla/services.json,9366f3ef59e136c9030a0c90417f64162ff9d1f5e9eb123619212c081eb0476c,f22a73973c821b750366f2a4a4deda90e99b53bf64c18baf2e7457b850443b0a
aria,aria1253,1.5,vanilla,10,50.0,55.0,2.0638181229587644,0.41276362459175286,160,4,40.0,first frame-end query reporting cumulative admission count,measured,/home/intern/gs_floaterLab/results/campaigns/gain_attribution/cvpr_assets/live_shared_tracking_v1/scale1p5/aria/aria1253/vanilla/services.json,9366f3ef59e136c9030a0c90417f64162ff9d1f5e9eb123619212c081eb0476c,f22a73973c821b750366f2a4a4deda90e99b53bf64c18baf2e7457b850443b0a
aria,aria1253,1.5,vanilla,11,55.0,60.0,1.7752498108893633,0.35504996217787266,120,3,40.0,first frame-end query reporting cumulative admission count,measured,/home/intern/gs_floaterLab/results/campaigns/gain_attribution/cvpr_assets/live_shared_tracking_v1/scale1p5/aria/aria1253/vanilla/services.json,9366f3ef59e136c9030a0c90417f64162ff9d1f5e9eb123619212c081eb0476c,f22a73973c821b750366f2a4a4deda90e99b53bf64c18baf2e7457b850443b0a
aria,aria1253,1.5,vanilla,12,60.0,65.0,1.7574856274295598,0.35149712548591194,160,4,40.0,first frame-end query reporting cumulative admission count,measured,/home/intern/gs_floaterLab/results/campaigns/gain_attribution/cvpr_assets/live_shared_tracking_v1/scale1p5/aria/aria1253/vanilla/services.json,9366f3ef59e136c9030a0c90417f64162ff9d1f5e9eb123619212c081eb0476c,f22a73973c821b750366f2a4a4deda90e99b53bf64c18baf2e7457b850443b0a
aria,aria1253,1.5,vanilla,13,65.0,70.0,1.8981104486156255,0.3796220897231251,146,4,36.5,first frame-end query reporting cumulative admission count,measured,/home/intern/gs_floaterLab/results/campaigns/gain_attribution/cvpr_assets/live_shared_tracking_v1/scale1p5/aria/aria1253/vanilla/services.json,9366f3ef59e136c9030a0c90417f64162ff9d1f5e9eb123619212c081eb0476c,f22a73973c821b750366f2a4a4deda90e99b53bf64c18baf2e7457b850443b0a
aria,aria1253,1.5,vanilla,14,70.0,75.0,2.213302476797253,0.44266049535945057,214,5,42.8,first frame-end query reporting cumulative admission count,measured,/home/intern/gs_floaterLab/results/campaigns/gain_attribution/cvpr_assets/live_shared_tracking_v1/scale1p5/aria/aria1253/vanilla/services.json,9366f3ef59e136c9030a0c90417f64162ff9d1f5e9eb123619212c081eb0476c,f22a73973c821b750366f2a4a4deda90e99b53bf64c18baf2e7457b850443b0a
aria,aria1253,1.5,vanilla,15,75.0,80.0,2.2550881737843156,0.45101763475686313,280,7,40.0,first frame-end query reporting cumulative admission count,measured,/home/intern/gs_floaterLab/results/campaigns/gain_attribution/cvpr_assets/live_shared_tracking_v1/scale1p5/aria/aria1253/vanilla/services.json,9366f3ef59e136c9030a0c90417f64162ff9d1f5e9eb123619212c081eb0476c,f22a73973c821b750366f2a4a4deda90e99b53bf64c18baf2e7457b850443b0a
aria,aria1253,1.5,vanilla,16,80.0,85.0,3.8848590042907745,0.7769718008581549,173,5,34.6,first frame-end query reporting cumulative admission count,measured,/home/intern/gs_floaterLab/results/campaigns/gain_attribution/cvpr_assets/live_shared_tracking_v1/scale1p5/aria/aria1253/vanilla/services.json,9366f3ef59e136c9030a0c90417f64162ff9d1f5e9eb123619212c081eb0476c,f22a73973c821b750366f2a4a4deda90e99b53bf64c18baf2e7457b850443b0a
aria,aria1253,1.5,vanilla,17,85.0,90.0,4.050360461231321,0.8100720922462642,147,3,49.0,first frame-end query reporting cumulative admission count,measured,/home/intern/gs_floaterLab/results/campaigns/gain_attribution/cvpr_assets/live_shared_tracking_v1/scale1p5/aria/aria1253/vanilla/services.json,9366f3ef59e136c9030a0c90417f64162ff9d1f5e9eb123619212c081eb0476c,f22a73973c821b750366f2a4a4deda90e99b53bf64c18baf2e7457b850443b0a
aria,aria1253,1.5,vanilla,18,90.0,95.0,3.3813992962241173,0.6762798592448235,240,6,40.0,first frame-end query reporting cumulative admission count,measured,/home/intern/gs_floaterLab/results/campaigns/gain_attribution/cvpr_assets/live_shared_tracking_v1/scale1p5/aria/aria1253/vanilla/services.json,9366f3ef59e136c9030a0c90417f64162ff9d1f5e9eb123619212c081eb0476c,f22a73973c821b750366f2a4a4deda90e99b53bf64c18baf2e7457b850443b0a
aria,aria1253,1.5,vanilla,19,95.0,97.64999836950005,1.7361473620403558,0.6551503510426294,80,2,40.0,first frame-end query reporting cumulative admission count,measured,/home/intern/gs_floaterLab/results/campaigns/gain_attribution/cvpr_assets/live_shared_tracking_v1/scale1p5/aria/aria1253/vanilla/services.json,9366f3ef59e136c9030a0c90417f64162ff9d1f5e9eb123619212c081eb0476c,f22a73973c821b750366f2a4a4deda90e99b53bf64c18baf2e7457b850443b0a
aria,aria1253,1.5,ours,0,0.0,5.0,1.8403464669827372,0.3680692933965474,0,0,,first frame-end query reporting cumulative admission count,NA,/home/intern/gs_floaterLab/results/campaigns/gain_attribution/cvpr_assets/live_shared_tracking_v1/scale1p5/aria/aria1253/ours/runtime.json,fac369decd573d94c2366ca4042c92a9d38812c1bbc648ab391fcabde9a6ceca,230386c17e5d9085677cb78ba1b5f81709f4f19cd2a6e7f7706c010846f35ee6
aria,aria1253,1.5,ours,1,5.0,10.0,2.5098167597316206,0.5019633519463241,0,0,,first frame-end query reporting cumulative admission count,NA,/home/intern/gs_floaterLab/results/campaigns/gain_attribution/cvpr_assets/live_shared_tracking_v1/scale1p5/aria/aria1253/ours/runtime.json,fac369decd573d94c2366ca4042c92a9d38812c1bbc648ab391fcabde9a6ceca,230386c17e5d9085677cb78ba1b5f81709f4f19cd2a6e7f7706c010846f35ee6
aria,aria1253,1.5,ours,2,10.0,15.0,2.494030769681558,0.4988061539363116,0,0,,first frame-end query reporting cumulative admission count,NA,/home/intern/gs_floaterLab/results/campaigns/gain_attribution/cvpr_assets/live_shared_tracking_v1/scale1p5/aria/aria1253/ours/runtime.json,fac369decd573d94c2366ca4042c92a9d38812c1bbc648ab391fcabde9a6ceca,230386c17e5d9085677cb78ba1b5f81709f4f19cd2a6e7f7706c010846f35ee6
aria,aria1253,1.5,ours,3,15.0,20.0,3.206270956201479,0.6412541912402958,584,17,34.35294117647059,first frame-end query reporting cumulative admission count,measured,/home/intern/gs_floaterLab/results/campaigns/gain_attribution/cvpr_assets/live_shared_tracking_v1/scale1p5/aria/aria1253/ours/runtime.json,fac369decd573d94c2366ca4042c92a9d38812c1bbc648ab391fcabde9a6ceca,230386c17e5d9085677cb78ba1b5f81709f4f19cd2a6e7f7706c010846f35ee6
aria,aria1253,1.5,ours,4,20.0,25.0,2.2765758910682052,0.45531517821364104,336,6,56.0,first frame-end query reporting cumulative admission count,measured,/home/intern/gs_floaterLab/results/campaigns/gain_attribution/cvpr_assets/live_shared_tracking_v1/scale1p5/aria/aria1253/ours/runtime.json,fac369decd573d94c2366ca4042c92a9d38812c1bbc648ab391fcabde9a6ceca,230386c17e5d9085677cb78ba1b5f81709f4f19cd2a6e7f7706c010846f35ee6
aria,aria1253,1.5,ours,5,25.0,30.0,2.1280614025890827,0.4256122805178165,138,4,34.5,first frame-end query reporting cumulative admission count,measured,/home/intern/gs_floaterLab/results/campaigns/gain_attribution/cvpr_assets/live_shared_tracking_v1/scale1p5/aria/aria1253/ours/runtime.json,fac369decd573d94c2366ca4042c92a9d38812c1bbc648ab391fcabde9a6ceca,230386c17e5d9085677cb78ba1b5f81709f4f19cd2a6e7f7706c010846f35ee6
aria,aria1253,1.5,ours,6,30.0,35.0,3.045001587830484,0.6090003175660967,302,7,43.142857142857146,first frame-end query reporting cumulative admission count,measured,/home/intern/gs_floaterLab/results/campaigns/gain_attribution/cvpr_assets/live_shared_tracking_v1/scale1p5/aria/aria1253/ours/runtime.json,fac369decd573d94c2366ca4042c92a9d38812c1bbc648ab391fcabde9a6ceca,230386c17e5d9085677cb78ba1b5f81709f4f19cd2a6e7f7706c010846f35ee6
aria,aria1253,1.5,ours,7,35.0,40.0,3.1261064731515944,0.6252212946303188,224,6,37.333333333333336,first frame-end query reporting cumulative admission count,measured,/home/intern/gs_floaterLab/results/campaigns/gain_attribution/cvpr_assets/live_shared_tracking_v1/scale1p5/aria/aria1253/ours/runtime.json,fac369decd573d94c2366ca4042c92a9d38812c1bbc648ab391fcabde9a6ceca,230386c17e5d9085677cb78ba1b5f81709f4f19cd2a6e7f7706c010846f35ee6
aria,aria1253,1.5,ours,8,40.0,45.0,2.20618596393615,0.44123719278723,96,2,48.0,first frame-end query reporting cumulative admission count,measured,/home/intern/gs_floaterLab/results/campaigns/gain_attribution/cvpr_assets/live_shared_tracking_v1/scale1p5/aria/aria1253/ours/runtime.json,fac369decd573d94c2366ca4042c92a9d38812c1bbc648ab391fcabde9a6ceca,230386c17e5d9085677cb78ba1b5f81709f4f19cd2a6e7f7706c010846f35ee6
aria,aria1253,1.5,ours,9,45.0,50.0,3.1383145013824105,0.6276629002764821,184,5,36.8,first frame-end query reporting cumulative admission count,measured,/home/intern/gs_floaterLab/results/campaigns/gain_attribution/cvpr_assets/live_shared_tracking_v1/scale1p5/aria/aria1253/ours/runtime.json,fac369decd573d94c2366ca4042c92a9d38812c1bbc648ab391fcabde9a6ceca,230386c17e5d9085677cb78ba1b5f81709f4f19cd2a6e7f7706c010846f35ee6
aria,aria1253,1.5,ours,10,50.0,55.0,2.865482531953603,0.5730965063907206,216,5,43.2,first frame-end query reporting cumulative admission count,measured,/home/intern/gs_floaterLab/results/campaigns/gain_attribution/cvpr_assets/live_shared_tracking_v1/scale1p5/aria/aria1253/ours/runtime.json,fac369decd573d94c2366ca4042c92a9d38812c1bbc648ab391fcabde9a6ceca,230386c17e5d9085677cb78ba1b5f81709f4f19cd2a6e7f7706c010846f35ee6
aria,aria1253,1.5,ours,11,55.0,60.0,2.141555139096454,0.42831102781929076,120,3,40.0,first frame-end query reporting cumulative admission count,measured,/home/intern/gs_floaterLab/results/campaigns/gain_attribution/cvpr_assets/live_shared_tracking_v1/scale1p5/aria/aria1253/ours/runtime.json,fac369decd573d94c2366ca4042c92a9d38812c1bbc648ab391fcabde9a6ceca,230386c17e5d9085677cb78ba1b5f81709f4f19cd2a6e7f7706c010846f35ee6
aria,aria1253,1.5,ours,12,60.0,65.0,2.2017171536572278,0.44034343073144555,160,4,40.0,first frame-end query reporting cumulative admission count,measured,/home/intern/gs_floaterLab/results/campaigns/gain_attribution/cvpr_assets/live_shared_tracking_v1/scale1p5/aria/aria1253/ours/runtime.json,fac369decd573d94c2366ca4042c92a9d38812c1bbc648ab391fcabde9a6ceca,230386c17e5d9085677cb78ba1b5f81709f4f19cd2a6e7f7706c010846f35ee6
aria,aria1253,1.5,ours,13,65.0,70.0,2.416355520254001,0.4832711040508002,120,4,30.0,first frame-end query reporting cumulative admission count,measured,/home/intern/gs_floaterLab/results/campaigns/gain_attribution/cvpr_assets/live_shared_tracking_v1/scale1p5/aria/aria1253/ours/runtime.json,fac369decd573d94c2366ca4042c92a9d38812c1bbc648ab391fcabde9a6ceca,230386c17e5d9085677cb78ba1b5f81709f4f19cd2a6e7f7706c010846f35ee6
aria,aria1253,1.5,ours,14,70.0,75.0,2.892143555684015,0.578428711136803,240,5,48.0,first frame-end query reporting cumulative admission count,measured,/home/intern/gs_floaterLab/results/campaigns/gain_attribution/cvpr_assets/live_shared_tracking_v1/scale1p5/aria/aria1253/ours/runtime.json,fac369decd573d94c2366ca4042c92a9d38812c1bbc648ab391fcabde9a6ceca,230386c17e5d9085677cb78ba1b5f81709f4f19cd2a6e7f7706c010846f35ee6
aria,aria1253,1.5,ours,15,75.0,80.0,2.799120893701911,0.5598241787403822,280,7,40.0,first frame-end query reporting cumulative admission count,measured,/home/intern/gs_floaterLab/results/campaigns/gain_attribution/cvpr_assets/live_shared_tracking_v1/scale1p5/aria/aria1253/ours/runtime.json,fac369decd573d94c2366ca4042c92a9d38812c1bbc648ab391fcabde9a6ceca,230386c17e5d9085677cb78ba1b5f81709f4f19cd2a6e7f7706c010846f35ee6
aria,aria1253,1.5,ours,16,80.0,85.0,4.704602883430198,0.9409205766860396,160,4,40.0,first frame-end query reporting cumulative admission count,measured,/home/intern/gs_floaterLab/results/campaigns/gain_attribution/cvpr_assets/live_shared_tracking_v1/scale1p5/aria/aria1253/ours/runtime.json,fac369decd573d94c2366ca4042c92a9d38812c1bbc648ab391fcabde9a6ceca,230386c17e5d9085677cb78ba1b5f81709f4f19cd2a6e7f7706c010846f35ee6
aria,aria1253,1.5,ours,17,85.0,90.0,4.827506821136922,0.9655013642273843,120,3,40.0,first frame-end query reporting cumulative admission count,measured,/home/intern/gs_floaterLab/results/campaigns/gain_attribution/cvpr_assets/live_shared_tracking_v1/scale1p5/aria/aria1253/ours/runtime.json,fac369decd573d94c2366ca4042c92a9d38812c1bbc648ab391fcabde9a6ceca,230386c17e5d9085677cb78ba1b5f81709f4f19cd2a6e7f7706c010846f35ee6
aria,aria1253,1.5,ours,18,90.0,95.0,4.933007339248434,0.9866014678496867,244,7,34.857142857142854,first frame-end query reporting cumulative admission count,measured,/home/intern/gs_floaterLab/results/campaigns/gain_attribution/cvpr_assets/live_shared_tracking_v1/scale1p5/aria/aria1253/ours/runtime.json,fac369decd573d94c2366ca4042c92a9d38812c1bbc648ab391fcabde9a6ceca,230386c17e5d9085677cb78ba1b5f81709f4f19cd2a6e7f7706c010846f35ee6
aria,aria1253,1.5,ours,19,95.0,97.64999836950005,2.0974711207672954,0.7914990231344944,116,2,58.0,first frame-end query reporting cumulative admission count,measured,/home/intern/gs_floaterLab/results/campaigns/gain_attribution/cvpr_assets/live_shared_tracking_v1/scale1p5/aria/aria1253/ours/runtime.json,fac369decd573d94c2366ca4042c92a9d38812c1bbc648ab391fcabde9a6ceca,230386c17e5d9085677cb78ba1b5f81709f4f19cd2a6e7f7706c010846f35ee6
