arm,iteration,mean_psnr,view_count,final,training_renders,input_prefix,map
ours,200,13.523344393270424,502,False,2208,333,/home/intern/gs_floaterLab/results/figure03_scene_search_20260921/rpng/table_01/ours/checkpoints/iter_00200.ply
ours,400,20.98951140437943,502,False,4904,538,/home/intern/gs_floaterLab/results/figure03_scene_search_20260921/rpng/table_01/ours/checkpoints/iter_00400.ply
ours,600,22.444700451961076,502,False,7532,682,/home/intern/gs_floaterLab/results/figure03_scene_search_20260921/rpng/table_01/ours/checkpoints/iter_00600.ply
ours,800,22.526871063794747,502,False,10108,804,/home/intern/gs_floaterLab/results/figure03_scene_search_20260921/rpng/table_01/ours/checkpoints/iter_00800.ply
ours,1000,23.183868233426157,502,False,12661,932,/home/intern/gs_floaterLab/results/figure03_scene_search_20260921/rpng/table_01/ours/checkpoints/iter_01000.ply
ours,1200,24.047567128185257,502,False,15190,1069,/home/intern/gs_floaterLab/results/figure03_scene_search_20260921/rpng/table_01/ours/checkpoints/iter_01200.ply
ours,1400,23.841058761475097,502,False,17719,1211,/home/intern/gs_floaterLab/results/figure03_scene_search_20260921/rpng/table_01/ours/checkpoints/iter_01400.ply
ours,1600,23.817213335835127,502,False,20248,1345,/home/intern/gs_floaterLab/results/figure03_scene_search_20260921/rpng/table_01/ours/checkpoints/iter_01600.ply
ours,1800,25.0452834087539,502,False,22777,1485,/home/intern/gs_floaterLab/results/figure03_scene_search_20260921/rpng/table_01/ours/checkpoints/iter_01800.ply
ours,2000,24.52802693606373,502,False,25306,1628,/home/intern/gs_floaterLab/results/figure03_scene_search_20260921/rpng/table_01/ours/checkpoints/iter_02000.ply
ours,2200,24.6498090907397,502,False,27835,1773,/home/intern/gs_floaterLab/results/figure03_scene_search_20260921/rpng/table_01/ours/checkpoints/iter_02200.ply
ours,2400,24.808369782816367,502,False,30364,1904,/home/intern/gs_floaterLab/results/figure03_scene_search_20260921/rpng/table_01/ours/checkpoints/iter_02400.ply
ours,2600,24.140460422789435,502,False,32893,2035,/home/intern/gs_floaterLab/results/figure03_scene_search_20260921/rpng/table_01/ours/checkpoints/iter_02600.ply
ours,2800,24.23307648123023,502,False,35422,2188,/home/intern/gs_floaterLab/results/figure03_scene_search_20260921/rpng/table_01/ours/checkpoints/iter_02800.ply
ours,3000,24.946592984446493,502,False,37951,2387,/home/intern/gs_floaterLab/results/figure03_scene_search_20260921/rpng/table_01/ours/checkpoints/iter_03000.ply
ours,3030,25.580289829299744,502,True,38302,2387,/home/intern/gs_floaterLab/results/figure03_scene_search_20260921/rpng/table_01/ours/checkpoints/iter_03030_final.ply
baseline,200,13.511268534983296,502,False,2276,340,/home/intern/gs_floaterLab/results/figure03_scene_search_20260921/rpng/table_01/baseline/checkpoints/iter_00200.ply
baseline,400,20.604626007763986,502,False,4876,538,/home/intern/gs_floaterLab/results/figure03_scene_search_20260921/rpng/table_01/baseline/checkpoints/iter_00400.ply
baseline,600,22.315012532876306,502,False,7456,682,/home/intern/gs_floaterLab/results/figure03_scene_search_20260921/rpng/table_01/baseline/checkpoints/iter_00600.ply
baseline,800,21.85183266719499,502,False,10016,804,/home/intern/gs_floaterLab/results/figure03_scene_search_20260921/rpng/table_01/baseline/checkpoints/iter_00800.ply
baseline,1000,22.659328739956557,502,False,12572,932,/home/intern/gs_floaterLab/results/figure03_scene_search_20260921/rpng/table_01/baseline/checkpoints/iter_01000.ply
baseline,1200,23.195591309156075,502,False,15112,1069,/home/intern/gs_floaterLab/results/figure03_scene_search_20260921/rpng/table_01/baseline/checkpoints/iter_01200.ply
baseline,1400,22.77606357331295,502,False,17652,1211,/home/intern/gs_floaterLab/results/figure03_scene_search_20260921/rpng/table_01/baseline/checkpoints/iter_01400.ply
baseline,1600,23.009510500022614,502,False,20192,1345,/home/intern/gs_floaterLab/results/figure03_scene_search_20260921/rpng/table_01/baseline/checkpoints/iter_01600.ply
baseline,1800,24.07918255262641,502,False,22732,1485,/home/intern/gs_floaterLab/results/figure03_scene_search_20260921/rpng/table_01/baseline/checkpoints/iter_01800.ply
baseline,2000,23.401893978574837,502,False,25272,1628,/home/intern/gs_floaterLab/results/figure03_scene_search_20260921/rpng/table_01/baseline/checkpoints/iter_02000.ply
baseline,2200,23.587875071749743,502,False,27812,1773,/home/intern/gs_floaterLab/results/figure03_scene_search_20260921/rpng/table_01/baseline/checkpoints/iter_02200.ply
baseline,2400,23.999537409064303,502,False,30352,1904,/home/intern/gs_floaterLab/results/figure03_scene_search_20260921/rpng/table_01/baseline/checkpoints/iter_02400.ply
baseline,2600,23.754293379080725,502,False,32893,2035,/home/intern/gs_floaterLab/results/figure03_scene_search_20260921/rpng/table_01/baseline/checkpoints/iter_02600.ply
baseline,2800,23.608808095711638,502,False,35433,2188,/home/intern/gs_floaterLab/results/figure03_scene_search_20260921/rpng/table_01/baseline/checkpoints/iter_02800.ply
baseline,3000,23.96454720288159,502,False,37973,2387,/home/intern/gs_floaterLab/results/figure03_scene_search_20260921/rpng/table_01/baseline/checkpoints/iter_03000.ply
baseline,3027,23.920932538005935,502,True,38302,2387,/home/intern/gs_floaterLab/results/figure03_scene_search_20260921/rpng/table_01/baseline/checkpoints/iter_03027_final.ply
