scenario,kappa,algorithm,sampler,admission,beta,seeds,steps_mean,steps_q05,steps_p95,steps_worst,batch_size_mean,batch_size_q05,batch_size_p95,batch_size_worst,initial_views_mean,initial_views_q05,initial_views_p95,initial_views_worst,final_views_mean,final_views_q05,final_views_p95,final_views_worst,target_final_views_mean,target_final_views_q05,target_final_views_p95,target_final_views_worst,mean_count_mean,mean_count_q05,mean_count_p95,mean_count_worst,count_std_mean,count_std_q05,count_std_p95,count_std_worst,count_min_mean,count_min_q05,count_min_p95,count_min_worst,count_max_mean,count_max_q05,count_max_p95,count_max_worst,jain_index_mean,jain_index_q05,jain_index_p95,jain_index_worst,oracle_jain_index_mean,oracle_jain_index_q05,oracle_jain_index_p95,oracle_jain_index_worst,jain_regret_mean,jain_regret_q05,jain_regret_p95,jain_regret_worst,fairness_rmse_updates_mean,fairness_rmse_updates_q05,fairness_rmse_updates_p95,fairness_rmse_updates_worst,fairness_nrmse_mean,fairness_nrmse_q05,fairness_nrmse_p95,fairness_nrmse_worst,cohort_mid_first_ratio_mean,cohort_mid_first_ratio_q05,cohort_mid_first_ratio_p95,cohort_mid_first_ratio_worst,admission_tracking_rmse_mean,admission_tracking_rmse_q05,admission_tracking_rmse_p95,admission_tracking_rmse_worst,admission_tracking_nrmse_mean,admission_tracking_nrmse_q05,admission_tracking_nrmse_p95,admission_tracking_nrmse_worst,admission_max_lag_mean,admission_max_lag_q05,admission_max_lag_p95,admission_max_lag_worst,admission_max_overshoot_mean,admission_max_overshoot_q05,admission_max_overshoot_p95,admission_max_overshoot_worst,admission_rate_ratio_mean,admission_rate_ratio_q05,admission_rate_ratio_p95,admission_rate_ratio_worst,admission_pool_rate_cv_mean,admission_pool_rate_cv_q05,admission_pool_rate_cv_p95,admission_pool_rate_cv_worst,budget_violation_mean,budget_violation_q05,budget_violation_p95,budget_violation_worst,entropy_ratio_mean,entropy_ratio_q05,entropy_ratio_p95,entropy_ratio_worst,shuffle_kl_norm_mean,shuffle_kl_norm_q05,shuffle_kl_norm_p95,shuffle_kl_norm_worst,duplicate_rate_mean,duplicate_rate_q05,duplicate_rate_p95,duplicate_rate_worst,temporal_w1_mean,temporal_w1_q05,temporal_w1_p95,temporal_w1_worst,cohort_entropy_mean,cohort_entropy_q05,cohort_entropy_p95,cohort_entropy_worst,gradient_ratio_iid_mean,gradient_ratio_iid_q05,gradient_ratio_iid_p95,gradient_ratio_iid_worst,gradient_ratio_smooth_order_mean,gradient_ratio_smooth_order_q05,gradient_ratio_smooth_order_p95,gradient_ratio_smooth_order_worst,gradient_ratio_abrupt_regime_mean,gradient_ratio_abrupt_regime_q05,gradient_ratio_abrupt_regime_p95,gradient_ratio_abrupt_regime_worst,gradient_ratio_mean_mean,gradient_ratio_mean_q05,gradient_ratio_mean_p95,gradient_ratio_mean_worst,gradient_ratio_worst_mean,gradient_ratio_worst_q05,gradient_ratio_worst_p95,gradient_ratio_worst_worst,temporal_w1_to_uniform,temporal_w1_to_uniform_p95,cohort_entropy_to_uniform
base_stream,816,active_bonus3,active_bonus,token,,32,12000.0,12000.0,12000.0,12000.0,32.0,32.0,32.0,32.0,32.0,32.0,32.0,32.0,46.0,46.0,46.0,46.0,46.0,46.0,46.0,46.0,260.8695652173913,260.8695652173913,260.8695652173913,260.8695652173913,82.59042454598634,82.16489445569837,83.1978142557482,83.2971654342222,16.4375,14.0,18.0,18.0,365.25,359.55,369.45,371.0,0.9088972059711162,0.9076772689567177,0.9097498807175426,0.9105712772431545,0.922030276861873,0.922030276861873,0.922030276861873,0.922030276861873,0.013133070890756715,0.012280396144330403,0.014353007905155212,0.014553187444399485,25.336031054427806,23.96995763232926,26.344976567280348,26.662952639913325,0.0971214523753066,0.09188483759059549,0.10098907684124134,0.10220798511966774,1.105839866675793,1.0685364516509748,1.1393850043897564,1.145658263305322,0.0,0.0,0.0,0.0,0.0,0.0,0.0,0.0,0.0,-0.0,0.0,-0.0,0.0,0.0,0.0,0.0,1.0,1.0,1.0,1.0,0.12222473716038361,0.12222473716038361,0.12222473716038361,0.12222473716038361,0.0,0.0,0.0,0.0,0.9584681625516062,0.9567911888017859,0.9599773280888896,0.9604284619454361,0.041531837448393887,0.040022671911110384,0.043208811198214056,0.04368951053291974,0.0,0.0,0.0,0.0,0.03722692530470626,0.036146987718820266,0.038206229337070505,0.03839772362094669,0.9851207111674414,0.984500632325675,0.9859812579789542,0.9861236748135687,0.9800816777897252,0.9303541802751629,1.0126537107119509,1.0258850492079126,3.041581963516924,2.8719199617844793,3.214146462003021,3.252867255030606,3.9490091078586413,3.5871334498372165,4.237484683111114,4.284614535842748,2.6568909163884307,2.489733947968982,2.797975087806138,2.8213536992125214,3.9490091078586413,3.5871334498372165,4.237484683111114,4.284614535842748,1.749731952580675,1.7957609905066783,0.9963358396909646
base_stream,816,ercb_beta_0,softmax,token,0.0,32,12000.0,12000.0,12000.0,12000.0,32.0,32.0,32.0,32.0,32.0,32.0,32.0,32.0,46.0,46.0,46.0,46.0,46.0,46.0,46.0,46.0,260.8695652173913,260.8695652173913,260.8695652173913,260.8695652173913,91.37437747032743,90.42762144645135,92.5355779376298,92.67676616481332,12.6875,11.0,15.0,16.0,325.625,322.0,329.45,331.0,0.890716748778997,0.8882365969761551,0.8927305223897927,0.8935317238510423,0.922030276861873,0.922030276861873,0.922030276861873,0.922030276861873,0.03131352808287602,0.029299754472080358,0.033793679885717874,0.03409667298503649,25.951377086343165,23.86716542076698,27.18725815379258,27.620880570290673,0.09948027883098212,0.09149080077960675,0.10421782292287156,0.10588004218611424,1.0000325271063317,0.9771302316131654,1.022512652898623,1.0289621882542237,0.0,0.0,0.0,0.0,0.0,0.0,0.0,0.0,0.0,-0.0,0.0,-0.0,0.0,0.0,0.0,0.0,1.0,1.0,1.0,1.0,0.12222473716038361,0.12222473716038361,0.12222473716038361,0.12222473716038361,0.0,0.0,0.0,0.0,1.0,1.0,1.0,1.0,0.0,0.0,0.0,0.0,0.0,0.0,0.0,0.0,0.02127578755694572,0.02059236940072345,0.021882106715500182,0.021928974006875497,0.9887436263188105,0.9883844502360574,0.9891246366137068,0.9892641823492544,1.002249707228942,0.9616645094765396,1.0518219034502843,1.0665550113628484,0.9970347513085034,0.9332560273024576,1.076156250552231,1.0905447732309206,0.9917603543244999,0.8924711091683685,1.1004668411024339,1.108714180003414,0.9970149376206485,0.9422477892987896,1.0551447048891658,1.0599956688602654,1.0347246281414706,0.986422150263527,1.1004668411024339,1.108714180003414,1.0,1.028498082946712,1.0
base_stream,816,ercb_beta_0p006,softmax,token,0.006,32,12000.0,12000.0,12000.0,12000.0,32.0,32.0,32.0,32.0,32.0,32.0,32.0,32.0,46.0,46.0,46.0,46.0,46.0,46.0,46.0,46.0,260.8695652173913,260.8695652173913,260.8695652173913,260.8695652173913,78.88404667211883,78.56153750151245,79.26453811293098,79.38968520659513,17.84375,17.0,18.0,18.0,314.8125,311.55,319.45,322.0,0.9162211819103421,0.9154799206348269,0.9168483714153556,0.9169587392510149,0.922030276861873,0.922030276861873,0.922030276861873,0.922030276861873,0.005809094951530935,0.00518190544651746,0.006550356227046144,0.006794809657047929,11.815099756675675,10.784281300460629,13.379944684378104,13.45362404707371,0.04529121573392342,0.041339744985099076,0.05128978795678273,0.05157222551378255,1.0024854889618882,0.9873046456645179,1.0248796743101536,1.0430379746835443,0.0,0.0,0.0,0.0,0.0,0.0,0.0,0.0,0.0,-0.0,0.0,-0.0,0.0,0.0,0.0,0.0,1.0,1.0,1.0,1.0,0.12222473716038361,0.12222473716038361,0.12222473716038361,0.12222473716038361,0.0,0.0,0.0,0.0,0.9883811687443261,0.9874710563088709,0.9893474158396627,0.9894684954481945,0.011618831255673884,0.010652584160337335,0.012528943691129127,0.012863923204282684,0.0,0.0,0.0,0.0,0.02511245447506805,0.024408894992748783,0.02573159266392449,0.02606617243344415,0.9881101718620928,0.9875284430630863,0.988826548488781,0.9889230307814539,0.9870897039573642,0.9330925157530403,1.0240265571706848,1.025263872146957,1.2924252991471201,1.2211332726450663,1.3733577419350171,1.380954936573584,1.415881417916351,1.3115396106608146,1.5375453012408071,1.5597892931677226,1.2317988070069452,1.1784801948839405,1.296859743506486,1.3003665991175197,1.415881417916351,1.3115396106608146,1.5375453012408071,1.5597892931677226,1.1803301949623861,1.2094307952198047,0.9993593339670102
base_stream,816,ercb_beta_inf,least_count,token,inf,32,12000.0,12000.0,12000.0,12000.0,32.0,32.0,32.0,32.0,32.0,32.0,32.0,32.0,46.0,46.0,46.0,46.0,46.0,46.0,46.0,46.0,260.8695652173913,260.8695652173913,260.8695652173913,260.8695652173913,75.86017133821369,75.86017133821369,75.86017133821369,75.86017133821369,18.0,18.0,18.0,18.0,298.0,298.0,298.0,298.0,0.922030276861873,0.922030276861873,0.922030276861873,0.922030276861873,0.922030276861873,0.922030276861873,0.922030276861873,0.922030276861873,0.0,0.0,0.0,0.0,0.0,0.0,0.0,0.0,0.0,0.0,0.0,0.0,1.0000793783980193,0.9983193277310924,1.0016835016835017,1.0025252525252526,0.0,0.0,0.0,0.0,0.0,0.0,0.0,0.0,0.0,-0.0,0.0,-0.0,0.0,0.0,0.0,0.0,1.0,1.0,1.0,1.0,0.12222473716038361,0.12222473716038361,0.12222473716038361,0.12222473716038361,0.0,0.0,0.0,0.0,0.6336286484937428,0.6336286484937428,0.6336286484937428,0.6336286484937428,0.3663713515062572,0.3663713515062572,0.3663713515062572,0.3663713515062572,0.0,0.0,0.0,0.0,0.029143270599891143,0.028812233977184038,0.02954840450582632,0.02960731027343797,0.9865948130032722,0.9860783013393482,0.9872298927342894,0.9872449759200439,1.0087224555547898,0.9679528019336706,1.0581812669936372,1.0785652940675825,1.7810803241223656,1.7404006115434378,1.8455508752662393,1.8593775076991663,1.9644259885116586,1.8920669471090839,2.0356718726811827,2.054874287016638,1.5847429227296046,1.5503279528572245,1.614235237427736,1.624027602206036,1.9644259885116586,1.8920669471090839,2.0356718726811827,2.054874287016638,1.3697857492648724,1.3888277661514772,0.9978267234717472
base_stream,816,gate_r2_active_bonus3,active_bonus,gate_r2,,32,12000.0,12000.0,12000.0,12000.0,32.0,32.0,32.0,32.0,32.0,32.0,32.0,32.0,46.0,46.0,46.0,46.0,46.0,46.0,46.0,46.0,260.8695652173913,260.8695652173913,260.8695652173913,260.8695652173913,82.81603663645475,82.28329146333135,83.39481283902519,83.87143595632652,16.25,14.0,18.0,18.0,365.625,361.55,369.45,370.0,0.9084440372862332,0.9072800867769264,0.9095131382033148,0.9097170976931546,0.922030276861873,0.922030276861873,0.922030276861873,0.922030276861873,0.013586239575639664,0.012517138658558169,0.014750190084946645,0.015713406883576475,25.14928501569363,24.124946346950743,26.152080987053264,26.47968868856804,0.0964055925601589,0.09247896099664452,0.10024964378370417,0.10150547330617748,1.095969462194788,1.075138478596478,1.126689706771601,1.1310282074613285,0.0,0.0,0.0,0.0,0.0,0.0,0.0,0.0,0.0,-0.0,0.0,-0.0,0.0,0.0,0.0,0.0,1.0,1.0,1.0,1.0,0.12222473716038361,0.12222473716038361,0.12222473716038361,0.12222473716038361,0.0,0.0,0.0,0.0,0.9587682276367157,0.9560849165989087,0.9610865340306285,0.9612277204760709,0.04123177236328433,0.03891346596937153,0.043915083401091216,0.04422729749862402,0.0,0.0,0.0,0.0,0.03669826233266321,0.0357229480251767,0.037793284326029124,0.03797603036389503,0.9852257925749677,0.9845807777526342,0.9858459113345291,0.9861612667634269,0.9743302028527386,0.9255429577076026,1.0247447716953215,1.0356853251616436,2.9744113766887352,2.8162597023530958,3.087450492766,3.2257830793910567,3.8240568611793275,3.612999578555284,4.047387429514957,4.128775445461109,2.590932813573601,2.47325085446332,2.7160220042350294,2.7491247162013135,3.8240568611793275,3.612999578555284,4.047387429514957,4.128775445461109,1.7248838490438232,1.77635183773449,0.9964421174000989
base_stream,816,gate_r2_uniform,softmax,gate_r2,0.0,32,12000.0,12000.0,12000.0,12000.0,32.0,32.0,32.0,32.0,32.0,32.0,32.0,32.0,46.0,46.0,46.0,46.0,46.0,46.0,46.0,46.0,260.8695652173913,260.8695652173913,260.8695652173913,260.8695652173913,91.3126833634933,90.14135555082916,92.6286781144122,92.69318456622555,12.9375,8.55,16.0,16.0,326.6875,322.0,334.35,338.0,0.8908472333699837,0.8880368531721434,0.8933363452460229,0.8940267835523906,0.922030276861873,0.922030276861873,0.922030276861873,0.922030276861873,0.03118304349188922,0.028693931615850092,0.033993423689729574,0.034131931751472444,25.88226081599101,24.585216020536237,27.397325305193394,27.550743697055978,0.09921533312796552,0.09424332807872224,0.10502308033657469,0.10561118417204791,0.9966847979484276,0.9711991410488245,1.0220412422276361,1.0334148329258355,0.0,0.0,0.0,0.0,0.0,0.0,0.0,0.0,0.0,-0.0,0.0,-0.0,0.0,0.0,0.0,0.0,1.0,1.0,1.0,1.0,0.12222473716038361,0.12222473716038361,0.12222473716038361,0.12222473716038361,0.0,0.0,0.0,0.0,1.0,1.0,1.0,1.0,0.0,0.0,0.0,0.0,0.0,0.0,0.0,0.0,0.02114129719213037,0.02049651503825593,0.021822337187779435,0.02246245184997478,0.9887734978669773,0.9882997079339421,0.9892206341493832,0.9893662733889331,1.0047445863982776,0.966134932439962,1.0345090056937656,1.0455486555755693,0.9872946204997955,0.9143940873833795,1.0639501119684445,1.1475997910758995,0.9816704552716597,0.8420527916150585,1.0953206533226125,1.1016603346796172,0.9912365540565776,0.9332627300657907,1.0519247857319487,1.0857038773830752,1.0287837953089185,0.9715711357032668,1.0981221359291522,1.1475997910758995,0.9936787127406974,1.0256888084340403,1.0000302116214677
long_stream,816,active_bonus3,active_bonus,token,,32,18000.0,18000.0,18000.0,18000.0,32.0,32.0,32.0,32.0,32.0,32.0,32.0,32.0,54.0,54.0,54.0,54.0,54.0,54.0,54.0,54.0,333.3333333333333,333.3333333333333,333.3333333333333,333.3333333333333,121.98057152133575,121.35653012962317,122.6522910888383,123.27626307216258,1.5,1.0,2.0,2.0,474.28125,465.55,483.0,484.0,0.8819006989993244,0.8807528542195573,0.8829658233437703,0.883807584483167,0.8997174887085455,0.8997174887085455,0.8997174887085455,0.8997174887085455,0.017816789709221056,0.01675166536477518,0.018964634488988198,0.02003464369693375,29.304173112907957,28.026244985061005,30.857615009088548,31.139471200819493,0.08791251933872388,0.08407873495518302,0.09257284502726565,0.09341841360245848,1.1639463491782647,1.140008652539714,1.186761004711857,1.195710455764075,0.0,0.0,0.0,0.0,0.0,0.0,0.0,0.0,0.0,-0.0,0.0,-0.0,0.0,0.0,0.0,0.0,1.0,1.0,1.0,1.0,0.0981602797144488,0.0981602797144488,0.0981602797144488,0.0981602797144488,0.0,0.0,0.0,0.0,0.9601896562365804,0.9581847374504243,0.9616114448150973,0.9618778285574653,0.03981034376341958,0.03838855518490269,0.0418152625495757,0.04217041356020311,0.0,0.0,0.0,0.0,0.046823602395021285,0.04574477741345704,0.047897064290060215,0.04792960408667357,0.9788563894898932,0.9780134933043634,0.9798805778564201,0.9800768233829417,0.9677362579850599,0.9296745967898498,1.0056143200115286,1.0215277914344687,2.665431363981651,2.548671135357431,2.8106801759769584,2.829576053376993,4.182659113624527,3.918126723326592,4.443792153205425,4.47372119180681,2.6052755785304127,2.4867789037679904,2.731610080814871,2.751997732188606,4.182659113624527,3.918126723326592,4.443792153205425,4.47372119180681,1.8464610900602403,1.8887924255292614,0.9935194186591858
long_stream,816,ercb_beta_0,softmax,token,0.0,32,18000.0,18000.0,18000.0,18000.0,32.0,32.0,32.0,32.0,32.0,32.0,32.0,32.0,54.0,54.0,54.0,54.0,54.0,54.0,54.0,54.0,333.3333333333333,333.3333333333333,333.3333333333333,333.3333333333333,143.73242078720648,142.39092438175342,144.956568477774,145.3742297199427,1.03125,0.0,2.0,2.0,451.6875,446.0,458.0,462.0,0.8432175563596718,0.8409639112313277,0.8456826836532967,0.8476908618359967,0.8997174887085455,0.8997174887085455,0.8997174887085455,0.8997174887085455,0.056499932348873766,0.054034805055248804,0.0587535774772178,0.05952468126309296,55.12586171960366,53.470442617925194,57.449116057097335,57.66538213084429,0.165377585158811,0.1604113278537756,0.172347348171292,0.17299614639253288,0.9946780185368875,0.9817416743994225,1.0126768757611593,1.0130657956136258,0.0,0.0,0.0,0.0,0.0,0.0,0.0,0.0,0.0,-0.0,0.0,-0.0,0.0,0.0,0.0,0.0,1.0,1.0,1.0,1.0,0.0981602797144488,0.0981602797144488,0.0981602797144488,0.0981602797144488,0.0,0.0,0.0,0.0,1.0,1.0,1.0,1.0,0.0,0.0,0.0,0.0,0.0,0.0,0.0,0.0,0.025358564362433264,0.0247551237178199,0.026031542109474178,0.026097535822408858,0.9852413260436507,0.9848280823064897,0.9857704546974694,0.9858450814254158,0.9999094494188439,0.9666130961718873,1.0202851562937258,1.0580775726681741,1.0044115239932414,0.9486752025824683,1.065028879442182,1.0773798168592383,1.0031354287210963,0.9126853358646115,1.0939916837772308,1.118467517985181,1.0024854673777273,0.9603718716242184,1.0492047661513908,1.062200078667092,1.0340185477252994,0.9935686965872456,1.0939916837772308,1.118467517985181,1.0,1.026538479758652,1.0
long_stream,816,ercb_beta_0p006,softmax,token,0.006,32,18000.0,18000.0,18000.0,18000.0,32.0,32.0,32.0,32.0,32.0,32.0,32.0,32.0,54.0,54.0,54.0,54.0,54.0,54.0,54.0,54.0,333.3333333333333,333.3333333333333,333.3333333333333,333.3333333333333,116.12954523370072,115.75932009761345,116.62324149364763,116.75885246793764,1.8125,1.0,2.0,2.0,418.6875,415.0,424.0,425.0,0.8917622950788052,0.8909409526339572,0.8923775037867386,0.8928507653516761,0.8997174887085455,0.8997174887085455,0.8997174887085455,0.8997174887085455,0.007955193629740266,0.007339984921806824,0.008776536074588254,0.009002568253841492,19.84486997916578,18.82306665663847,21.220747215399125,21.426013956731992,0.05953460993749734,0.056469199969915417,0.06366224164619738,0.06427804187019598,1.000210804853804,0.9868232643807074,1.0199103744830882,1.0249128051818635,0.0,0.0,0.0,0.0,0.0,0.0,0.0,0.0,0.0,-0.0,0.0,-0.0,0.0,0.0,0.0,0.0,1.0,1.0,1.0,1.0,0.0981602797144488,0.0981602797144488,0.0981602797144488,0.0981602797144488,0.0,0.0,0.0,0.0,0.9759004189658582,0.974336993765819,0.977188242600341,0.9779583536906212,0.024099581034141726,0.022811757399659006,0.025663006234181027,0.026022024521392087,0.0,0.0,0.0,0.0,0.03769894249967318,0.03710838513497933,0.038394175796940516,0.038475619820568796,0.9813352044708868,0.9806292347661786,0.9820261704451646,0.9827257885760686,1.0068734366721865,0.9707671847760218,1.0405524193131503,1.0588121456624995,1.7158067952254514,1.6494969319064854,1.7873427010745664,1.8051521403968553,2.6284054001540498,2.4896721392259726,2.8106078585002634,2.863984897190066,1.783695210683896,1.725636145400817,1.866857828630047,1.8908024733870779,2.6284054001540498,2.4896721392259726,2.8106078585002634,2.863984897190066,1.486635519300975,1.5140516335308987,0.9960353656819804
long_stream,816,ercb_beta_inf,least_count,token,inf,32,18000.0,18000.0,18000.0,18000.0,32.0,32.0,32.0,32.0,32.0,32.0,32.0,32.0,54.0,54.0,54.0,54.0,54.0,54.0,54.0,54.0,333.3333333333333,333.3333333333333,333.3333333333333,333.3333333333333,111.28541883123972,111.28541883123972,111.28541883123972,111.28541883123972,2.0,2.0,2.0,2.0,393.0,393.0,393.0,393.0,0.8997174887085455,0.8997174887085455,0.8997174887085455,0.8997174887085455,0.8997174887085455,0.8997174887085455,0.8997174887085455,0.8997174887085455,0.0,0.0,0.0,0.0,0.0,0.0,0.0,0.0,0.0,0.0,0.0,0.0,1.0001596495802363,0.99875226050571,1.0010201219702566,1.001529831718511,0.0,0.0,0.0,0.0,0.0,0.0,0.0,0.0,0.0,-0.0,0.0,-0.0,0.0,0.0,0.0,0.0,1.0,1.0,1.0,1.0,0.0981602797144488,0.0981602797144488,0.0981602797144488,0.0981602797144488,0.0,0.0,0.0,0.0,0.5586150198537924,0.5586150198537924,0.5586150198537924,0.5586150198537924,0.44138498014620764,0.44138498014620764,0.44138498014620764,0.44138498014620764,0.0,0.0,0.0,0.0,0.046259155046153355,0.046000323967476615,0.0466096981123513,0.04671185278199851,0.9767386996976757,0.9759962785844105,0.9774597544982413,0.977784648150771,0.9954469494807999,0.9681130792681172,1.0236505880174158,1.0317927147646442,2.4099497563701613,2.3342520035585084,2.47097695561735,2.486705187266543,4.312698772649285,4.241718127638756,4.373171508815583,4.3888084082849925,2.572698492833416,2.5438778312303203,2.6055999629416875,2.6078944591813458,4.312698772649285,4.241718127638756,4.373171508815583,4.3888084082849925,1.8242024424175483,1.838025901079792,0.9913700063921209
long_stream,816,gate_r2_active_bonus3,active_bonus,gate_r2,,32,18000.0,18000.0,18000.0,18000.0,32.0,32.0,32.0,32.0,32.0,32.0,32.0,32.0,54.0,54.0,54.0,54.0,54.0,54.0,54.0,54.0,333.3333333333333,333.3333333333333,333.3333333333333,333.3333333333333,121.9422096940722,121.18715909754849,122.63630199888728,122.76928075172671,1.375,0.0,2.0,2.0,473.34375,466.0,485.45,489.0,0.8819663520937271,0.8807802507702801,0.8832541599785079,0.8835923093303519,0.8997174887085455,0.8997174887085455,0.8997174887085455,0.8997174887085455,0.017751136614818374,0.016463328730037585,0.01893723793826537,0.01916501834794171,29.247934177527128,27.416637416284537,30.76432997885269,31.249888888691356,0.0877438025325814,0.08224991224885361,0.09229298993655807,0.09374966666607407,1.1654751863738273,1.143810995594129,1.1926811666937793,1.2008639308855293,0.0,0.0,0.0,0.0,0.0,0.0,0.0,0.0,0.0,-0.0,0.0,-0.0,0.0,0.0,0.0,0.0,1.0,1.0,1.0,1.0,0.0981602797144488,0.0981602797144488,0.0981602797144488,0.0981602797144488,0.0,0.0,0.0,0.0,0.9602368430487194,0.9592198270017526,0.9613142160030448,0.9616080081815553,0.03976315695128062,0.03868578399695526,0.04078017299824744,0.040928954236242904,0.0,0.0,0.0,0.0,0.04691884545897867,0.04589531279293982,0.04788291113748868,0.04832523227765019,0.9789630735451074,0.9782895327039248,0.9797236386911214,0.9798549392075521,0.9655434017509279,0.9288017493548292,0.9951894142627694,1.004140290560381,2.672923733626302,2.549787771565525,2.754426395245884,2.8286895637644953,4.219252240736308,3.957806662358527,4.385565873514488,4.428958171614515,2.6192397920378463,2.4901378943135732,2.700540748917694,2.7409664594913608,4.219252240736308,3.957806662358527,4.385565873514488,4.428958171614515,1.8502169440035525,1.8882343043214023,0.9936277008154395
long_stream,816,gate_r2_uniform,softmax,gate_r2,0.0,32,18000.0,18000.0,18000.0,18000.0,32.0,32.0,32.0,32.0,32.0,32.0,32.0,32.0,54.0,54.0,54.0,54.0,54.0,54.0,54.0,54.0,333.3333333333333,333.3333333333333,333.3333333333333,333.3333333333333,143.75638899028087,142.33738609646264,145.21441676772557,145.58566270476356,1.0,0.0,2.0,2.0,453.46875,448.0,461.8,465.0,0.8431735181572206,0.8404879345164321,0.8457808427086774,0.8461317816404633,0.8997174887085455,0.8997174887085455,0.8997174887085455,0.8997174887085455,0.056543970551324776,0.05393664599986812,0.059229554192113426,0.0599153460933457,55.53521200441667,53.51508589439273,57.13316064203735,58.87746220376313,0.16660563601325,0.1605452576831782,0.17139948192611207,0.1766323866112894,0.9999236995637744,0.9865452269201043,1.0205217803490692,1.0267731329262564,0.0,0.0,0.0,0.0,0.0,0.0,0.0,0.0,0.0,-0.0,0.0,-0.0,0.0,0.0,0.0,0.0,1.0,1.0,1.0,1.0,0.0981602797144488,0.0981602797144488,0.0981602797144488,0.0981602797144488,0.0,0.0,0.0,0.0,1.0,1.0,1.0,1.0,0.0,0.0,0.0,0.0,0.0,0.0,0.0,0.0,0.02527709803403676,0.024635049178212853,0.025912485173318157,0.026146570718249985,0.9851765114164462,0.9845470463063337,0.9858794062538199,0.9860931929611793,0.9944115146494035,0.9397774872861114,1.035967599948527,1.0442400246573844,0.992438573226701,0.922919809679359,1.0553686382070033,1.0821930376646194,0.9971507779769291,0.9202637012711719,1.083763919279184,1.0952281457977042,0.9946669552843445,0.942341437143085,1.0368473455397627,1.0524888624560713,1.0272481584429078,0.9728346600218755,1.0869505032563826,1.0952281457977042,0.9967874234821752,1.0218435398379841,0.9999342144655414
short_stream,816,active_bonus3,active_bonus,token,,32,6000.0,6000.0,6000.0,6000.0,32.0,32.0,32.0,32.0,32.0,32.0,32.0,32.0,39.0,39.0,39.0,39.0,39.0,39.0,39.0,39.0,153.84615384615384,153.84615384615384,153.84615384615384,153.84615384615384,40.58731635474604,40.2568830228513,40.850470347768265,40.986263153139284,8.40625,7.0,9.0,9.0,187.625,187.0,188.0,188.0,0.9349283660356387,0.9341384300661401,0.9359167014913224,0.9361094386822575,0.9410586721850347,0.9410586721850347,0.9410586721850347,0.9410586721850347,0.006130306149396039,0.0051419706937121945,0.006920242118894637,0.007329769789584328,10.946258999523893,10.496728501648759,11.429318885607524,11.531450861637445,0.07115068349690531,0.06822873526071693,0.0742905727564489,0.0749544306006434,1.0525332603901472,1.0195807770961145,1.0867211004201112,1.1079913606911447,0.0,0.0,0.0,0.0,0.0,0.0,0.0,0.0,0.0,-0.0,0.0,-0.0,0.0,0.0,0.0,0.0,1.0,1.0,1.0,1.0,0.459279326771846,0.459279326771846,0.459279326771846,0.459279326771846,0.0,0.0,0.0,0.0,0.957115888613917,0.9543471194432749,0.9598786883568147,0.960853461652511,0.04288411138608296,0.040121311643185276,0.045652880556725096,0.04607542522652759,0.0,0.0,0.0,0.0,0.022602719431824056,0.021657147902200115,0.02327473021786123,0.02361611403037891,0.99171614949819,0.9910129130317706,0.9922694100577785,0.992443129172426,0.9380409181772565,0.8665942858458929,1.0439362342626026,1.0528046283091728,1.8079607746119988,1.6159278894580413,2.021789615398985,2.2317726880503925,2.991917072471465,2.619889420187558,3.593777183947182,3.9069041012359613,1.91263958842024,1.7346164949969674,2.184687683934943,2.308212027297317,2.991917072471465,2.619889420187558,3.593777183947182,3.9069041012359613,1.4761705545759933,1.5200591909720558,0.9992404580767308
short_stream,816,ercb_beta_0,softmax,token,0.0,32,6000.0,6000.0,6000.0,6000.0,32.0,32.0,32.0,32.0,32.0,32.0,32.0,32.0,39.0,39.0,39.0,39.0,39.0,39.0,39.0,39.0,153.84615384615384,153.84615384615384,153.84615384615384,153.84615384615384,42.1575384518931,41.64749534325447,42.723561874795955,42.95766458672494,7.125,5.55,9.0,9.0,178.78125,176.55,181.0,186.0,0.9301515240769539,0.9284024438146269,0.9317202982507932,0.9332191487859286,0.9410586721850347,0.9410586721850347,0.9410586721850347,0.9410586721850347,0.010907148108080873,0.009338373934241478,0.012656228370407823,0.013386058982305271,6.700535514927184,5.776978733124238,7.57723749323118,7.759196363356724,0.04355348084702669,0.03755036176530755,0.04925204370600267,0.05043477636181871,0.9989727937387397,0.9768222554144884,1.0263067961165049,1.031496062992126,0.0,0.0,0.0,0.0,0.0,0.0,0.0,0.0,0.0,-0.0,0.0,-0.0,0.0,0.0,0.0,0.0,1.0,1.0,1.0,1.0,0.459279326771846,0.459279326771846,0.459279326771846,0.459279326771846,0.0,0.0,0.0,0.0,1.0,1.0,1.0,1.0,0.0,0.0,0.0,0.0,0.0,0.0,0.0,0.0,0.015311726251250372,0.014538196580289701,0.016000326240044164,0.01626284052084343,0.9924699720495475,0.9920386864723179,0.9928409974173158,0.9932244534734999,1.002485484698457,0.9175182382592966,1.0790868042300734,1.1046875060254782,1.008721954833859,0.8749165506906958,1.123479939335278,1.2082257220344599,0.9902810996586694,0.8502582580513103,1.1539905344549515,1.173576861002554,1.0004961797303284,0.9062129615999281,1.0877418642359562,1.1074906210120294,1.0692244060144038,0.979975197746199,1.1668297978797912,1.2082257220344599,1.0,1.0449720676489733,1.0
short_stream,816,ercb_beta_0p006,softmax,token,0.006,32,6000.0,6000.0,6000.0,6000.0,32.0,32.0,32.0,32.0,32.0,32.0,32.0,32.0,39.0,39.0,39.0,39.0,39.0,39.0,39.0,39.0,153.84615384615384,153.84615384615384,153.84615384615384,153.84615384615384,39.80041386850933,39.491306135808216,40.18781524932989,40.294135516250655,8.4375,8.0,9.0,9.0,176.8125,175.0,179.0,181.0,0.9372697179913352,0.936122448907127,0.938181745260352,0.9387732111676461,0.9410586721850347,0.9410586721850347,0.9410586721850347,0.9410586721850347,0.003788954193699512,0.0028769269246826878,0.004936223277907692,0.0052529192567815075,4.444284745402596,3.8770478167810425,5.16124553092721,5.228129047119374,0.02888785084511688,0.02520081080907678,0.03354809595102686,0.033982838806275936,0.9910954160375455,0.9656545671588999,1.0199164295663148,1.031496062992126,0.0,0.0,0.0,0.0,0.0,0.0,0.0,0.0,0.0,-0.0,0.0,-0.0,0.0,0.0,0.0,0.0,1.0,1.0,1.0,1.0,0.459279326771846,0.459279326771846,0.459279326771846,0.459279326771846,0.0,0.0,0.0,0.0,0.997480075601742,0.9969186492543275,0.9982773661304861,0.9983748386933393,0.0025199243982579897,0.0017226338695139432,0.0030813507456724895,0.0032071702974464265,0.0,0.0,0.0,0.0,0.01519839318578014,0.014317415663993301,0.01604840215509124,0.016469846533082828,0.9929550808181381,0.992334503484686,0.9935892860569373,0.9938952320909078,0.9807616040749157,0.8990020585726102,1.052618358105542,1.1092126900139554,1.0131924991774597,0.9005080090423343,1.210027757185904,1.287948916561953,1.0045834508543434,0.8038205269326164,1.2864840111810685,1.5617199638500665,0.9995125180355731,0.8980618140894387,1.1254774579332174,1.2558256227734057,1.0753549002057565,0.9449968242168411,1.2977157556713137,1.5617199638500665,0.9925982829361923,1.0481118779001621,1.0004887893661798
short_stream,816,ercb_beta_inf,least_count,token,inf,32,6000.0,6000.0,6000.0,6000.0,32.0,32.0,32.0,32.0,32.0,32.0,32.0,32.0,39.0,39.0,39.0,39.0,39.0,39.0,39.0,39.0,153.84615384615384,153.84615384615384,153.84615384615384,153.84615384615384,38.50243979051828,38.50243979051828,38.50243979051828,38.50243979051828,9.0,9.0,9.0,9.0,169.0,169.0,169.0,169.0,0.9410586721850347,0.9410586721850347,0.9410586721850347,0.9410586721850347,0.9410586721850347,0.9410586721850347,0.9410586721850347,0.9410586721850347,0.0,0.0,0.0,0.0,0.0,0.0,0.0,0.0,0.0,0.0,0.0,0.0,0.9993234586922757,0.9960552268244577,1.00197804563065,1.005952380952381,0.0,0.0,0.0,0.0,0.0,0.0,0.0,0.0,0.0,-0.0,0.0,-0.0,0.0,0.0,0.0,0.0,1.0,1.0,1.0,1.0,0.459279326771846,0.459279326771846,0.459279326771846,0.459279326771846,0.0,0.0,0.0,0.0,0.7385307594287365,0.7385307594287365,0.7385307594287365,0.7385307594287365,0.26146924057126353,0.26146924057126353,0.26146924057126353,0.26146924057126353,0.0,0.0,0.0,0.0,0.01605865816684523,0.015296720929682,0.016810713126872965,0.017178449661799666,0.9928199146847126,0.992320820461638,0.9931661050290366,0.9932596672090914,1.0107206475896164,0.9615920760336159,1.0998214528332828,1.131207186790685,1.2768894553192203,1.1473777702489505,1.4174359079635293,1.4713578009950399,1.2308985087109048,0.9381971142099278,1.5363860032007677,2.098403333590812,1.1728362038732472,1.0546674021084712,1.305635410946371,1.5123347609238695,1.3257305686845002,1.190737548478215,1.5363860032007677,2.098403333590812,1.0487816921056736,1.0978979672850528,1.0003525977057448
short_stream,816,gate_r2_active_bonus3,active_bonus,gate_r2,,32,6000.0,6000.0,6000.0,6000.0,32.0,32.0,32.0,32.0,32.0,32.0,32.0,32.0,39.0,39.0,39.0,39.0,39.0,39.0,39.0,39.0,153.84615384615384,153.84615384615384,153.84615384615384,153.84615384615384,40.58961087891994,40.355682948015556,40.91982972611028,41.046276861384875,8.34375,7.0,9.0,9.0,187.4375,187.0,188.0,188.0,0.9349213232026198,0.9339293023156044,0.9356221216775047,0.9362499600143246,0.9410586721850347,0.9410586721850347,0.9410586721850347,0.9410586721850347,0.006137348982414935,0.005436550507530035,0.007129369869430302,0.007511079306384727,10.85446219817165,10.382160385010062,11.365695305260957,11.531450861637445,0.07055400428811573,0.0674840425025654,0.07387701948419623,0.0749544306006434,1.0450889572415898,1.0146201232032852,1.0756052327647476,1.0938166311300639,0.0,0.0,0.0,0.0,0.0,0.0,0.0,0.0,0.0,-0.0,0.0,-0.0,0.0,0.0,0.0,0.0,1.0,1.0,1.0,1.0,0.459279326771846,0.459279326771846,0.459279326771846,0.459279326771846,0.0,0.0,0.0,0.0,0.9573343451922375,0.95531577103536,0.9607786475990675,0.9609492909374634,0.0426656548077625,0.03922135240093253,0.04468422896463997,0.04745913596248753,0.0,0.0,0.0,0.0,0.02241942508606407,0.021791152255795556,0.023213828076430344,0.023473643160524967,0.9917980459022773,0.990935403867223,0.992438698992782,0.9926625939321048,0.9273841984141782,0.857885697437575,0.9812549132454095,1.0487963670574127,1.7678248092272213,1.5922427832026853,1.9829296601760407,2.138201379974694,2.9292540792142674,2.601040725180721,3.3481286461883784,3.8644795865969024,1.8748210289518892,1.7172084926393294,2.0863695999066514,2.287328345325053,2.9292540792142674,2.601040725180721,3.3481286461883784,3.8644795865969024,1.464199706694291,1.516081707282004,0.9993229758418961
short_stream,816,gate_r2_uniform,softmax,gate_r2,0.0,32,6000.0,6000.0,6000.0,6000.0,32.0,32.0,32.0,32.0,32.0,32.0,32.0,32.0,39.0,39.0,39.0,39.0,39.0,39.0,39.0,39.0,153.84615384615384,153.84615384615384,153.84615384615384,153.84615384615384,42.043457012497285,41.401787525308656,42.81549429606626,43.13636009366318,6.9375,5.0,9.0,9.0,178.375,177.0,180.45,182.0,0.9305013471930974,0.9281159520273764,0.9324695182897289,0.9326854485680713,0.9410586721850347,0.9410586721850347,0.9410586721850347,0.9410586721850347,0.010557324991937355,0.008589153895305757,0.012942720157658261,0.013945096600014417,6.5127429470791265,5.686465721628925,7.633213754843776,7.682814655166492,0.04233282915601432,0.03696202719058801,0.04961588940648455,0.049938295258582205,0.996603487883593,0.9732465891490102,1.0276059910378996,1.0439121756487026,0.0,0.0,0.0,0.0,0.0,0.0,0.0,0.0,0.0,-0.0,0.0,-0.0,0.0,0.0,0.0,0.0,1.0,1.0,1.0,1.0,0.459279326771846,0.459279326771846,0.459279326771846,0.459279326771846,0.0,0.0,0.0,0.0,1.0,1.0,1.0,1.0,0.0,0.0,0.0,0.0,0.0,0.0,0.0,0.0,0.01521238092815037,0.014626964331564959,0.015917150146950883,0.016048850224645885,0.9925845573088714,0.9919883073318858,0.9930159196458918,0.9931547293508156,0.9926759324784061,0.9237269357388114,1.0779542953527361,1.094803269872051,1.0071258495889062,0.8971608109986481,1.202066459944185,1.2393374861314113,1.0324836783226692,0.8283314288611104,1.330773893992744,1.4921418079142965,1.0107618201299937,0.9116500916238133,1.1745719600288533,1.2324007485019084,1.0889618187862398,0.9904226289223409,1.3520889672189653,1.4921418079142965,0.9935118143134325,1.0395398850375261,1.0001154546359596
