family,scene,stride,budget,arm,seed,updates,heldout_psnr_db,gaussians,training_gpu_seconds,wall_seconds,unique_selected,zero_service_views,output
utmm,ego-centric-1,40,15,rr,0,826,17.96831333140532,6695,2.2810730221271514,32.90464472770691,826,517,/home/wosas/Desktop/Incremental_mapping_test/gs_floaterLab/results/ERCB_ablation/benchmark-B_5070ti_stride20/utmm/ego-centric-1/stride40/event15/rr_s0
utmm,ego-centric-1,40,15,ercb,0,826,18.13605645298958,6695,2.288293370962143,32.523927450180054,783,560,/home/wosas/Desktop/Incremental_mapping_test/gs_floaterLab/results/ERCB_ablation/benchmark-B_5070ti_stride20/utmm/ego-centric-1/stride40/event15/ercb_s0
utmm,ego-centric-1,20,15,rr,0,826,18.935479243596394,24598,2.724146918773651,33.76474928855896,826,517,/home/wosas/Desktop/Incremental_mapping_test/gs_floaterLab/results/ERCB_ablation/benchmark-B_5070ti_stride20/utmm/ego-centric-1/stride20/event15/rr_s0
utmm,ego-centric-1,20,15,ercb,0,826,19.266575649380684,24598,2.720294148683548,33.572145223617554,783,560,/home/wosas/Desktop/Incremental_mapping_test/gs_floaterLab/results/ERCB_ablation/benchmark-B_5070ti_stride20/utmm/ego-centric-1/stride20/event15/ercb_s0
utmm,ego-centric-1,20,30,rr,0,1651,20.272961914539337,24598,4.958122714996338,35.830026626586914,1024,319,/home/wosas/Desktop/Incremental_mapping_test/gs_floaterLab/results/ERCB_ablation/benchmark-B_5070ti_stride20/utmm/ego-centric-1/stride20/event30/rr_s0
utmm,ego-centric-1,20,30,ercb,0,1651,20.339208235343296,24598,4.9607016398906705,35.83743762969971,1055,288,/home/wosas/Desktop/Incremental_mapping_test/gs_floaterLab/results/ERCB_ablation/benchmark-B_5070ti_stride20/utmm/ego-centric-1/stride20/event30/ercb_s0
utmm,ego-centric-1,20,60,rr,0,3301,21.281476656595864,24598,9.42377077794075,40.48357343673706,1181,162,/home/wosas/Desktop/Incremental_mapping_test/gs_floaterLab/results/ERCB_ablation/benchmark-B_5070ti_stride20/utmm/ego-centric-1/stride20/event60/rr_s0
utmm,ego-centric-1,20,60,ercb,0,3301,21.345313449700672,24598,9.373266561031341,40.51846647262573,1152,191,/home/wosas/Desktop/Incremental_mapping_test/gs_floaterLab/results/ERCB_ablation/benchmark-B_5070ti_stride20/utmm/ego-centric-1/stride20/event60/ercb_s0
utmm,ego-centric-2,40,15,rr,0,961,17.653223043570488,6763,2.6168336012363436,29.061750650405884,961,174,/home/wosas/Desktop/Incremental_mapping_test/gs_floaterLab/results/ERCB_ablation/benchmark-B_5070ti_stride20/utmm/ego-centric-2/stride40/event15/rr_s0
utmm,ego-centric-2,40,15,ercb,0,961,18.04262939406319,6763,2.6036122839450835,29.03115963935852,718,417,/home/wosas/Desktop/Incremental_mapping_test/gs_floaterLab/results/ERCB_ablation/benchmark-B_5070ti_stride20/utmm/ego-centric-2/stride40/event15/ercb_s0
utmm,ego-centric-2,20,15,rr,0,961,18.216434841507052,24808,3.050486180305481,29.66942024230957,961,174,/home/wosas/Desktop/Incremental_mapping_test/gs_floaterLab/results/ERCB_ablation/benchmark-B_5070ti_stride20/utmm/ego-centric-2/stride20/event15/rr_s0
utmm,ego-centric-2,20,15,ercb,0,961,18.957253380055807,24808,3.053245605945587,29.772478580474854,718,417,/home/wosas/Desktop/Incremental_mapping_test/gs_floaterLab/results/ERCB_ablation/benchmark-B_5070ti_stride20/utmm/ego-centric-2/stride20/event15/ercb_s0
utmm,ego-centric-2,20,30,rr,0,1921,19.872979134869723,24808,5.631915241003036,32.49367046356201,881,254,/home/wosas/Desktop/Incremental_mapping_test/gs_floaterLab/results/ERCB_ablation/benchmark-B_5070ti_stride20/utmm/ego-centric-2/stride20/event30/rr_s0
utmm,ego-centric-2,20,30,ercb,0,1921,19.815654286577658,24808,5.62480181312561,32.48097109794617,877,258,/home/wosas/Desktop/Incremental_mapping_test/gs_floaterLab/results/ERCB_ablation/benchmark-B_5070ti_stride20/utmm/ego-centric-2/stride20/event30/ercb_s0
utmm,ego-centric-2,20,60,rr,0,3841,20.990810768735923,24808,10.871231007099151,38.04482126235962,918,217,/home/wosas/Desktop/Incremental_mapping_test/gs_floaterLab/results/ERCB_ablation/benchmark-B_5070ti_stride20/utmm/ego-centric-2/stride20/event60/rr_s0
utmm,ego-centric-2,20,60,ercb,0,3841,20.886231393170505,24808,10.867798278331756,38.04075598716736,938,197,/home/wosas/Desktop/Incremental_mapping_test/gs_floaterLab/results/ERCB_ablation/benchmark-B_5070ti_stride20/utmm/ego-centric-2/stride20/event60/ercb_s0
utmm,ego-drive,40,15,rr,0,1291,17.46514454432896,9658,3.4946109044551847,31.92763590812683,994,230,/home/wosas/Desktop/Incremental_mapping_test/gs_floaterLab/results/ERCB_ablation/benchmark-B_5070ti_stride20/utmm/ego-drive/stride40/event15/rr_s0
utmm,ego-drive,40,15,ercb,0,1291,17.75907591683524,9658,3.469740700721741,31.88846468925476,812,412,/home/wosas/Desktop/Incremental_mapping_test/gs_floaterLab/results/ERCB_ablation/benchmark-B_5070ti_stride20/utmm/ego-drive/stride40/event15/ercb_s0
utmm,ego-drive,20,15,rr,0,1291,18.30562660762242,35133,4.1138530240058895,32.903281688690186,994,230,/home/wosas/Desktop/Incremental_mapping_test/gs_floaterLab/results/ERCB_ablation/benchmark-B_5070ti_stride20/utmm/ego-drive/stride20/event15/rr_s0
utmm,ego-drive,20,15,ercb,0,1291,18.61416917528425,35133,4.0805935082435605,32.743549823760986,812,412,/home/wosas/Desktop/Incremental_mapping_test/gs_floaterLab/results/ERCB_ablation/benchmark-B_5070ti_stride20/utmm/ego-drive/stride20/event15/ercb_s0
utmm,ego-drive,20,30,rr,0,2581,19.161004333496095,35133,7.642418689250946,36.69279336929321,1155,69,/home/wosas/Desktop/Incremental_mapping_test/gs_floaterLab/results/ERCB_ablation/benchmark-B_5070ti_stride20/utmm/ego-drive/stride20/event30/rr_s0
utmm,ego-drive,20,30,ercb,0,2581,19.440693926130024,35133,7.590522278785706,36.436989307403564,996,228,/home/wosas/Desktop/Incremental_mapping_test/gs_floaterLab/results/ERCB_ablation/benchmark-B_5070ti_stride20/utmm/ego-drive/stride20/event30/ercb_s0
utmm,ego-drive,20,60,rr,0,5161,20.177445798601422,35133,14.608118070840835,44.03676700592041,1105,119,/home/wosas/Desktop/Incremental_mapping_test/gs_floaterLab/results/ERCB_ablation/benchmark-B_5070ti_stride20/utmm/ego-drive/stride20/event60/rr_s0
utmm,ego-drive,20,60,ercb,0,5161,20.09617198399135,35133,14.695708455801011,44.20017147064209,1085,139,/home/wosas/Desktop/Incremental_mapping_test/gs_floaterLab/results/ERCB_ablation/benchmark-B_5070ti_stride20/utmm/ego-drive/stride20/event60/ercb_s0
utmm,fast-straight,40,15,rr,0,256,15.198524815695626,2059,0.879315037727356,10.655316591262817,253,37,/home/wosas/Desktop/Incremental_mapping_test/gs_floaterLab/results/ERCB_ablation/benchmark-B_5070ti_stride20/utmm/fast-straight/stride40/event15/rr_s0
utmm,fast-straight,40,15,ercb,0,256,15.37886163166591,2059,0.8790972490310669,10.684813022613525,171,119,/home/wosas/Desktop/Incremental_mapping_test/gs_floaterLab/results/ERCB_ablation/benchmark-B_5070ti_stride20/utmm/fast-straight/stride40/event15/ercb_s0
utmm,fast-straight,20,15,rr,0,256,16.11696860903785,7526,0.8332490944862365,10.706326723098755,253,37,/home/wosas/Desktop/Incremental_mapping_test/gs_floaterLab/results/ERCB_ablation/benchmark-B_5070ti_stride20/utmm/fast-straight/stride20/event15/rr_s0
utmm,fast-straight,20,15,ercb,0,256,16.440208911895752,7526,0.851247814655304,10.727001190185547,171,119,/home/wosas/Desktop/Incremental_mapping_test/gs_floaterLab/results/ERCB_ablation/benchmark-B_5070ti_stride20/utmm/fast-straight/stride20/event15/ercb_s0
utmm,fast-straight,20,30,rr,0,511,18.31121560505458,7526,1.4302405171394348,11.45121955871582,250,40,/home/wosas/Desktop/Incremental_mapping_test/gs_floaterLab/results/ERCB_ablation/benchmark-B_5070ti_stride20/utmm/fast-straight/stride20/event30/rr_s0
utmm,fast-straight,20,30,ercb,0,511,18.30185606366112,7526,1.4543732833862304,11.401975870132446,232,58,/home/wosas/Desktop/Incremental_mapping_test/gs_floaterLab/results/ERCB_ablation/benchmark-B_5070ti_stride20/utmm/fast-straight/stride20/event30/ercb_s0
utmm,fast-straight,20,60,rr,0,1021,19.71136460985456,7526,2.666915711402893,12.78981065750122,241,49,/home/wosas/Desktop/Incremental_mapping_test/gs_floaterLab/results/ERCB_ablation/benchmark-B_5070ti_stride20/utmm/fast-straight/stride20/event60/rr_s0
utmm,fast-straight,20,60,ercb,0,1021,19.55706771214803,7526,2.660396486520767,12.846787691116333,245,45,/home/wosas/Desktop/Incremental_mapping_test/gs_floaterLab/results/ERCB_ablation/benchmark-B_5070ti_stride20/utmm/fast-straight/stride20/event60/ercb_s0
utmm,slow-straight-2,40,15,rr,0,226,15.830066019694012,1647,0.7892554242610932,15.099592208862305,226,296,/home/wosas/Desktop/Incremental_mapping_test/gs_floaterLab/results/ERCB_ablation/benchmark-B_5070ti_stride20/utmm/slow-straight-2/stride40/event15/rr_s0
utmm,slow-straight-2,40,15,ercb,0,226,15.738995208740235,1647,0.8065385971069335,15.070770025253296,202,320,/home/wosas/Desktop/Incremental_mapping_test/gs_floaterLab/results/ERCB_ablation/benchmark-B_5070ti_stride20/utmm/slow-straight-2/stride40/event15/ercb_s0
utmm,slow-straight-2,20,15,rr,0,226,16.264022852579753,6019,0.7795009841918945,15.193219661712646,226,296,/home/wosas/Desktop/Incremental_mapping_test/gs_floaterLab/results/ERCB_ablation/benchmark-B_5070ti_stride20/utmm/slow-straight-2/stride20/event15/rr_s0
utmm,slow-straight-2,20,15,ercb,0,226,16.153522783915204,6019,0.7795055677890778,15.208157539367676,202,320,/home/wosas/Desktop/Incremental_mapping_test/gs_floaterLab/results/ERCB_ablation/benchmark-B_5070ti_stride20/utmm/slow-straight-2/stride20/event15/ercb_s0
utmm,slow-straight-2,20,30,rr,0,451,18.117517471313477,6019,1.2930162525177002,15.736910343170166,312,210,/home/wosas/Desktop/Incremental_mapping_test/gs_floaterLab/results/ERCB_ablation/benchmark-B_5070ti_stride20/utmm/slow-straight-2/stride20/event30/rr_s0
utmm,slow-straight-2,20,30,ercb,0,451,18.050378189086913,6019,1.3594190435409546,15.954395294189453,296,226,/home/wosas/Desktop/Incremental_mapping_test/gs_floaterLab/results/ERCB_ablation/benchmark-B_5070ti_stride20/utmm/slow-straight-2/stride20/event30/ercb_s0
utmm,slow-straight-2,20,60,rr,0,901,19.02931978861491,6019,2.3678789076805113,16.751424551010132,442,80,/home/wosas/Desktop/Incremental_mapping_test/gs_floaterLab/results/ERCB_ablation/benchmark-B_5070ti_stride20/utmm/slow-straight-2/stride20/event60/rr_s0
utmm,slow-straight-2,20,60,ercb,0,901,19.17230668385824,6019,2.3357079741954805,16.900980234146118,380,142,/home/wosas/Desktop/Incremental_mapping_test/gs_floaterLab/results/ERCB_ablation/benchmark-B_5070ti_stride20/utmm/slow-straight-2/stride20/event60/ercb_s0
utmm,square-1,40,15,rr,0,1186,16.2234626194038,8554,3.2621818923950197,35.4815788269043,1014,398,/home/wosas/Desktop/Incremental_mapping_test/gs_floaterLab/results/ERCB_ablation/benchmark-B_5070ti_stride20/utmm/square-1/stride40/event15/rr_s0
utmm,square-1,40,15,ercb,0,1186,16.832448959350586,8554,3.2354311974048615,35.46301603317261,845,567,/home/wosas/Desktop/Incremental_mapping_test/gs_floaterLab/results/ERCB_ablation/benchmark-B_5070ti_stride20/utmm/square-1/stride40/event15/ercb_s0
utmm,square-1,20,15,rr,0,1186,17.647733494786934,31185,3.780052352666855,36.24425554275513,1014,398,/home/wosas/Desktop/Incremental_mapping_test/gs_floaterLab/results/ERCB_ablation/benchmark-B_5070ti_stride20/utmm/square-1/stride20/event15/rr_s0
utmm,square-1,20,15,ercb,0,1186,17.758018640008302,31185,3.781495903253555,36.169395446777344,845,567,/home/wosas/Desktop/Incremental_mapping_test/gs_floaterLab/results/ERCB_ablation/benchmark-B_5070ti_stride20/utmm/square-1/stride20/event15/ercb_s0
utmm,square-1,20,30,rr,0,2371,18.82665038817,31185,7.076564530134201,39.67006874084473,1366,46,/home/wosas/Desktop/Incremental_mapping_test/gs_floaterLab/results/ERCB_ablation/benchmark-B_5070ti_stride20/utmm/square-1/stride20/event30/rr_s0
utmm,square-1,20,30,ercb,0,2371,18.879152312137112,31185,6.976577918052674,39.6726131439209,1170,242,/home/wosas/Desktop/Incremental_mapping_test/gs_floaterLab/results/ERCB_ablation/benchmark-B_5070ti_stride20/utmm/square-1/stride20/event30/ercb_s0
utmm,square-1,20,60,rr,0,4741,20.006064698247627,31185,13.473571133375168,46.45803904533386,1276,136,/home/wosas/Desktop/Incremental_mapping_test/gs_floaterLab/results/ERCB_ablation/benchmark-B_5070ti_stride20/utmm/square-1/stride20/event60/rr_s0
utmm,square-1,20,60,ercb,0,4741,20.036636527221983,31185,13.535509606838227,46.52395248413086,1317,95,/home/wosas/Desktop/Incremental_mapping_test/gs_floaterLab/results/ERCB_ablation/benchmark-B_5070ti_stride20/utmm/square-1/stride20/event60/ercb_s0
utmm,square-2,40,15,rr,0,1081,16.91865809446846,8963,2.896292765378952,29.4986572265625,729,337,/home/wosas/Desktop/Incremental_mapping_test/gs_floaterLab/results/ERCB_ablation/benchmark-B_5070ti_stride20/utmm/square-2/stride40/event15/rr_s0
utmm,square-2,40,15,ercb,0,1081,16.89070166793524,8963,2.9221175079345705,28.110169172286987,714,352,/home/wosas/Desktop/Incremental_mapping_test/gs_floaterLab/results/ERCB_ablation/benchmark-B_5070ti_stride20/utmm/square-2/stride40/event15/ercb_s0
utmm,square-2,20,15,rr,0,1081,17.600820142459245,32439,3.418281214475632,28.875117778778076,729,337,/home/wosas/Desktop/Incremental_mapping_test/gs_floaterLab/results/ERCB_ablation/benchmark-B_5070ti_stride20/utmm/square-2/stride20/event15/rr_s0
utmm,square-2,20,15,ercb,0,1081,17.748975311229433,32439,3.4245245342254638,29.002347469329834,714,352,/home/wosas/Desktop/Incremental_mapping_test/gs_floaterLab/results/ERCB_ablation/benchmark-B_5070ti_stride20/utmm/square-2/stride20/event15/ercb_s0
utmm,square-2,20,30,rr,0,2161,18.89354238323137,32439,6.383442688703537,32.46154189109802,951,115,/home/wosas/Desktop/Incremental_mapping_test/gs_floaterLab/results/ERCB_ablation/benchmark-B_5070ti_stride20/utmm/square-2/stride20/event30/rr_s0
utmm,square-2,20,30,ercb,0,2161,18.68361309774561,32439,6.333429917812348,32.18692135810852,860,206,/home/wosas/Desktop/Incremental_mapping_test/gs_floaterLab/results/ERCB_ablation/benchmark-B_5070ti_stride20/utmm/square-2/stride20/event30/ercb_s0
utmm,square-2,20,60,rr,0,4321,19.792504759395825,32439,12.28479626750946,38.64803743362427,946,120,/home/wosas/Desktop/Incremental_mapping_test/gs_floaterLab/results/ERCB_ablation/benchmark-B_5070ti_stride20/utmm/square-2/stride20/event60/rr_s0
utmm,square-2,20,60,ercb,0,4321,19.703573800379935,32439,12.264434525489808,38.481287240982056,940,126,/home/wosas/Desktop/Incremental_mapping_test/gs_floaterLab/results/ERCB_ablation/benchmark-B_5070ti_stride20/utmm/square-2/stride20/event60/ercb_s0
rpng,table_01,40,15,rr,0,3616,21.396597953359034,25762,9.611045478343964,39.12066388130188,1862,330,/home/wosas/Desktop/Incremental_mapping_test/gs_floaterLab/results/ERCB_ablation/benchmark-B_5070ti_stride20/rpng/table_01/stride40/event15/rr_s0
rpng,table_01,40,15,ercb,0,3616,22.199396042307473,25762,9.694741466283798,38.18651604652405,1700,492,/home/wosas/Desktop/Incremental_mapping_test/gs_floaterLab/results/ERCB_ablation/benchmark-B_5070ti_stride20/rpng/table_01/stride40/event15/ercb_s0
rpng,table_01,20,15,rr,0,3616,21.656533897302715,100157,16.147297951459883,46.304067850112915,1862,330,/home/wosas/Desktop/Incremental_mapping_test/gs_floaterLab/results/ERCB_ablation/benchmark-B_5070ti_stride20/rpng/table_01/stride20/event15/rr_s0
rpng,table_01,20,15,ercb,0,3616,22.733434822908634,100157,16.33316549563408,46.41864204406738,1700,492,/home/wosas/Desktop/Incremental_mapping_test/gs_floaterLab/results/ERCB_ablation/benchmark-B_5070ti_stride20/rpng/table_01/stride20/event15/ercb_s0
rpng,table_01,20,30,rr,0,7231,23.277021159032348,100157,32.39753504467011,63.062140226364136,1832,360,/home/wosas/Desktop/Incremental_mapping_test/gs_floaterLab/results/ERCB_ablation/benchmark-B_5070ti_stride20/rpng/table_01/stride20/event30/rr_s0
rpng,table_01,20,30,ercb,0,7231,22.981670592241226,100157,31.989518958568574,62.588449478149414,1877,315,/home/wosas/Desktop/Incremental_mapping_test/gs_floaterLab/results/ERCB_ablation/benchmark-B_5070ti_stride20/rpng/table_01/stride20/event30/ercb_s0
rpng,table_01,20,60,rr,0,14461,23.63301365238846,100157,63.68081634068489,95.89514660835266,1942,250,/home/wosas/Desktop/Incremental_mapping_test/gs_floaterLab/results/ERCB_ablation/benchmark-B_5070ti_stride20/rpng/table_01/stride20/event60/rr_s0
rpng,table_01,20,60,ercb,0,14461,23.156000313485507,100157,63.641792254447935,95.66339445114136,1981,211,/home/wosas/Desktop/Incremental_mapping_test/gs_floaterLab/results/ERCB_ablation/benchmark-B_5070ti_stride20/rpng/table_01/stride20/event60/ercb_s0
rpng,table_02,40,15,rr,0,4981,19.73965054864753,37536,14.531625631570815,49.089943170547485,2210,339,/home/wosas/Desktop/Incremental_mapping_test/gs_floaterLab/results/ERCB_ablation/benchmark-B_5070ti_stride20/rpng/table_02/stride40/event15/rr_s0
rpng,table_02,40,15,ercb,0,4981,20.127313932653976,37536,14.94738231921196,48.02398061752319,2092,457,/home/wosas/Desktop/Incremental_mapping_test/gs_floaterLab/results/ERCB_ablation/benchmark-B_5070ti_stride20/rpng/table_02/stride40/event15/ercb_s0
rpng,table_02,20,15,rr,0,4981,20.114325486797178,145469,27.433490272521972,62.90538549423218,2210,339,/home/wosas/Desktop/Incremental_mapping_test/gs_floaterLab/results/ERCB_ablation/benchmark-B_5070ti_stride20/rpng/table_02/stride20/event15/rr_s0
rpng,table_02,20,15,ercb,0,4981,20.669916066731492,145469,27.71844274830818,62.563695669174194,2092,457,/home/wosas/Desktop/Incremental_mapping_test/gs_floaterLab/results/ERCB_ablation/benchmark-B_5070ti_stride20/rpng/table_02/stride20/event15/ercb_s0
rpng,table_02,20,30,rr,0,9961,21.27294985366194,145469,55.79551232790947,91.54342889785767,2243,306,/home/wosas/Desktop/Incremental_mapping_test/gs_floaterLab/results/ERCB_ablation/benchmark-B_5070ti_stride20/rpng/table_02/stride20/event30/rr_s0
rpng,table_02,20,30,ercb,0,9961,21.141616160249058,145469,54.63114053606987,90.67073464393616,2267,282,/home/wosas/Desktop/Incremental_mapping_test/gs_floaterLab/results/ERCB_ablation/benchmark-B_5070ti_stride20/rpng/table_02/stride20/event30/ercb_s0
rpng,table_02,20,60,rr,0,19921,21.739724987500335,145469,111.2401429951191,149.18064904212952,2356,193,/home/wosas/Desktop/Incremental_mapping_test/gs_floaterLab/results/ERCB_ablation/benchmark-B_5070ti_stride20/rpng/table_02/stride20/event60/rr_s0
rpng,table_02,20,60,ercb,0,19921,21.484780787115227,145469,109.00124065446853,146.78911662101746,2359,190,/home/wosas/Desktop/Incremental_mapping_test/gs_floaterLab/results/ERCB_ablation/benchmark-B_5070ti_stride20/rpng/table_02/stride20/event60/ercb_s0
rpng,table_03,40,15,rr,0,7666,21.00789868341733,58030,26.032855365753175,103.42404127120972,4685,1445,/home/wosas/Desktop/Incremental_mapping_test/gs_floaterLab/results/ERCB_ablation/benchmark-B_5070ti_stride20/rpng/table_03/stride40/event15/rr_s0
rpng,table_03,40,15,ercb,0,7666,21.235349894658615,58030,26.517258929252623,100.93638730049133,4621,1509,/home/wosas/Desktop/Incremental_mapping_test/gs_floaterLab/results/ERCB_ablation/benchmark-B_5070ti_stride20/rpng/table_03/stride40/event15/ercb_s0
rpng,table_03,20,15,rr,0,7666,21.230674393100823,225005,56.835319684505464,135.62581062316895,4685,1445,/home/wosas/Desktop/Incremental_mapping_test/gs_floaterLab/results/ERCB_ablation/benchmark-B_5070ti_stride20/rpng/table_03/stride20/event15/rr_s0
rpng,table_03,20,15,ercb,0,7666,21.4861633331264,225005,58.275205256462094,137.75519800186157,4621,1509,/home/wosas/Desktop/Incremental_mapping_test/gs_floaterLab/results/ERCB_ablation/benchmark-B_5070ti_stride20/rpng/table_03/stride20/event15/ercb_s0
rpng,table_03,20,30,rr,0,15331,21.78058651048843,225005,114.55894033384322,195.01049995422363,5233,897,/home/wosas/Desktop/Incremental_mapping_test/gs_floaterLab/results/ERCB_ablation/benchmark-B_5070ti_stride20/rpng/table_03/stride20/event30/rr_s0
rpng,table_03,20,30,ercb,0,15331,21.726504706900958,225005,115.72585733366013,197.21475768089294,5420,710,/home/wosas/Desktop/Incremental_mapping_test/gs_floaterLab/results/ERCB_ablation/benchmark-B_5070ti_stride20/rpng/table_03/stride20/event30/ercb_s0
rpng,table_03,20,60,rr,0,30661,21.192107061272885,225005,229.22215702533722,314.47022247314453,5953,177,/home/wosas/Desktop/Incremental_mapping_test/gs_floaterLab/results/ERCB_ablation/benchmark-B_5070ti_stride20/rpng/table_03/stride20/event60/rr_s0
rpng,table_03,20,60,ercb,0,30661,21.89911482432117,225005,229.88321286582948,314.6944947242737,5730,400,/home/wosas/Desktop/Incremental_mapping_test/gs_floaterLab/results/ERCB_ablation/benchmark-B_5070ti_stride20/rpng/table_03/stride20/event60/ercb_s0
rpng,table_04,40,15,rr,0,6196,17.595854419964578,44066,18.831450590848924,84.93003749847412,5148,161,/home/wosas/Desktop/Incremental_mapping_test/gs_floaterLab/results/ERCB_ablation/benchmark-B_5070ti_stride20/rpng/table_04/stride40/event15/rr_s0
rpng,table_04,40,15,ercb,0,6196,20.216996239422183,44066,19.36468013525009,83.62962532043457,4014,1295,/home/wosas/Desktop/Incremental_mapping_test/gs_floaterLab/results/ERCB_ablation/benchmark-B_5070ti_stride20/rpng/table_04/stride40/event15/ercb_s0
rpng,table_04,20,15,rr,0,6196,17.670686799704008,171105,37.94069419240952,105.79908108711243,5148,161,/home/wosas/Desktop/Incremental_mapping_test/gs_floaterLab/results/ERCB_ablation/benchmark-B_5070ti_stride20/rpng/table_04/stride20/event15/rr_s0
rpng,table_04,20,15,ercb,0,6196,20.422046123600133,171105,39.44327143478394,106.66319012641907,4014,1295,/home/wosas/Desktop/Incremental_mapping_test/gs_floaterLab/results/ERCB_ablation/benchmark-B_5070ti_stride20/rpng/table_04/stride20/event15/ercb_s0
rpng,table_04,20,30,rr,0,12391,20.800288437854633,171105,77.22808403778076,146.4993019104004,4553,756,/home/wosas/Desktop/Incremental_mapping_test/gs_floaterLab/results/ERCB_ablation/benchmark-B_5070ti_stride20/rpng/table_04/stride20/event30/rr_s0
rpng,table_04,20,30,ercb,0,12391,20.690233592459336,171105,78.28450258779526,146.9332480430603,4655,654,/home/wosas/Desktop/Incremental_mapping_test/gs_floaterLab/results/ERCB_ablation/benchmark-B_5070ti_stride20/rpng/table_04/stride20/event30/ercb_s0
rpng,table_04,20,60,rr,0,24781,19.96688092147566,171105,154.73055787944793,226.24314332008362,5149,160,/home/wosas/Desktop/Incremental_mapping_test/gs_floaterLab/results/ERCB_ablation/benchmark-B_5070ti_stride20/rpng/table_04/stride20/event60/rr_s0
rpng,table_04,20,60,ercb,0,24781,21.069900882102758,171105,155.8273715929985,227.6194715499878,4930,379,/home/wosas/Desktop/Incremental_mapping_test/gs_floaterLab/results/ERCB_ablation/benchmark-B_5070ti_stride20/rpng/table_04/stride20/event60/ercb_s0
rpng,table_05,40,15,rr,0,4906,21.94969471017365,36405,13.888391639471054,80.25703501701355,4906,487,/home/wosas/Desktop/Incremental_mapping_test/gs_floaterLab/results/ERCB_ablation/benchmark-B_5070ti_stride20/rpng/table_05/stride40/event15/rr_s0
rpng,table_05,40,15,ercb,0,4906,24.350985151011347,36405,13.816127587080002,77.82581567764282,3541,1852,/home/wosas/Desktop/Incremental_mapping_test/gs_floaterLab/results/ERCB_ablation/benchmark-B_5070ti_stride20/rpng/table_05/stride40/event15/ercb_s0
rpng,table_05,20,15,rr,0,4906,22.26353340544744,141125,24.06535993003845,91.37181234359741,4906,487,/home/wosas/Desktop/Incremental_mapping_test/gs_floaterLab/results/ERCB_ablation/benchmark-B_5070ti_stride20/rpng/table_05/stride20/event15/rr_s0
rpng,table_05,20,15,ercb,0,4906,24.964637082219895,141125,23.560313107967378,90.02495074272156,3541,1852,/home/wosas/Desktop/Incremental_mapping_test/gs_floaterLab/results/ERCB_ablation/benchmark-B_5070ti_stride20/rpng/table_05/stride20/event15/ercb_s0
rpng,table_05,20,30,rr,0,9811,24.0444444169021,141125,46.73317377066612,114.63352227210999,5051,342,/home/wosas/Desktop/Incremental_mapping_test/gs_floaterLab/results/ERCB_ablation/benchmark-B_5070ti_stride20/rpng/table_05/stride20/event30/rr_s0
rpng,table_05,20,30,ercb,0,9811,25.546285228506598,141125,46.540970266819,114.60227847099304,4573,820,/home/wosas/Desktop/Incremental_mapping_test/gs_floaterLab/results/ERCB_ablation/benchmark-B_5070ti_stride20/rpng/table_05/stride20/event30/ercb_s0
rpng,table_05,20,60,rr,0,19621,23.611048292711704,141125,91.7591991815567,162.1502137184143,5313,80,/home/wosas/Desktop/Incremental_mapping_test/gs_floaterLab/results/ERCB_ablation/benchmark-B_5070ti_stride20/rpng/table_05/stride20/event60/rr_s0
rpng,table_05,20,60,ercb,0,19621,26.002509679930373,141125,92.08768484258651,161.96519589424133,5025,368,/home/wosas/Desktop/Incremental_mapping_test/gs_floaterLab/results/ERCB_ablation/benchmark-B_5070ti_stride20/rpng/table_05/stride20/event60/ercb_s0
rpng,table_06,40,15,rr,0,3391,23.302104580609093,25436,8.957079901695252,40.9231858253479,1840,581,/home/wosas/Desktop/Incremental_mapping_test/gs_floaterLab/results/ERCB_ablation/benchmark-B_5070ti_stride20/rpng/table_06/stride40/event15/rr_s0
rpng,table_06,40,15,ercb,0,3391,23.05420834205054,25436,8.985889825820923,39.86617112159729,1814,607,/home/wosas/Desktop/Incremental_mapping_test/gs_floaterLab/results/ERCB_ablation/benchmark-B_5070ti_stride20/rpng/table_06/stride40/event15/ercb_s0
rpng,table_06,20,15,rr,0,3391,23.91865549473404,98565,14.173313340187073,46.74711799621582,1840,581,/home/wosas/Desktop/Incremental_mapping_test/gs_floaterLab/results/ERCB_ablation/benchmark-B_5070ti_stride20/rpng/table_06/stride20/event15/rr_s0
rpng,table_06,20,15,ercb,0,3391,23.90988637670616,98565,14.235520336151122,46.29266095161438,1814,607,/home/wosas/Desktop/Incremental_mapping_test/gs_floaterLab/results/ERCB_ablation/benchmark-B_5070ti_stride20/rpng/table_06/stride20/event15/ercb_s0
rpng,table_06,20,30,rr,0,6781,25.00093255015467,98565,28.334524197816847,60.94359064102173,2151,270,/home/wosas/Desktop/Incremental_mapping_test/gs_floaterLab/results/ERCB_ablation/benchmark-B_5070ti_stride20/rpng/table_06/stride20/event30/rr_s0
rpng,table_06,20,30,ercb,0,6781,24.94729027720545,98565,28.21575999355316,61.053264141082764,2083,338,/home/wosas/Desktop/Incremental_mapping_test/gs_floaterLab/results/ERCB_ablation/benchmark-B_5070ti_stride20/rpng/table_06/stride20/event30/ercb_s0
rpng,table_06,20,60,rr,0,13561,24.854273751980994,98565,56.41401961708069,90.30436301231384,2221,200,/home/wosas/Desktop/Incremental_mapping_test/gs_floaterLab/results/ERCB_ablation/benchmark-B_5070ti_stride20/rpng/table_06/stride20/event60/rr_s0
rpng,table_06,20,60,ercb,0,13561,25.449716760933054,98565,56.44929091858864,90.72712588310242,2214,207,/home/wosas/Desktop/Incremental_mapping_test/gs_floaterLab/results/ERCB_ablation/benchmark-B_5070ti_stride20/rpng/table_06/stride20/event60/ercb_s0
rpng,table_07,40,15,rr,0,3256,23.164559660946644,24114,8.273824384212494,59.71139621734619,3256,930,/home/wosas/Desktop/Incremental_mapping_test/gs_floaterLab/results/ERCB_ablation/benchmark-B_5070ti_stride20/rpng/table_07/stride40/event15/rr_s0
rpng,table_07,40,15,ercb,0,3256,23.961201581667897,24114,8.266435942411423,57.60984563827515,2608,1578,/home/wosas/Desktop/Incremental_mapping_test/gs_floaterLab/results/ERCB_ablation/benchmark-B_5070ti_stride20/rpng/table_07/stride40/event15/ercb_s0
rpng,table_07,20,15,rr,0,3256,23.71796525680899,93477,11.614387640476227,62.80922842025757,3256,930,/home/wosas/Desktop/Incremental_mapping_test/gs_floaterLab/results/ERCB_ablation/benchmark-B_5070ti_stride20/rpng/table_07/stride20/event15/rr_s0
rpng,table_07,20,15,ercb,0,3256,24.59178895854631,93477,11.658165399074555,62.70961928367615,2608,1578,/home/wosas/Desktop/Incremental_mapping_test/gs_floaterLab/results/ERCB_ablation/benchmark-B_5070ti_stride20/rpng/table_07/stride20/event15/ercb_s0
rpng,table_07,20,30,rr,0,6511,25.133610546788244,93477,22.966766353845596,74.33949327468872,3439,747,/home/wosas/Desktop/Incremental_mapping_test/gs_floaterLab/results/ERCB_ablation/benchmark-B_5070ti_stride20/rpng/table_07/stride20/event30/rr_s0
rpng,table_07,20,30,ercb,0,6511,25.464496842196155,93477,23.17918633532524,74.61710810661316,3451,735,/home/wosas/Desktop/Incremental_mapping_test/gs_floaterLab/results/ERCB_ablation/benchmark-B_5070ti_stride20/rpng/table_07/stride20/event30/ercb_s0
rpng,table_07,20,60,rr,0,13021,25.976003780811528,93477,45.99344133901596,97.87736558914185,3818,368,/home/wosas/Desktop/Incremental_mapping_test/gs_floaterLab/results/ERCB_ablation/benchmark-B_5070ti_stride20/rpng/table_07/stride20/event60/rr_s0
rpng,table_07,20,60,ercb,0,13021,25.862687477698692,93477,45.91610901880264,98.64933633804321,3822,364,/home/wosas/Desktop/Incremental_mapping_test/gs_floaterLab/results/ERCB_ablation/benchmark-B_5070ti_stride20/rpng/table_07/stride20/event60/ercb_s0
rpng,table_08,40,15,rr,0,8476,19.049357350427627,63084,22.57487401819229,111.98035597801208,6894,529,/home/wosas/Desktop/Incremental_mapping_test/gs_floaterLab/results/ERCB_ablation/benchmark-B_5070ti_stride20/rpng/table_08/stride40/event15/rr_s0
rpng,table_08,40,15,ercb,0,8476,19.48913321913019,63084,23.035838264465333,108.62066006660461,5461,1962,/home/wosas/Desktop/Incremental_mapping_test/gs_floaterLab/results/ERCB_ablation/benchmark-B_5070ti_stride20/rpng/table_08/stride40/event15/ercb_s0
rpng,table_08,20,15,rr,0,8476,19.124213085659935,244564,40.69142761421204,131.0128653049469,6894,529,/home/wosas/Desktop/Incremental_mapping_test/gs_floaterLab/results/ERCB_ablation/benchmark-B_5070ti_stride20/rpng/table_08/stride20/event15/rr_s0
rpng,table_08,20,15,ercb,0,8476,19.64708193510237,244564,41.76158538389206,130.80230069160461,5461,1962,/home/wosas/Desktop/Incremental_mapping_test/gs_floaterLab/results/ERCB_ablation/benchmark-B_5070ti_stride20/rpng/table_08/stride20/event15/ercb_s0
rpng,table_08,20,30,rr,0,16951,20.049364402763803,244564,82.04237699437141,173.14057874679565,6763,660,/home/wosas/Desktop/Incremental_mapping_test/gs_floaterLab/results/ERCB_ablation/benchmark-B_5070ti_stride20/rpng/table_08/stride20/event30/rr_s0
rpng,table_08,20,30,ercb,0,16951,20.0130609976133,244564,82.63466567802429,173.7883701324463,6645,778,/home/wosas/Desktop/Incremental_mapping_test/gs_floaterLab/results/ERCB_ablation/benchmark-B_5070ti_stride20/rpng/table_08/stride20/event30/ercb_s0
rpng,table_08,20,60,rr,0,33901,20.501140133375046,244564,164.34172847437858,259.17549753189087,6952,471,/home/wosas/Desktop/Incremental_mapping_test/gs_floaterLab/results/ERCB_ablation/benchmark-B_5070ti_stride20/rpng/table_08/stride20/event60/rr_s0
rpng,table_08,20,60,ercb,0,33901,20.42791046947943,244564,164.78427881360054,258.54578733444214,7039,384,/home/wosas/Desktop/Incremental_mapping_test/gs_floaterLab/results/ERCB_ablation/benchmark-B_5070ti_stride20/rpng/table_08/stride20/event60/ercb_s0
aria,aria1253,40,15,rr,0,1831,23.461920697264876,13575,5.442636385202408,24.67333221435547,920,220,/home/wosas/Desktop/Incremental_mapping_test/gs_floaterLab/results/ERCB_ablation/benchmark-B_5070ti_stride20/aria/aria1253/stride40/event15/rr_s0
aria,aria1253,40,15,ercb,0,1831,23.638689918752096,13575,5.505685846090317,23.853277444839478,929,211,/home/wosas/Desktop/Incremental_mapping_test/gs_floaterLab/results/ERCB_ablation/benchmark-B_5070ti_stride20/aria/aria1253/stride40/event15/ercb_s0
aria,aria1253,20,15,rr,0,1831,24.38424910796932,54373,6.4540553328990935,25.31018090248108,920,220,/home/wosas/Desktop/Incremental_mapping_test/gs_floaterLab/results/ERCB_ablation/benchmark-B_5070ti_stride20/aria/aria1253/stride20/event15/rr_s0
aria,aria1253,20,15,ercb,0,1831,24.589135093922994,54373,6.537638655900955,25.137896299362183,929,211,/home/wosas/Desktop/Incremental_mapping_test/gs_floaterLab/results/ERCB_ablation/benchmark-B_5070ti_stride20/aria/aria1253/stride20/event15/ercb_s0
aria,aria1253,20,30,rr,0,3661,25.408515438711717,54373,12.542599415063858,31.384816646575928,1112,28,/home/wosas/Desktop/Incremental_mapping_test/gs_floaterLab/results/ERCB_ablation/benchmark-B_5070ti_stride20/aria/aria1253/stride20/event30/rr_s0
aria,aria1253,20,30,ercb,0,3661,26.294142448097652,54373,12.509761703014373,31.614283323287964,1040,100,/home/wosas/Desktop/Incremental_mapping_test/gs_floaterLab/results/ERCB_ablation/benchmark-B_5070ti_stride20/aria/aria1253/stride20/event30/ercb_s0
aria,aria1253,20,60,rr,0,7321,27.003288105221614,54373,24.164653604030608,43.79212188720703,1116,24,/home/wosas/Desktop/Incremental_mapping_test/gs_floaterLab/results/ERCB_ablation/benchmark-B_5070ti_stride20/aria/aria1253/stride20/event60/rr_s0
aria,aria1253,20,60,ercb,0,7321,27.622980714575647,54373,24.2041856610775,44.0308792591095,1070,70,/home/wosas/Desktop/Incremental_mapping_test/gs_floaterLab/results/ERCB_ablation/benchmark-B_5070ti_stride20/aria/aria1253/stride20/event60/ercb_s0
aria,aria1253rot,40,15,rr,0,2761,22.92184102281611,20734,8.843770022630691,30.31766653060913,1283,27,/home/wosas/Desktop/Incremental_mapping_test/gs_floaterLab/results/ERCB_ablation/benchmark-B_5070ti_stride20/aria/aria1253rot/stride40/event15/rr_s0
aria,aria1253rot,40,15,ercb,0,2761,23.42824875040257,20734,8.819631745576858,29.419455766677856,1124,186,/home/wosas/Desktop/Incremental_mapping_test/gs_floaterLab/results/ERCB_ablation/benchmark-B_5070ti_stride20/aria/aria1253rot/stride40/event15/ercb_s0
aria,aria1253rot,20,15,rr,0,2761,23.40757298976817,82995,11.045052453041077,32.645864486694336,1283,27,/home/wosas/Desktop/Incremental_mapping_test/gs_floaterLab/results/ERCB_ablation/benchmark-B_5070ti_stride20/aria/aria1253rot/stride20/event15/rr_s0
aria,aria1253rot,20,15,ercb,0,2761,24.17979421006872,82995,11.119048486232758,32.33553695678711,1124,186,/home/wosas/Desktop/Incremental_mapping_test/gs_floaterLab/results/ERCB_ablation/benchmark-B_5070ti_stride20/aria/aria1253rot/stride20/event15/ercb_s0
aria,aria1253rot,20,30,rr,0,5521,25.43893449864489,82995,21.42289303421974,43.23860955238342,1257,53,/home/wosas/Desktop/Incremental_mapping_test/gs_floaterLab/results/ERCB_ablation/benchmark-B_5070ti_stride20/aria/aria1253rot/stride20/event30/rr_s0
aria,aria1253rot,20,30,ercb,0,5521,25.397268630088643,82995,21.507951516866683,43.013633012771606,1218,92,/home/wosas/Desktop/Incremental_mapping_test/gs_floaterLab/results/ERCB_ablation/benchmark-B_5070ti_stride20/aria/aria1253rot/stride20/event30/ercb_s0
aria,aria1253rot,20,60,rr,0,11041,26.40115982420901,82995,42.4248642835617,65.2572283744812,1274,36,/home/wosas/Desktop/Incremental_mapping_test/gs_floaterLab/results/ERCB_ablation/benchmark-B_5070ti_stride20/aria/aria1253rot/stride20/event60/rr_s0
aria,aria1253rot,20,60,ercb,0,11041,26.36831528075198,82995,42.30799165916443,65.24603986740112,1258,52,/home/wosas/Desktop/Incremental_mapping_test/gs_floaterLab/results/ERCB_ablation/benchmark-B_5070ti_stride20/aria/aria1253rot/stride20/event60/ercb_s0
aria,aria301_305,40,15,rr,0,2521,25.661309304691496,16378,7.503845700979233,41.18320178985596,1704,648,/home/wosas/Desktop/Incremental_mapping_test/gs_floaterLab/results/ERCB_ablation/benchmark-B_5070ti_stride20/aria/aria301_305/stride40/event15/rr_s0
aria,aria301_305,40,15,ercb,0,2521,25.535489928154718,16378,7.603284189939499,40.25344252586365,1648,704,/home/wosas/Desktop/Incremental_mapping_test/gs_floaterLab/results/ERCB_ablation/benchmark-B_5070ti_stride20/aria/aria301_305/stride40/event15/ercb_s0
aria,aria301_305,20,15,rr,0,2521,27.206051582381836,65583,9.002540798425674,42.10136556625366,1704,648,/home/wosas/Desktop/Incremental_mapping_test/gs_floaterLab/results/ERCB_ablation/benchmark-B_5070ti_stride20/aria/aria301_305/stride20/event15/rr_s0
aria,aria301_305,20,15,ercb,0,2521,27.024271630105517,65583,9.11865604043007,41.90534043312073,1648,704,/home/wosas/Desktop/Incremental_mapping_test/gs_floaterLab/results/ERCB_ablation/benchmark-B_5070ti_stride20/aria/aria301_305/stride20/event15/ercb_s0
aria,aria301_305,20,30,rr,0,5041,28.967552752721875,65583,17.60325480079651,50.975064277648926,2022,330,/home/wosas/Desktop/Incremental_mapping_test/gs_floaterLab/results/ERCB_ablation/benchmark-B_5070ti_stride20/aria/aria301_305/stride20/event30/rr_s0
aria,aria301_305,20,30,ercb,0,5041,28.954696547417413,65583,17.66499468946457,51.13731241226196,2061,291,/home/wosas/Desktop/Incremental_mapping_test/gs_floaterLab/results/ERCB_ablation/benchmark-B_5070ti_stride20/aria/aria301_305/stride20/event30/ercb_s0
aria,aria301_305,20,60,rr,0,10081,30.46896071093423,65583,34.306712404966355,68.89806962013245,2158,194,/home/wosas/Desktop/Incremental_mapping_test/gs_floaterLab/results/ERCB_ablation/benchmark-B_5070ti_stride20/aria/aria301_305/stride20/event60/rr_s0
aria,aria301_305,20,60,ercb,0,10081,30.322421357745213,65583,34.5835218603611,68.70807695388794,2203,149,/home/wosas/Desktop/Incremental_mapping_test/gs_floaterLab/results/ERCB_ablation/benchmark-B_5070ti_stride20/aria/aria301_305/stride20/event60/ercb_s0
aria,aria301_12F,40,15,rr,0,5221,26.424281483111173,37575,18.46619426226616,47.836305379867554,1659,266,/home/wosas/Desktop/Incremental_mapping_test/gs_floaterLab/results/ERCB_ablation/benchmark-B_5070ti_stride20/aria/aria301_12F/stride40/event15/rr_s0
aria,aria301_12F,40,15,ercb,0,5221,26.401820663092792,37575,18.532115079164505,46.715925216674805,1688,237,/home/wosas/Desktop/Incremental_mapping_test/gs_floaterLab/results/ERCB_ablation/benchmark-B_5070ti_stride20/aria/aria301_12F/stride40/event15/ercb_s0
aria,aria301_12F,20,15,rr,0,5221,26.893066261125647,150448,29.62309307527542,60.116612911224365,1659,266,/home/wosas/Desktop/Incremental_mapping_test/gs_floaterLab/results/ERCB_ablation/benchmark-B_5070ti_stride20/aria/aria301_12F/stride20/event15/rr_s0
aria,aria301_12F,20,15,ercb,0,5221,27.210402025692705,150448,29.762774072885513,59.49745035171509,1688,237,/home/wosas/Desktop/Incremental_mapping_test/gs_floaterLab/results/ERCB_ablation/benchmark-B_5070ti_stride20/aria/aria301_12F/stride20/event15/ercb_s0
aria,aria301_12F,20,30,rr,0,10441,27.55577592573304,150448,57.74157613587379,88.77168250083923,1750,175,/home/wosas/Desktop/Incremental_mapping_test/gs_floaterLab/results/ERCB_ablation/benchmark-B_5070ti_stride20/aria/aria301_12F/stride20/event30/rr_s0
aria,aria301_12F,20,30,ercb,0,10441,27.677899650905445,150448,57.269287107944486,87.86527872085571,1778,147,/home/wosas/Desktop/Incremental_mapping_test/gs_floaterLab/results/ERCB_ablation/benchmark-B_5070ti_stride20/aria/aria301_12F/stride20/event30/ercb_s0
aria,aria301_12F,20,60,rr,0,20881,28.407092146251514,150448,112.53748576426506,145.82134342193604,1875,50,/home/wosas/Desktop/Incremental_mapping_test/gs_floaterLab/results/ERCB_ablation/benchmark-B_5070ti_stride20/aria/aria301_12F/stride20/event60/rr_s0
aria,aria301_12F,20,60,ercb,0,20881,28.67523237242215,150448,112.07058789896965,145.20254802703857,1839,86,/home/wosas/Desktop/Incremental_mapping_test/gs_floaterLab/results/ERCB_ablation/benchmark-B_5070ti_stride20/aria/aria301_12F/stride20/event60/ercb_s0
