dataset,scene,status,baseline_peak,baseline_renders,ours_renders,final_baseline_psnr,final_ours_psnr,baseline_curve,baseline_curve_sha256,ours_curve,ours_curve_sha256,saved_renders,reduction_percent
rpng,table_01,reached,22.606506437063217,10040,6681,22.606506437063217,25.6367025077343,/home/intern/gs_floaterLab/results/campaigns/gain_attribution/cvpr_assets/fixed_work_v1/render40/rpng/table_01/vanilla/curve_evaluation/summary.json,e576a1874cf05fa094a61b1d7daa77249ce4c8a1d7dc1ac553e41bfe1a9947c3,/home/intern/gs_floaterLab/results/campaigns/gain_attribution/cvpr_assets/fixed_work_v1/render40/rpng/table_01/d3/curve_evaluation/summary.json,83489bca17be5afdd4fdf219ca3f71b16d5b1769f7d8b86de186e9af97bfd7ed,3359,33.45617529880478
rpng,table_02,reached,20.324549287557602,12012,8321,20.01161167025566,24.170329332351685,/home/intern/gs_floaterLab/results/campaigns/gain_attribution/cvpr_assets/fixed_work_v1/render40/rpng/table_02/vanilla/curve_evaluation/summary.json,128bd3ef151e3a1d351a19f7923fe3382196abeefee7a4bb2a16535ad15714c1,/home/intern/gs_floaterLab/results/campaigns/gain_attribution/cvpr_assets/fixed_work_v1/render40/rpng/table_02/d3/curve_evaluation/summary.json,320e5ac529cca1b7a27b5aceaf5bfe610b02b369c46fd62a585aa1c4f3693136,3691,30.727605727605727
rpng,table_03,reached,21.057454019784927,11013,8481,20.730707734823227,25.116330981254578,/home/intern/gs_floaterLab/results/campaigns/gain_attribution/cvpr_assets/fixed_work_v1/render40/rpng/table_03/vanilla/curve_evaluation/summary.json,19199993896b66891fcff374ba3a8c156a09a07900fd1a484fa605046107f42f,/home/intern/gs_floaterLab/results/campaigns/gain_attribution/cvpr_assets/fixed_work_v1/render40/rpng/table_03/d3/curve_evaluation/summary.json,a94e1c0e166d19098e4e8521285acacc3dd138fec9dd02154b72e17f795a35f6,2532,22.991010623808226
rpng,table_04,reached,20.89857080578804,14760,9761,20.89857080578804,23.275673389434814,/home/intern/gs_floaterLab/results/campaigns/gain_attribution/cvpr_assets/fixed_work_v1/render40/rpng/table_04/vanilla/curve_evaluation/summary.json,5b2c97985f50b31c46e9854eac8a305e7c33ceb05af4d2b09846be1aef33af93,/home/intern/gs_floaterLab/results/campaigns/gain_attribution/cvpr_assets/fixed_work_v1/render40/rpng/table_04/d3/curve_evaluation/summary.json,4265e15ffa3f485f26c5d0137f04a7f8646980782b65d170ce05e6c477fa6cb3,4999,33.86856368563686
rpng,table_05,reached,20.811840191483498,12680,9201,20.811840191483498,23.106598287820816,/home/intern/gs_floaterLab/results/campaigns/gain_attribution/cvpr_assets/fixed_work_v1/render40/rpng/table_05/vanilla/curve_evaluation/summary.json,3b8a4353329b0d2dbc5b62b0edb839802efb2abef4b824b4ad1c7d61419de1b5,/home/intern/gs_floaterLab/results/campaigns/gain_attribution/cvpr_assets/fixed_work_v1/render40/rpng/table_05/d3/curve_evaluation/summary.json,5170c213021de1f738033a1094f420c2738da22c34a72e679e3c3a688f0a699e,3479,27.436908517350158
rpng,table_06,reached,22.50980442762375,9080,7201,22.50980442762375,25.08021917939186,/home/intern/gs_floaterLab/results/campaigns/gain_attribution/cvpr_assets/fixed_work_v1/render40/rpng/table_06/vanilla/curve_evaluation/summary.json,a35ab2c0c6093057f6ac6ac032435aa8e0169a033f742f0b243870fded8f95a4,/home/intern/gs_floaterLab/results/campaigns/gain_attribution/cvpr_assets/fixed_work_v1/render40/rpng/table_06/d3/curve_evaluation/summary.json,b6413d4ee8ccc98b030ac675c4f5ac06f126268d6590508138183a2f3fb03dcb,1879,20.69383259911894
rpng,table_07,reached,23.934722810983658,8080,4361,23.934722810983658,27.404447853565216,/home/intern/gs_floaterLab/results/campaigns/gain_attribution/cvpr_assets/fixed_work_v1/render40/rpng/table_07/vanilla/curve_evaluation/summary.json,e6308bcb50c6d826e86383cec16cc880a4b70222dbf46bb567520a3d31ab9987,/home/intern/gs_floaterLab/results/campaigns/gain_attribution/cvpr_assets/fixed_work_v1/render40/rpng/table_07/d3/curve_evaluation/summary.json,6c329aefab83dc56956c32a6ba2535aed3e095f0e09d3f6dfd603795802b3b23,3719,46.027227722772274
rpng,table_08,reached,22.609201967716217,16773,6841,21.92684492468834,24.920273810625076,/home/intern/gs_floaterLab/results/campaigns/gain_attribution/cvpr_assets/fixed_work_v1/render40/rpng/table_08/vanilla/curve_evaluation/summary.json,88a8eef16ada2a359ef44c3b6b33c8f5a8360e98cbb2cf25d58872e40b0d7433,/home/intern/gs_floaterLab/results/campaigns/gain_attribution/cvpr_assets/fixed_work_v1/render40/rpng/table_08/d3/curve_evaluation/summary.json,5e54b14b9651acad54eb43c3463c7881b2df2861cdb101069bda49fe7da88adb,9932,59.21421331902462
utmm,ego-centric-1,reached,17.025840133428574,2373,1881,16.735608339309692,20.150260761380196,/home/intern/gs_floaterLab/results/campaigns/gain_attribution/cvpr_assets/fixed_work_v1/render40/utmm/ego-centric-1/vanilla/curve_evaluation/summary.json,b268634b86211be531d2124e8cd438fa143cd31b120589a82a58c6e5a027f016,/home/intern/gs_floaterLab/results/campaigns/gain_attribution/cvpr_assets/fixed_work_v1/render40/utmm/ego-centric-1/d3/curve_evaluation/summary.json,0188e2c9bf6bce64e2601a95accf669e43287c9dd8b34e2d0649a1a3cd5eda2f,492,20.733249051833123
utmm,ego-centric-2,reached,18.089085549116135,2560,1761,18.089085549116135,19.551396071910858,/home/intern/gs_floaterLab/results/campaigns/gain_attribution/cvpr_assets/fixed_work_v1/render40/utmm/ego-centric-2/vanilla/curve_evaluation/summary.json,d4349ee8cc361f31e5439544af0ab59731aa267c6175f1aa12952f0017225e8f,/home/intern/gs_floaterLab/results/campaigns/gain_attribution/cvpr_assets/fixed_work_v1/render40/utmm/ego-centric-2/d3/curve_evaluation/summary.json,c2279fad42a54c66d6354af6d6e459e8fa9db1745f18f7264aee366ece46df95,799,31.2109375
utmm,ego-drive,reached,18.817411795258522,4560,4361,18.817411795258522,21.440746307373047,/home/intern/gs_floaterLab/results/campaigns/gain_attribution/cvpr_assets/fixed_work_v1/render40/utmm/ego-drive/vanilla/curve_evaluation/summary.json,16a9fb7deea572b2d7dce8f5d35c363ddcfc142c59ab27c2fb35891db6032720,/home/intern/gs_floaterLab/results/campaigns/gain_attribution/cvpr_assets/fixed_work_v1/render40/utmm/ego-drive/d3/curve_evaluation/summary.json,47f951f69d53c055ff51fccebd91b956b21e5376bb9bd1519c7315a6df36257f,199,4.364035087719298
utmm,fast-straight,reached,15.509818360209465,1080,1080,15.509818360209465,18.71560062468052,/home/intern/gs_floaterLab/results/campaigns/gain_attribution/cvpr_assets/fixed_work_v1/render40/utmm/fast-straight/vanilla/curve_evaluation/summary.json,d1162a5b9181b0f19bce896e05c69417d94409d23a4e703217ef0f9fdfa7ec3f,/home/intern/gs_floaterLab/results/campaigns/gain_attribution/cvpr_assets/fixed_work_v1/render40/utmm/fast-straight/d3/curve_evaluation/summary.json,af34af5af831d916aefd5479c26f713c6e8ce4c52656f69677d4a11b8c2583c1,0,0.0
utmm,slow-straight-1,reached,13.520080737769604,200,200,13.520080737769604,16.941004067659378,/home/intern/gs_floaterLab/results/campaigns/gain_attribution/cvpr_assets/fixed_work_v1/render40/utmm/slow-straight-1/vanilla/curve_evaluation/summary.json,1cd6cddbe2b6d4402aee977ad522bbb951cce2c2c4f4c3e943a7c569fccd82a6,/home/intern/gs_floaterLab/results/campaigns/gain_attribution/cvpr_assets/fixed_work_v1/render40/utmm/slow-straight-1/d3/curve_evaluation/summary.json,5d0ab4300bd745e04c93ce4bb030d2fe6d8d5cd50674af611e84ed9e0de029c7,0,0.0
utmm,slow-straight-2,reached,15.057659447193146,2080,2080,15.057659447193146,22.718859687447548,/home/intern/gs_floaterLab/results/campaigns/gain_attribution/cvpr_assets/fixed_work_v1/render40/utmm/slow-straight-2/vanilla/curve_evaluation/summary.json,d0c98cdd71745a4eb693b7645b3af9731a387836234d8c38ebdc5dce181c803e,/home/intern/gs_floaterLab/results/campaigns/gain_attribution/cvpr_assets/fixed_work_v1/render40/utmm/slow-straight-2/d3/curve_evaluation/summary.json,43859eb46def4eb7dc6083b3cf58e974c05767286286bd2d558178faf9dc0063,0,0.0
utmm,square-1,reached,18.74601721763611,3600,3041,18.74601721763611,22.005116119980812,/home/intern/gs_floaterLab/results/campaigns/gain_attribution/cvpr_assets/fixed_work_v1/render40/utmm/square-1/vanilla/curve_evaluation/summary.json,d6b5d949242654fcc9901f02d949c59dc4bce105ebcd342de207f5b474cfce21,/home/intern/gs_floaterLab/results/campaigns/gain_attribution/cvpr_assets/fixed_work_v1/render40/utmm/square-1/d3/curve_evaluation/summary.json,03db1e7ae6f59d8a1a2cab78304771c5a7a1d01ff1f89ff2771f87648dd17d61,559,15.527777777777779
utmm,square-2,reached,18.789461478590965,3080,2881,18.789461478590965,22.21333172917366,/home/intern/gs_floaterLab/results/campaigns/gain_attribution/cvpr_assets/fixed_work_v1/render40/utmm/square-2/vanilla/curve_evaluation/summary.json,f33738374d5311a5e748a44fa2a03662d67af897bd3a1a1641ec576a4ad5cb30,/home/intern/gs_floaterLab/results/campaigns/gain_attribution/cvpr_assets/fixed_work_v1/render40/utmm/square-2/d3/curve_evaluation/summary.json,e2e8b7521e1167066cbf7f3a04b8f76771d56789dfa215cf15ff3379137216b9,199,6.461038961038961
aria,aria1253,reached,21.0515468865633,4253,4241,20.482643023133278,25.512087553739548,/home/intern/gs_floaterLab/results/campaigns/gain_attribution/cvpr_assets/fixed_work_v1/render40/aria/aria1253/vanilla/curve_evaluation/summary.json,0b3dc0e97c8eb80b75402091dcc9358e424e24a24147c01db364d9dc9d24edbc,/home/intern/gs_floaterLab/results/campaigns/gain_attribution/cvpr_assets/fixed_work_v1/render40/aria/aria1253/d3/curve_evaluation/summary.json,81702343f8dbb0a662a0d3ce920d48caf0ea17c255014883874d1e6c4c938ffb,12,0.2821537738067247
aria,aria1253rot,reached,21.798608243465424,6120,6120,21.798608243465424,24.891524851322174,/home/intern/gs_floaterLab/results/campaigns/gain_attribution/cvpr_assets/fixed_work_v1/render40/aria/aria1253rot/vanilla/curve_evaluation/summary.json,b826f5d3072982053af1a21f13502911fdfcf652be016b89fe1d36a906666d27,/home/intern/gs_floaterLab/results/campaigns/gain_attribution/cvpr_assets/fixed_work_v1/render40/aria/aria1253rot/d3/curve_evaluation/summary.json,60171ba782e15c70ca15a56be242aa1dff7fd031c4687df57854d01fba913529,0,0.0
aria,aria301_12F,reached,24.132975786924362,11480,10161,24.132975786924362,27.326581865549088,/home/intern/gs_floaterLab/results/campaigns/gain_attribution/cvpr_assets/fixed_work_12f_v1/render40/aria/aria301_12F/vanilla/curve_evaluation/summary.json,66957ca43ad513ca4ce6c99107a385c81bbbeebb71aff591622c89d69f430471,/home/intern/gs_floaterLab/results/campaigns/gain_attribution/cvpr_assets/fixed_work_12f_v1/render40/aria/aria301_12F/d3/curve_evaluation/summary.json,ebc915e52275d7a012aa34f7443cef69e926419ee1ff9f7cbfb93fe5eb2e4154,1319,11.489547038327526
aria,aria301_305,reached,20.691482096910477,5840,5840,20.691482096910477,24.749794155359268,/home/intern/gs_floaterLab/results/campaigns/gain_attribution/cvpr_assets/fixed_work_v1/render40/aria/aria301_305/vanilla/curve_evaluation/summary.json,62b78953759a34a078168820fc35f5af3cad956f727323def0bf6b19eb0a79eb,/home/intern/gs_floaterLab/results/campaigns/gain_attribution/cvpr_assets/fixed_work_v1/render40/aria/aria301_305/d3/curve_evaluation/summary.json,574bc8f9765827f5e0a397b0fd9ec2dab852e08715ad0fa88e6a76f86fd002a9,0,0.0
