protocol,dataset,scene,arm,renders_per_kf_cap,time_scale,psnr,ssim,lpips,gaussians,eval_views,training_renders,proxy_renders,mapping_seconds,allowed_seconds,tracking_seconds,lag_p95_seconds,dropped_packets,tracking_config_scope,peak_cuda_allocated_bytes,result_sha256,output,metric_path,metric_sha256,cohort_uid_sha256
live_fifo,aria,aria1253,ours,40,1,23.283798996728795,0.7596995127565078,0.30443837800781237,179897,262,3292,1676,,65.09999891300004,69.41958943894133,5.2926827256567766,9,same_between_arms,5740776448,32e95c0aa8df767dd0a722048f50297831873b2b13364ea0a5fa5c1018585cb8,/home/intern/gs_floaterLab/results/campaigns/gain_attribution/fifo_live/v1/scale1/aria/ours,/home/intern/gs_floaterLab/results/campaigns/gain_attribution/fifo_live/v1/scale1/aria/ours/psnr/strict_fixed_manifest/final_result.json,0b47df59d0fc81981159641af255e08f33bd2731149263b0653cbe9c464303a0,065c82f1592a2fb21a0297b6639cee99bb7a8a4790474a87e6bce10f02505b0b
live_fifo,aria,aria1253,vanilla,40,1,20.065057652597208,0.6930060880329773,0.49845247164027384,247793,262,4159,0,,65.09999891300004,65.5566164997872,1.8879820366390045,6,same_between_arms,,31e0b0d1adffe6a10f7dde73ca5827fb6fc4df217a014050a6989a7f8fd39854,/home/intern/gs_floaterLab/results/campaigns/gain_attribution/fifo_live/v1/scale1/aria/vanilla,/home/intern/gs_floaterLab/results/campaigns/gain_attribution/fifo_live/v1/scale1/aria/vanilla/psnr/strict_fixed_manifest/final_result.json,d815f1f7254564c835b8c8e81d5908ccc05c802323aff00b79ab760a0f677fa7,065c82f1592a2fb21a0297b6639cee99bb7a8a4790474a87e6bce10f02505b0b
live_fifo,aria,aria1253,ours,40,1.5,25.77303850013791,0.8558496025227408,0.2588890673208783,184678,262,3640,1850,,97.64999836950005,97.67256407812238,1.309792646416457,3,same_between_arms,5740327424,578bb2cfa3da0394cf86cad939d00d94186a98281040930a177e22f661894a32,/home/intern/gs_floaterLab/results/campaigns/gain_attribution/fifo_live/v1/scale1p5/aria/ours,/home/intern/gs_floaterLab/results/campaigns/gain_attribution/fifo_live/v1/scale1p5/aria/ours/psnr/strict_fixed_manifest/final_result.json,c0ca6ae90ea23c4019622d97fa653470f551f7170093f53b29d38632a6255eca,065c82f1592a2fb21a0297b6639cee99bb7a8a4790474a87e6bce10f02505b0b
live_fifo,aria,aria1253,vanilla,40,1.5,21.16782244835191,0.7099278378122635,0.5113071228256663,185946,262,4200,0,,97.64999836950005,97.67272765398957,0.7137337698135516,3,same_between_arms,,c02ae5c64f882deaab89b8562c8c26e3dc31285b28b3ffc180dbb607e3b3c0a8,/home/intern/gs_floaterLab/results/campaigns/gain_attribution/fifo_live/v1/scale1p5/aria/vanilla,/home/intern/gs_floaterLab/results/campaigns/gain_attribution/fifo_live/v1/scale1p5/aria/vanilla/psnr/strict_fixed_manifest/final_result.json,f92aecddc437acf2488887965a49cd19306fc897e25d8e435751fe69dc3e37ce,065c82f1592a2fb21a0297b6639cee99bb7a8a4790474a87e6bce10f02505b0b
live_fifo,aria,aria1253rot,ours,40,1,23.96086298207768,0.8157041129518727,0.2915240903369716,169880,305,4560,2310,,75.99999987499996,93.42219292395748,16.873810779768974,25,same_between_arms,6497702912,196faf7951216020ea50c0ff5e6b03d7311c3e7c51ea8f6096d3572bcb9a5627,/home/intern/gs_floaterLab/results/campaigns/gain_attribution/fifo_live/v1/scale1/rot/ours,/home/intern/gs_floaterLab/results/campaigns/gain_attribution/fifo_live/v1/scale1/rot/ours/psnr/strict_fixed_manifest/final_result.json,76b3c2415d39b7c5443f1e99ac523e867a155996c03367cf57b479cd0cf2543d,d36df3f40d06e9122a8425d4b58d11d2ad70dbdec01b71fdcd4c5165dfb73727
live_fifo,aria,aria1253rot,vanilla,40,1,21.183946256168554,0.7197787314164834,0.4878133338982942,227085,305,5240,0,,75.99999987499996,80.33240165095776,5.594871546141803,7,same_between_arms,,eda9c197a8302b0f06d06322334381b682cb31e6e1a9a02150dbe1a2cd92ae37,/home/intern/gs_floaterLab/results/campaigns/gain_attribution/fifo_live/v1/scale1/rot/vanilla,/home/intern/gs_floaterLab/results/campaigns/gain_attribution/fifo_live/v1/scale1/rot/vanilla/psnr/strict_fixed_manifest/final_result.json,5dc3c00e78d2f829bc14dfe661076b36bef4f2a9e04477edd9df660d93a48cf5,d36df3f40d06e9122a8425d4b58d11d2ad70dbdec01b71fdcd4c5165dfb73727
live_fifo,aria,aria1253rot,ours,40,1.5,24.75129418920298,0.8369624917624426,0.26315621943747414,189456,305,5480,2770,,113.99999981249994,116.03360276599415,3.7292527540121228,6,same_between_arms,6545864704,c9593de04aa087d1768cf097f8914a0fff9ee8d9dced6a14d9702cda8e5e5c71,/home/intern/gs_floaterLab/results/campaigns/gain_attribution/fifo_live/v1/scale1p5/rot/ours,/home/intern/gs_floaterLab/results/campaigns/gain_attribution/fifo_live/v1/scale1p5/rot/ours/psnr/strict_fixed_manifest/final_result.json,fb0e47ac88e845feb167507b86a5d47d831b124cc3e8c122a97cd9c79a634334,d36df3f40d06e9122a8425d4b58d11d2ad70dbdec01b71fdcd4c5165dfb73727
live_fifo,aria,aria1253rot,vanilla,40,1.5,21.61899426569704,0.7357675634446691,0.4733859076851704,260001,305,5584,0,,113.99999981249994,114.02218396705575,1.0379106339532882,2,same_between_arms,,61ca4b8eab2a45abb687167655c40f8d4c1af7f33e42f2307b8fb0aebedf2b7b,/home/intern/gs_floaterLab/results/campaigns/gain_attribution/fifo_live/v1/scale1p5/rot/vanilla,/home/intern/gs_floaterLab/results/campaigns/gain_attribution/fifo_live/v1/scale1p5/rot/vanilla/psnr/strict_fixed_manifest/final_result.json,dbc6490194d386bd04a5911b60fc9746e629731de858faad39936e477d009556,d36df3f40d06e9122a8425d4b58d11d2ad70dbdec01b71fdcd4c5165dfb73727
live_fifo,rpng,table_06,ours,40,1,24.12675006282222,0.8289627677685506,0.16720502855138736,171277,555,4680,2370,,92.24467062950134,124.73897861503065,34.67823333411943,4,end_to_end_different_motion_window_radius,6356694016,ca6f655350d8fb11188f77a2b7594ef023a5c5cc990a07f7b2f237dda56f9357,/home/intern/gs_floaterLab/results/campaigns/gain_attribution/fifo_live/v1/scale1/rpng/ours,/home/intern/gs_floaterLab/results/campaigns/gain_attribution/fifo_live/v1/scale1/rpng/ours/psnr/strict_fixed_manifest/final_result.json,27684305798097f1e582cb76a9a8020209f5af430aeb60e174c49fcf1b3b44ce,9b68b45ffda8f869996764f01614633809be3b5453158df9b5d8700fcbe3dda7
live_fifo,rpng,table_06,vanilla,40,1,20.861975919018995,0.6815413147479564,0.39113889239929817,199454,555,4520,0,,92.24467062950134,151.89595809811726,62.279473460279405,3,end_to_end_different_motion_window_radius,,657e1754309dcb7b98ea25dd09d9d690ce3dc091cbe8d75e86e8f31d22c35bc7,/home/intern/gs_floaterLab/results/campaigns/gain_attribution/fifo_live/v1/scale1/rpng/vanilla,/home/intern/gs_floaterLab/results/campaigns/gain_attribution/fifo_live/v1/scale1/rpng/vanilla/psnr/strict_fixed_manifest/final_result.json,00b7dc0b9d34c603c7975c98f76676efb35b37c3fc080f85fef4cfa5166acbda,9b68b45ffda8f869996764f01614633809be3b5453158df9b5d8700fcbe3dda7
live_fifo,rpng,table_06,ours,40,1.5,24.98133297138386,0.8601784794717222,0.14101490485775578,210818,555,6640,3350,,138.367005944252,142.05981872300617,10.429204267333262,4,end_to_end_different_motion_window_radius,6359282688,9f06dc6eff0eb7e6b6b9f12181cb7fc2012294465cd56be6b559f4798efb2813,/home/intern/gs_floaterLab/results/campaigns/gain_attribution/fifo_live/v1/scale1p5/rpng/ours,/home/intern/gs_floaterLab/results/campaigns/gain_attribution/fifo_live/v1/scale1p5/rpng/ours/psnr/strict_fixed_manifest/final_result.json,9c4f0e41a47be322d9e5a9a9c8aaf9a4fe3424aef65f23afa13e1dfc74903a86,9b68b45ffda8f869996764f01614633809be3b5453158df9b5d8700fcbe3dda7
live_fifo,rpng,table_06,vanilla,40,1.5,21.142978231756537,0.6745608550471228,0.363290317799594,172413,555,6560,0,,138.367005944252,169.3865443880204,42.15749983058777,4,end_to_end_different_motion_window_radius,,93dd2f1fd80f340c1a69f68381b291f9ad2782de20e52985e0b290a49c2de3ef,/home/intern/gs_floaterLab/results/campaigns/gain_attribution/fifo_live/v1/scale1p5/rpng/vanilla,/home/intern/gs_floaterLab/results/campaigns/gain_attribution/fifo_live/v1/scale1p5/rpng/vanilla/psnr/strict_fixed_manifest/final_result.json,219cb57332bae3065e6251a76d67bd3c90523524de6380356577025ede222d73,9b68b45ffda8f869996764f01614633809be3b5453158df9b5d8700fcbe3dda7
live_fifo,utmm,square-1,ours,40,1,21.17349331761584,0.7339485398045292,0.3223723464955886,105690,324,2040,1051,,53.80941700935364,54.335821729153395,1.470217323221732,1,end_to_end_different_motion_window_radius,4453686272,426748d6f6fdba20032d3335762f9c4c5af3dd6c3bf6cfc85e0de376878fd930,/home/intern/gs_floaterLab/results/campaigns/gain_attribution/fifo_live/v1/scale1/utmm/ours,/home/intern/gs_floaterLab/results/campaigns/gain_attribution/fifo_live/v1/scale1/utmm/ours/psnr/strict_fixed_manifest/final_result.json,713de7e87bf6746d0b5ff98f9ba902d184515a88f677fc43d6f0c17a0634d317,674fc2f2cca9af8f824cf74e95f5810410112b815358e8ce44e280a9185859ec
live_fifo,utmm,square-1,vanilla,40,1,18.752133696167558,0.6212340764425419,0.5049383778263021,153413,324,3160,0,,53.80941700935364,54.34218886308372,3.054474526667036,1,end_to_end_different_motion_window_radius,,d3180705b26485433973d8c91d3c3fc3a697e2cdf56cb0a882ae979c68235811,/home/intern/gs_floaterLab/results/campaigns/gain_attribution/fifo_live/v1/scale1/utmm/vanilla,/home/intern/gs_floaterLab/results/campaigns/gain_attribution/fifo_live/v1/scale1/utmm/vanilla/psnr/strict_fixed_manifest/final_result.json,06fbd4230962c89ec3c85365e38e1d357a5d17bc61f06ee830e1ad448689949d,674fc2f2cca9af8f824cf74e95f5810410112b815358e8ce44e280a9185859ec
live_fifo,utmm,square-1,ours,40,1.5,21.098959104514417,0.7323396228897718,0.3247890523462384,105886,324,2040,1051,,80.71412551403046,80.88742585689761,0.29862558364402403,0,end_to_end_different_motion_window_radius,4452871168,600b1c0e467e473b2a3b9e8c1f6241b00b56be87cb2c897e8d4398603c23cd88,/home/intern/gs_floaterLab/results/campaigns/gain_attribution/fifo_live/v1/scale1p5/utmm/ours,/home/intern/gs_floaterLab/results/campaigns/gain_attribution/fifo_live/v1/scale1p5/utmm/ours/psnr/strict_fixed_manifest/final_result.json,1fedbe893f573c48c0f2fa59c8795e660e20e064fd4795f30e982042bd0d34f1,674fc2f2cca9af8f824cf74e95f5810410112b815358e8ce44e280a9185859ec
live_fifo,utmm,square-1,vanilla,40,1.5,18.58018343536942,0.6190810944931007,0.5071957484807497,153373,324,3160,0,,80.71412551403046,80.8669381190557,0.9242322284611871,1,end_to_end_different_motion_window_radius,,5e583d5c3cf2b8f8f168bc15b54c6a562aa72d6b28e3a207bff63327ae07b3cb,/home/intern/gs_floaterLab/results/campaigns/gain_attribution/fifo_live/v1/scale1p5/utmm/vanilla,/home/intern/gs_floaterLab/results/campaigns/gain_attribution/fifo_live/v1/scale1p5/utmm/vanilla/psnr/strict_fixed_manifest/final_result.json,25db9ea6f7a2182065dd28ba8dea2055c3a553c08fed3bc5b348e48f1ec589cd,674fc2f2cca9af8f824cf74e95f5810410112b815358e8ce44e280a9185859ec
fixed_training40_d3,aria,aria1253rot,d3,40,,24.998510898527552,0.8537880989371753,0.25856209578084166,191086,305,6120,3114,51.41892228811048,,,,,,1123183616,528c5924a4196506fa7b7670ef59a6fadc9216103a7c8cac39829bf6a518ed67,/home/intern/gs_floaterLab/results/campaigns/gain_attribution/cvpr_assets/fixed_work_v1/render40/aria/aria1253rot/d3,/home/intern/gs_floaterLab/results/campaigns/gain_attribution/cvpr_assets/fixed_work_v1/render40/aria/aria1253rot/d3/psnr/strict_fixed_manifest/final_result.json,9727caf4f0dbf088b9efc73860eca77a6e45dac9b1dc5b61a83cb5319e371eb4,d36df3f40d06e9122a8425d4b58d11d2ad70dbdec01b71fdcd4c5165dfb73727
fixed_training40_d3,aria,aria1253rot,vanilla,40,,21.83502317960145,0.740832875009443,0.4653279411011055,257516,305,6120,0,37.12224988499656,,,,,,,c4084d6672eb28915557efa78daabcc307da39237658e6e2fb900ed3bcb9dc36,/home/intern/gs_floaterLab/results/campaigns/gain_attribution/cvpr_assets/fixed_work_v1/render40/aria/aria1253rot/vanilla,/home/intern/gs_floaterLab/results/campaigns/gain_attribution/cvpr_assets/fixed_work_v1/render40/aria/aria1253rot/vanilla/psnr/strict_fixed_manifest/final_result.json,a6a04c29ef33d18283439114970a4e277a1e6af476fc856c1582d6dd9d9aeecb,d36df3f40d06e9122a8425d4b58d11d2ad70dbdec01b71fdcd4c5165dfb73727
fixed_training15_d3,rpng,table_03,d3,15,,23.397692402827417,0.8095118796264223,0.1818976854312947,488146,1402,7155,3907,214.02049500495195,,,,,,3175665152,42706f40aa7036ea1ed124bf6ca4b79137ab9f74eedd30ce732b7b39373c7cab,/home/intern/gs_floaterLab/results/campaigns/gain_attribution/cvpr_assets/fixed_work_v1/render15/rpng/table_03/d3,/home/intern/gs_floaterLab/results/campaigns/gain_attribution/cvpr_assets/fixed_work_v1/render15/rpng/table_03/d3/psnr/strict_fixed_manifest/final_result.json,3bcd54ecce317941044e4acecbd3bf41085c6f97b7fbc41db6728e4495182224,f5e8fc63ad146e0e193e373d5791bc9784931088e799ade85d1b3df6638804a0
fixed_training15_d3,rpng,table_03,vanilla,15,,20.04718496183866,0.6567399531135205,0.3401714463355538,389088,1402,7155,0,158.44708122103475,,,,,,,a5f88d94a8f6798eb1992211b3355d1a40c52db3e377862184aec8d0bd57369a,/home/intern/gs_floaterLab/results/campaigns/gain_attribution/cvpr_assets/fixed_work_v1/render15/rpng/table_03/vanilla,/home/intern/gs_floaterLab/results/campaigns/gain_attribution/cvpr_assets/fixed_work_v1/render15/rpng/table_03/vanilla/psnr/strict_fixed_manifest/final_result.json,f1c113a41a1e6ef98e2a6c38801caf09c9edbc0575db9bc5351ec0ca227e48b9,f5e8fc63ad146e0e193e373d5791bc9784931088e799ade85d1b3df6638804a0
fixed_training40_d3,utmm,slow-straight-2,d3,40,,22.77454875126358,0.8000369101516471,0.2526228536259044,37935,121,2080,1159,14.7255943659693,,,,,,299439616,bd05098c3d16878fa587b1a49863b6855b946e93b396e27744b7f96b8c5bebc7,/home/intern/gs_floaterLab/results/campaigns/gain_attribution/cvpr_assets/fixed_work_v1/render40/utmm/slow-straight-2/d3,/home/intern/gs_floaterLab/results/campaigns/gain_attribution/cvpr_assets/fixed_work_v1/render40/utmm/slow-straight-2/d3/psnr/strict_fixed_manifest/final_result.json,b371b1b26ae2eba8da2adfcc8c377c0eec2cd87909d55fa8ab2285817b4aaa91,02b8eaafdd1987be8a8a47fd3afcf3c82f887fba6f8d3571cdc62a720cf485ed
fixed_training40_d3,utmm,slow-straight-2,vanilla,40,,15.12111733964652,0.5776386265912332,0.6134953156483075,35790,121,2080,0,13.567709763068706,,,,,,,9c331e01d4b159798d736d2bcb8516943c9575638587232661168d5de42e2f88,/home/intern/gs_floaterLab/results/campaigns/gain_attribution/cvpr_assets/fixed_work_v1/render40/utmm/slow-straight-2/vanilla,/home/intern/gs_floaterLab/results/campaigns/gain_attribution/cvpr_assets/fixed_work_v1/render40/utmm/slow-straight-2/vanilla/psnr/strict_fixed_manifest/final_result.json,fa388b9df13ce37ea3fc63cb994f1dfbfd3836d9279ea44050771ebbd287f674,02b8eaafdd1987be8a8a47fd3afcf3c82f887fba6f8d3571cdc62a720cf485ed
fixed_training40_d3,utmm,square-2,d3,40,,22.23544576216717,0.755830692271797,0.2953773387840816,114765,245,3080,1629,28.43816891196184,,,,,,584658944,cf1658c7608ddc8943696de4211401f6298bc133859f658ea358b7d0cff2659a,/home/intern/gs_floaterLab/results/campaigns/gain_attribution/cvpr_assets/fixed_work_v1/render40/utmm/square-2/d3,/home/intern/gs_floaterLab/results/campaigns/gain_attribution/cvpr_assets/fixed_work_v1/render40/utmm/square-2/d3/psnr/strict_fixed_manifest/final_result.json,cc0f916ae8eba4b7c3eee82c7fa508634285ce9349d4072bda0ff8ff35d9ae2e,20942376f434f1f112f1f0a3862681da4267a4e463c6c06b30319214c6608da0
fixed_training40_d3,utmm,square-2,vanilla,40,,18.786255019051687,0.6085623565985232,0.5321399104838469,119743,245,3080,0,24.309846254065633,,,,,,,5a31ab721c3bfe47fe3698aa33f6625c75e398f0cc59badd6b9d1037db3c3a0a,/home/intern/gs_floaterLab/results/campaigns/gain_attribution/cvpr_assets/fixed_work_v1/render40/utmm/square-2/vanilla,/home/intern/gs_floaterLab/results/campaigns/gain_attribution/cvpr_assets/fixed_work_v1/render40/utmm/square-2/vanilla/psnr/strict_fixed_manifest/final_result.json,762941253d2d995f01d4aa396ad7dbd70e3fc98e7906c3bd930ca72e9a000bfc,20942376f434f1f112f1f0a3862681da4267a4e463c6c06b30319214c6608da0
fixed_training40_d3,rpng,table_07,d3,40,,27.549992338351764,0.9101695417113493,0.09460354814527552,232446,958,8080,4138,105.1470490519423,,,,,,1374940160,730bbac01b16fd945d0bbe3eb1b09e66b0720a133f7cb9ef2b51e585263e4f3c,/home/intern/gs_floaterLab/results/campaigns/gain_attribution/cvpr_assets/fixed_work_v1/render40/rpng/table_07/d3,/home/intern/gs_floaterLab/results/campaigns/gain_attribution/cvpr_assets/fixed_work_v1/render40/rpng/table_07/d3/psnr/strict_fixed_manifest/final_result.json,f99193a06230749d7837360475bb2cf8627a154e0f654f11a606c407241c9639,f4dffe5bbc78d4c46ce4ba5b6c4f606ee8e424821a5b506a066753e091fc5c1b
fixed_training40_d3,rpng,table_07,vanilla,40,,24.011500866278727,0.8160148546068554,0.21352572969330127,196023,958,8080,0,75.93221841286868,,,,,,,36760a5471e7fc253d91b8b603e4247a71862f77b821203ec98e0cdc3531951c,/home/intern/gs_floaterLab/results/campaigns/gain_attribution/cvpr_assets/fixed_work_v1/render40/rpng/table_07/vanilla,/home/intern/gs_floaterLab/results/campaigns/gain_attribution/cvpr_assets/fixed_work_v1/render40/rpng/table_07/vanilla/psnr/strict_fixed_manifest/final_result.json,3fe6ba677d35ff291fa347dfcc2fb027e8009c660e0a9e966d09cad7478dace1,f4dffe5bbc78d4c46ce4ba5b6c4f606ee8e424821a5b506a066753e091fc5c1b
fixed_training15_d3,utmm,square-1,d3,15,,20.965688475856073,0.7238895458939635,0.3278146474909635,137791,324,1350,793,27.22930453205481,,,,,,672807936,2b8090773de75c521aa4f83571b96b2dd583fa3a6d92ff5b1134f29fc97a2431,/home/intern/gs_floaterLab/results/campaigns/gain_attribution/cvpr_assets/fixed_work_v1/render15/utmm/square-1/d3,/home/intern/gs_floaterLab/results/campaigns/gain_attribution/cvpr_assets/fixed_work_v1/render15/utmm/square-1/d3/psnr/strict_fixed_manifest/final_result.json,c5d788530ddb749cd1caae22341a49268da2514a9292409e18e813bf915722cf,674fc2f2cca9af8f824cf74e95f5810410112b815358e8ce44e280a9185859ec
fixed_training15_d3,utmm,square-1,vanilla,15,,15.860937889711357,0.5212434224876357,0.6541304986601995,177710,324,1350,0,23.132721347967163,,,,,,,078a85bbe23e3fbadbf30021507596fa71a2db4fa5b892fb26650cdc20d5d215,/home/intern/gs_floaterLab/results/campaigns/gain_attribution/cvpr_assets/fixed_work_v1/render15/utmm/square-1/vanilla,/home/intern/gs_floaterLab/results/campaigns/gain_attribution/cvpr_assets/fixed_work_v1/render15/utmm/square-1/vanilla/psnr/strict_fixed_manifest/final_result.json,fbce7e7ab97cf47e044f2a037f5f3539a4609b74e151c27edf2bd6c5c3029a46,674fc2f2cca9af8f824cf74e95f5810410112b815358e8ce44e280a9185859ec
fixed_training40_d3,aria,aria1253,d3,40,,25.747064095417052,0.8565131614681418,0.25910891160255173,194312,262,4760,2467,31.87364223692566,,,,,,840007680,0e71af2e42a884ad0797ae863587519cb9f081f99285bd262e10c779a164c848,/home/intern/gs_floaterLab/results/campaigns/gain_attribution/cvpr_assets/fixed_work_v1/render40/aria/aria1253/d3,/home/intern/gs_floaterLab/results/campaigns/gain_attribution/cvpr_assets/fixed_work_v1/render40/aria/aria1253/d3/psnr/strict_fixed_manifest/final_result.json,bcdaee84c70b10592bb1066d556d065d4481b33e3b6f2aaf7e070defd704ea23,065c82f1592a2fb21a0297b6639cee99bb7a8a4790474a87e6bce10f02505b0b
fixed_training40_d3,aria,aria1253,vanilla,40,,20.62817724606463,0.707206011728476,0.5117433204223182,190254,262,4760,0,22.287558371201158,,,,,,,a49030432f9f3af1dc80d466b78970a9b9f2d3ce375f3175a4abbc76b3d2cddc,/home/intern/gs_floaterLab/results/campaigns/gain_attribution/cvpr_assets/fixed_work_v1/render40/aria/aria1253/vanilla,/home/intern/gs_floaterLab/results/campaigns/gain_attribution/cvpr_assets/fixed_work_v1/render40/aria/aria1253/vanilla/psnr/strict_fixed_manifest/final_result.json,4cc510b4a22c3bb8cad2039d005cee825b4b24a4adcf955668c58fa71c6e4c9f,065c82f1592a2fb21a0297b6639cee99bb7a8a4790474a87e6bce10f02505b0b
fixed_training15_d3,aria,aria1253rot,d3,15,,23.803835471731716,0.823112618141487,0.3193481032477051,245242,305,2295,1268,30.278764418093488,,,,,,1179028992,11a7823e3f3d4f86b36aa75595f804a2df9917ceaf1bc92cbdff9a74a757d434,/home/intern/gs_floaterLab/results/campaigns/gain_attribution/cvpr_assets/fixed_work_v1/render15/aria/aria1253rot/d3,/home/intern/gs_floaterLab/results/campaigns/gain_attribution/cvpr_assets/fixed_work_v1/render15/aria/aria1253rot/d3/psnr/strict_fixed_manifest/final_result.json,14e2ec7dc2468fd55b4530cf7a2cbe6e0ce8153a67c3988d6bb095321663377e,d36df3f40d06e9122a8425d4b58d11d2ad70dbdec01b71fdcd4c5165dfb73727
fixed_training15_d3,aria,aria1253rot,vanilla,15,,20.373812591052445,0.7058175450465718,0.530817360076748,319845,305,2295,0,22.222224649973214,,,,,,,2dc2ab0aad71a27b28b4312b85d79aa49ed177852badb1fdb3063d164736b301,/home/intern/gs_floaterLab/results/campaigns/gain_attribution/cvpr_assets/fixed_work_v1/render15/aria/aria1253rot/vanilla,/home/intern/gs_floaterLab/results/campaigns/gain_attribution/cvpr_assets/fixed_work_v1/render15/aria/aria1253rot/vanilla/psnr/strict_fixed_manifest/final_result.json,b837fe17be68fa0bc2fc13e599576f37243e849c3accc96db29fe85cf764ab8e,d36df3f40d06e9122a8425d4b58d11d2ad70dbdec01b71fdcd4c5165dfb73727
fixed_training15_d3,utmm,slow-straight-2,d3,15,,20.954066347484748,0.7318583253986579,0.37043742232086246,38511,121,780,513,10.929932476952672,,,,,,278419968,bcc20a5bcc267a9aa1fab3af50a288563baeb515024836178ee51b577565d2b4,/home/intern/gs_floaterLab/results/campaigns/gain_attribution/cvpr_assets/fixed_work_v1/render15/utmm/slow-straight-2/d3,/home/intern/gs_floaterLab/results/campaigns/gain_attribution/cvpr_assets/fixed_work_v1/render15/utmm/slow-straight-2/d3/psnr/strict_fixed_manifest/final_result.json,dccd6620c3a2d0f34fadb0b056a7f6b3f8b7e7a014c8f5106fff5f76f4e2bf17,02b8eaafdd1987be8a8a47fd3afcf3c82f887fba6f8d3571cdc62a720cf485ed
fixed_training15_d3,utmm,slow-straight-2,vanilla,15,,16.816587519054572,0.565440486039012,0.6399074664785842,49123,121,780,0,9.381623683031648,,,,,,,4f3b86749d12abc7eb0fc8f9582c2b7569e30050fea1651be457051f7b8e876e,/home/intern/gs_floaterLab/results/campaigns/gain_attribution/cvpr_assets/fixed_work_v1/render15/utmm/slow-straight-2/vanilla,/home/intern/gs_floaterLab/results/campaigns/gain_attribution/cvpr_assets/fixed_work_v1/render15/utmm/slow-straight-2/vanilla/psnr/strict_fixed_manifest/final_result.json,3ec01d57a96d29f60c8eb4c1a294b55f76e10f2afa8ce4451ad202bdd08ad29a,02b8eaafdd1987be8a8a47fd3afcf3c82f887fba6f8d3571cdc62a720cf485ed
fixed_training40_d3,utmm,ego-centric-1,d3,40,,20.153859510050193,0.7395173197055792,0.25450487280046785,99128,308,2560,1369,28.462808437878266,,,,,,488141824,88b223bc3bee311da9ad1576e267b3acbcdd25432ca1a61bc1ef567cb0259dcb,/home/intern/gs_floaterLab/results/campaigns/gain_attribution/cvpr_assets/fixed_work_v1/render40/utmm/ego-centric-1/d3,/home/intern/gs_floaterLab/results/campaigns/gain_attribution/cvpr_assets/fixed_work_v1/render40/utmm/ego-centric-1/d3/psnr/strict_fixed_manifest/final_result.json,f376b67b9588a200268e82691f5daacfd2e8fcd8fa82ab5f4ed6cab11aee3819,a9539c3e4e94f02bbd035ad68ea4201b544cc5a3d6d931385bde6be8abcf7fd5
fixed_training40_d3,utmm,ego-centric-1,vanilla,40,,16.759209010508155,0.5615588829114839,0.5310291625656091,125522,308,2560,0,25.192296563182026,,,,,,,db3aa745d1b43c83fd4d1d953b39583b5f57b078aaf6eb033c637c51f9a74a78,/home/intern/gs_floaterLab/results/campaigns/gain_attribution/cvpr_assets/fixed_work_v1/render40/utmm/ego-centric-1/vanilla,/home/intern/gs_floaterLab/results/campaigns/gain_attribution/cvpr_assets/fixed_work_v1/render40/utmm/ego-centric-1/vanilla/psnr/strict_fixed_manifest/final_result.json,64a3be68a6ad34749a419a5d486045a0e532a108994b95191ce5dd01bb648ff3,a9539c3e4e94f02bbd035ad68ea4201b544cc5a3d6d931385bde6be8abcf7fd5
fixed_training15_d3,utmm,square-2,d3,15,,21.19905044399962,0.7089997781782734,0.3829208141686965,133761,245,1155,692,21.093723297817633,,,,,,580358656,7e160103685249f547d47dee0fd6abadad911f8fd23f82b953986c3bcff0f3f9,/home/intern/gs_floaterLab/results/campaigns/gain_attribution/cvpr_assets/fixed_work_v1/render15/utmm/square-2/d3,/home/intern/gs_floaterLab/results/campaigns/gain_attribution/cvpr_assets/fixed_work_v1/render15/utmm/square-2/d3/psnr/strict_fixed_manifest/final_result.json,160e911dd4b244cc5ba2ee1a2f294dd4aa900319c7084c2d44661fc66cef437c,20942376f434f1f112f1f0a3862681da4267a4e463c6c06b30319214c6608da0
fixed_training15_d3,utmm,square-2,vanilla,15,,16.45605817911576,0.5276256530868764,0.6748314463362401,143779,245,1155,0,18.06338891806081,,,,,,,87c6b096e4ce5470614479effeb3efad432f6fbddc8338ef85080b65a249781e,/home/intern/gs_floaterLab/results/campaigns/gain_attribution/cvpr_assets/fixed_work_v1/render15/utmm/square-2/vanilla,/home/intern/gs_floaterLab/results/campaigns/gain_attribution/cvpr_assets/fixed_work_v1/render15/utmm/square-2/vanilla/psnr/strict_fixed_manifest/final_result.json,6f6abba5ef15e913cd936e5e715b0357a2b5fdb1664ceec3b9bdb16f3a7e2193,20942376f434f1f112f1f0a3862681da4267a4e463c6c06b30319214c6608da0
fixed_training40_d3,rpng,table_01,d3,40,,25.7536418618434,0.8716039429622817,0.12178022957655538,248021,502,10040,5124,116.6859154549893,,,,,,1624091136,0698415291d550a540bac5b74e87b545171fc569428a36a3ff2d291342d1d369,/home/intern/gs_floaterLab/results/campaigns/gain_attribution/cvpr_assets/fixed_work_v1/render40/rpng/table_01/d3,/home/intern/gs_floaterLab/results/campaigns/gain_attribution/cvpr_assets/fixed_work_v1/render40/rpng/table_01/d3/psnr/strict_fixed_manifest/final_result.json,57802993fbe5b8da0529ae7abc9844a8721919bde09d674d7a83a07183f4c042,62507c2519a76094e4b69ad945d27b1b1e4fbbecc894b378b7e3ba9b011304ed
fixed_training40_d3,rpng,table_01,vanilla,40,,22.743234839572374,0.7548424025693262,0.2385073129636833,215108,502,10040,0,82.88950436911546,,,,,,,6041ac6192253f18f4f8ad8e45e6eee68c73737b77d572c50c61c47d3c7bef7a,/home/intern/gs_floaterLab/results/campaigns/gain_attribution/cvpr_assets/fixed_work_v1/render40/rpng/table_01/vanilla,/home/intern/gs_floaterLab/results/campaigns/gain_attribution/cvpr_assets/fixed_work_v1/render40/rpng/table_01/vanilla/psnr/strict_fixed_manifest/final_result.json,59d855be4633403bc71dee57005cbbdec281800434a2691a508382d70c0e4dfc,62507c2519a76094e4b69ad945d27b1b1e4fbbecc894b378b7e3ba9b011304ed
fixed_training15_d3,rpng,table_07,d3,15,,25.496817031334736,0.8733972742811374,0.141504581387705,247926,958,3030,1710,74.67443568515591,,,,,,1411134976,019f7543c45c063e3bc9e364002820485af271c8e9bfe85799c3c79356b7b56d,/home/intern/gs_floaterLab/results/campaigns/gain_attribution/cvpr_assets/fixed_work_v1/render15/rpng/table_07/d3,/home/intern/gs_floaterLab/results/campaigns/gain_attribution/cvpr_assets/fixed_work_v1/render15/rpng/table_07/d3/psnr/strict_fixed_manifest/final_result.json,f65382a690ca90ac0aa831c0479c4dbde8f25164c53c2bc52aec99083a4ee7bf,f4dffe5bbc78d4c46ce4ba5b6c4f606ee8e424821a5b506a066753e091fc5c1b
fixed_training15_d3,rpng,table_07,vanilla,15,,22.01145080335454,0.7630888549047123,0.31141073289395377,369652,958,3030,0,57.11282465001568,,,,,,,730f30d5dcfe989c8d9e8a4e73f4c843d6cc57c8c09c1179dd8e43581d03f197,/home/intern/gs_floaterLab/results/campaigns/gain_attribution/cvpr_assets/fixed_work_v1/render15/rpng/table_07/vanilla,/home/intern/gs_floaterLab/results/campaigns/gain_attribution/cvpr_assets/fixed_work_v1/render15/rpng/table_07/vanilla/psnr/strict_fixed_manifest/final_result.json,c41d6b97468be0a8eff369529f3ad55dd7b7179dc6e465dd5e9fe20d84e7444c,f4dffe5bbc78d4c46ce4ba5b6c4f606ee8e424821a5b506a066753e091fc5c1b
fixed_training15_d3,aria,aria1253,d3,15,,23.479717014400105,0.8130120646407586,0.3390049287722311,221256,262,1785,1022,18.81048486288637,,,,,,857579008,161b0fd26c88642e0e2d483c8d8292be445fae3f68e8660671029627b2901b7a,/home/intern/gs_floaterLab/results/campaigns/gain_attribution/cvpr_assets/fixed_work_v1/render15/aria/aria1253/d3,/home/intern/gs_floaterLab/results/campaigns/gain_attribution/cvpr_assets/fixed_work_v1/render15/aria/aria1253/d3/psnr/strict_fixed_manifest/final_result.json,0ec45a4d31b43436c5a971df77a9e8942133e2fbd10eae3c83fdcb97475e7aaf,065c82f1592a2fb21a0297b6639cee99bb7a8a4790474a87e6bce10f02505b0b
fixed_training15_d3,aria,aria1253,vanilla,15,,19.01287403907485,0.6759681983758475,0.5797473187664993,263355,262,1785,0,12.984024406876415,,,,,,,ea3cee61dfa558220ace4946407db110fcb3562b2f10e28c8cde1b2104c82866,/home/intern/gs_floaterLab/results/campaigns/gain_attribution/cvpr_assets/fixed_work_v1/render15/aria/aria1253/vanilla,/home/intern/gs_floaterLab/results/campaigns/gain_attribution/cvpr_assets/fixed_work_v1/render15/aria/aria1253/vanilla/psnr/strict_fixed_manifest/final_result.json,e5cc959f7d2421837d71b9ef58a225919becc7d0237474310558cad89dbc1926,065c82f1592a2fb21a0297b6639cee99bb7a8a4790474a87e6bce10f02505b0b
fixed_training40_d3,rpng,table_02,d3,40,,24.167826538216577,0.8409425505015948,0.15662596740900245,312675,584,13200,6695,152.93425745307468,,,,,,2210346496,47eba0cfdf54b0e941a7a3c7ec0f478dbab3ef0801a8ddc433926395c5884ef9,/home/intern/gs_floaterLab/results/campaigns/gain_attribution/cvpr_assets/fixed_work_v1/render40/rpng/table_02/d3,/home/intern/gs_floaterLab/results/campaigns/gain_attribution/cvpr_assets/fixed_work_v1/render40/rpng/table_02/d3/psnr/strict_fixed_manifest/final_result.json,f3bbb058728c6f62571228c58b1030cd7bc7065af278447091a6cd484bc4401f,27ba0e5a2609555426d1524e716dd6e00fc8f6f3322ee515b611b473019d2f1b
fixed_training40_d3,rpng,table_02,vanilla,40,,20.073584814594216,0.669730996738558,0.30747206516768016,330200,584,13200,0,116.57841238286346,,,,,,,9fa0da299bd870427cb1cce18e5c43e75811f8461870399555a0555744130603,/home/intern/gs_floaterLab/results/campaigns/gain_attribution/cvpr_assets/fixed_work_v1/render40/rpng/table_02/vanilla,/home/intern/gs_floaterLab/results/campaigns/gain_attribution/cvpr_assets/fixed_work_v1/render40/rpng/table_02/vanilla/psnr/strict_fixed_manifest/final_result.json,7d2932d1911ae5fc854a417a79d055eda1127ea7c874252239d33d12f5455c19,27ba0e5a2609555426d1524e716dd6e00fc8f6f3322ee515b611b473019d2f1b
fixed_training40_d3,utmm,ego-centric-2,d3,40,,19.55067374423089,0.6964353880206288,0.2655109034073307,100095,261,2560,1356,26.109779910882935,,,,,,509176320,5bac5400b4ce1ca5b044cbefe2af26ca45de2e23a8e28145c1588cecbf5dda47,/home/intern/gs_floaterLab/results/campaigns/gain_attribution/cvpr_assets/fixed_work_v1/render40/utmm/ego-centric-2/d3,/home/intern/gs_floaterLab/results/campaigns/gain_attribution/cvpr_assets/fixed_work_v1/render40/utmm/ego-centric-2/d3/psnr/strict_fixed_manifest/final_result.json,e95ebd80fad4859fc0673193a4bee6b7ad8b8b1d1f31e93e44157cbfd4dc05dd,51a5761a4a2771d7bef81c399383881f0ea8e7158262062cf67400cffdde40ff
fixed_training40_d3,utmm,ego-centric-2,vanilla,40,,18.08685510642684,0.5963440580843052,0.5017578404296861,142717,261,2560,0,23.106956942006946,,,,,,,ba451151822cd83d2e0dee6a32d3cc543829718cecaad10197cb2b7e318d493e,/home/intern/gs_floaterLab/results/campaigns/gain_attribution/cvpr_assets/fixed_work_v1/render40/utmm/ego-centric-2/vanilla,/home/intern/gs_floaterLab/results/campaigns/gain_attribution/cvpr_assets/fixed_work_v1/render40/utmm/ego-centric-2/vanilla/psnr/strict_fixed_manifest/final_result.json,3963480e3ba3d5997d6b6e4e6cdb8027d03e6aece3cfb73ecd0cd758c365cab4,51a5761a4a2771d7bef81c399383881f0ea8e7158262062cf67400cffdde40ff
fixed_training15_d3,utmm,ego-centric-1,d3,15,,20.653921477206342,0.7292526768786567,0.2886772368151646,104848,308,960,588,23.894145963946357,,,,,,499653120,61632a1a97172f70b84a6c261b9041deba7361fffeb49baa511765114f500c2c,/home/intern/gs_floaterLab/results/campaigns/gain_attribution/cvpr_assets/fixed_work_v1/render15/utmm/ego-centric-1/d3,/home/intern/gs_floaterLab/results/campaigns/gain_attribution/cvpr_assets/fixed_work_v1/render15/utmm/ego-centric-1/d3/psnr/strict_fixed_manifest/final_result.json,e34437cc1be61b39a0a96dddbf2845a3dd8b4f3947bc16e6ece8d9326bfa3489,a9539c3e4e94f02bbd035ad68ea4201b544cc5a3d6d931385bde6be8abcf7fd5
fixed_training15_d3,utmm,ego-centric-1,vanilla,15,,14.564862241992703,0.4958587810397148,0.6702243676046272,80986,308,960,0,19.87649093614891,,,,,,,872fbebc94cda8b6c244e50c549f6dfe3312499be7012769b5449e027afd9e0d,/home/intern/gs_floaterLab/results/campaigns/gain_attribution/cvpr_assets/fixed_work_v1/render15/utmm/ego-centric-1/vanilla,/home/intern/gs_floaterLab/results/campaigns/gain_attribution/cvpr_assets/fixed_work_v1/render15/utmm/ego-centric-1/vanilla/psnr/strict_fixed_manifest/final_result.json,ee3b09a4f1e1fc72558f09c74e145fe2f6fd4643ce4a33aa6e5e9f70a2c7bd03,a9539c3e4e94f02bbd035ad68ea4201b544cc5a3d6d931385bde6be8abcf7fd5
fixed_training15_d3,rpng,table_01,d3,15,,24.407874449315774,0.8269982527926624,0.1765672593448029,318276,502,3765,2096,73.69294018298388,,,,,,1710854144,286081e0e9f160e20b68a8e0bea08a50cd396acf57deff27e6e5c8f4c9b21301,/home/intern/gs_floaterLab/results/campaigns/gain_attribution/cvpr_assets/fixed_work_v1/render15/rpng/table_01/d3,/home/intern/gs_floaterLab/results/campaigns/gain_attribution/cvpr_assets/fixed_work_v1/render15/rpng/table_01/d3/psnr/strict_fixed_manifest/final_result.json,59766fc10346e4a778f04e46ff1eefa8b87a4cbc58d019920918fd327814db4b,62507c2519a76094e4b69ad945d27b1b1e4fbbecc894b378b7e3ba9b011304ed
fixed_training15_d3,rpng,table_01,vanilla,15,,21.345150768994333,0.7055895695410876,0.30196487663157906,287054,502,3765,0,56.7577767779585,,,,,,,2103b2d31dee3c8a4e2fc338aec78abe7d0a76968b39f543408ab2451a058b47,/home/intern/gs_floaterLab/results/campaigns/gain_attribution/cvpr_assets/fixed_work_v1/render15/rpng/table_01/vanilla,/home/intern/gs_floaterLab/results/campaigns/gain_attribution/cvpr_assets/fixed_work_v1/render15/rpng/table_01/vanilla/psnr/strict_fixed_manifest/final_result.json,eb3deba492296e2b7ac3209427206dcdc6cadbbbeaeebe1018c1fb08816f6bf3,62507c2519a76094e4b69ad945d27b1b1e4fbbecc894b378b7e3ba9b011304ed
fixed_training40_d3,rpng,table_06,d3,40,,25.12607385790026,0.8549247978506862,0.13755625111831202,224464,555,9080,4635,99.72079345490783,,,,,,1456634368,395613dd4f4ca14623dda4be20fbeff1b445b7b932d95b9ac37034ca03fe50d9,/home/intern/gs_floaterLab/results/campaigns/gain_attribution/cvpr_assets/fixed_work_v1/render40/rpng/table_06/d3,/home/intern/gs_floaterLab/results/campaigns/gain_attribution/cvpr_assets/fixed_work_v1/render40/rpng/table_06/d3/psnr/strict_fixed_manifest/final_result.json,a2853270cc771a6ad890773d976c3c2bf929dbbf6221327269db7979e7254364,9b68b45ffda8f869996764f01614633809be3b5453158df9b5d8700fcbe3dda7
fixed_training40_d3,rpng,table_06,vanilla,40,,22.56127199396357,0.7457047737933494,0.29306111327699713,234136,555,9080,0,73.64932399708778,,,,,,,66a3b5b15bd151150c7800950d37a4e9954c83c6b0820c4d30e8ed300918e5f3,/home/intern/gs_floaterLab/results/campaigns/gain_attribution/cvpr_assets/fixed_work_v1/render40/rpng/table_06/vanilla,/home/intern/gs_floaterLab/results/campaigns/gain_attribution/cvpr_assets/fixed_work_v1/render40/rpng/table_06/vanilla/psnr/strict_fixed_manifest/final_result.json,d4e5041f7cca52bddc0c9a2a9bf9e8b994a166c004d474b1e445c91e320423ee,9b68b45ffda8f869996764f01614633809be3b5453158df9b5d8700fcbe3dda7
fixed_training40_d3,utmm,slow-straight-1,d3,40,,16.95625534057617,0.5905309550464153,0.4537575043737888,20274,80,200,105,5.887038280023262,,,,,,207440384,49297bd854262dd5f120e2187d87167dc0befd8752f629a064439a1429d22cd8,/home/intern/gs_floaterLab/results/campaigns/gain_attribution/cvpr_assets/fixed_work_v1/render40/utmm/slow-straight-1/d3,/home/intern/gs_floaterLab/results/campaigns/gain_attribution/cvpr_assets/fixed_work_v1/render40/utmm/slow-straight-1/d3/psnr/strict_fixed_manifest/final_result.json,0241a7c9590584eb914c11d405623dfdd9129e20db16058bd325f0a135b3839e,f0afc2ccc7759a79d54ac7ca5048470988538cce4bd4ad91639ea1b971114fa1
fixed_training40_d3,utmm,slow-straight-1,vanilla,40,,13.546598517894745,0.4923944938927889,0.6829498209059238,20050,80,200,0,5.0745333400554955,,,,,,,b04c64439daa6dab506a1533e7ee3b1e656d92e0fb8521ffa1c4cc860c24508d,/home/intern/gs_floaterLab/results/campaigns/gain_attribution/cvpr_assets/fixed_work_v1/render40/utmm/slow-straight-1/vanilla,/home/intern/gs_floaterLab/results/campaigns/gain_attribution/cvpr_assets/fixed_work_v1/render40/utmm/slow-straight-1/vanilla/psnr/strict_fixed_manifest/final_result.json,d6bb2031c9ae6ca6a78c976427c4f7b4e323c508001a3d5a194460b69c90e60d,f0afc2ccc7759a79d54ac7ca5048470988538cce4bd4ad91639ea1b971114fa1
fixed_training15_d3,rpng,table_02,d3,15,,21.446611975970335,0.7266509994762401,0.2634028989872704,432820,584,4950,2725,100.70830819592811,,,,,,2252768256,9d189ba7136042f469560591a8b60c0d7f3e332976c5d6449618baa2a5f86083,/home/intern/gs_floaterLab/results/campaigns/gain_attribution/cvpr_assets/fixed_work_v1/render15/rpng/table_02/d3,/home/intern/gs_floaterLab/results/campaigns/gain_attribution/cvpr_assets/fixed_work_v1/render15/rpng/table_02/d3/psnr/strict_fixed_manifest/final_result.json,f5ae0702a97627f0a32950af13af11557bf8913f3579c117e7f9c2767a00f050,27ba0e5a2609555426d1524e716dd6e00fc8f6f3322ee515b611b473019d2f1b
fixed_training15_d3,rpng,table_02,vanilla,15,,19.18900990486145,0.6454529236644915,0.3451177317598095,404545,584,4950,0,79.54204857815057,,,,,,,164cd658095a1ff9d39c9145f233ff8d4b87678e6c6cd7349aa6e577e31c0ce5,/home/intern/gs_floaterLab/results/campaigns/gain_attribution/cvpr_assets/fixed_work_v1/render15/rpng/table_02/vanilla,/home/intern/gs_floaterLab/results/campaigns/gain_attribution/cvpr_assets/fixed_work_v1/render15/rpng/table_02/vanilla/psnr/strict_fixed_manifest/final_result.json,05c71326e746d49abf90ef07ea720e1b001454951376b87fd865178e8356b6c7,27ba0e5a2609555426d1524e716dd6e00fc8f6f3322ee515b611b473019d2f1b
fixed_training40_d3,aria,aria301_305,d3,40,,24.840737277368888,0.8636624290018665,0.3175108956107403,178399,539,5840,3004,43.00011158687994,,,,,,1002012672,289e9857302209959183fe709d72812e3222bd049ee9c09bfc76cfbd24bdd9b1,/home/intern/gs_floaterLab/results/campaigns/gain_attribution/cvpr_assets/fixed_work_v1/render40/aria/aria301_305/d3,/home/intern/gs_floaterLab/results/campaigns/gain_attribution/cvpr_assets/fixed_work_v1/render40/aria/aria301_305/d3/psnr/strict_fixed_manifest/final_result.json,51cd1854290f11e1dc23bab2e4b85228daebd53df3c758126d38b84644c5d81d,0b293ff29882b20d0d6cfec2012507ea76e2bae3e419c903ac543a09ba5e396d
fixed_training40_d3,aria,aria301_305,vanilla,40,,20.71910099638194,0.7515803530176407,0.5421747365112871,271522,539,5840,0,31.80771621898748,,,,,,,45f080dc4205917b1b99e257598c49dddb5f77f3b17aa7d2a638a529790642a6,/home/intern/gs_floaterLab/results/campaigns/gain_attribution/cvpr_assets/fixed_work_v1/render40/aria/aria301_305/vanilla,/home/intern/gs_floaterLab/results/campaigns/gain_attribution/cvpr_assets/fixed_work_v1/render40/aria/aria301_305/vanilla/psnr/strict_fixed_manifest/final_result.json,7f0681fe20f142f375b43ad7d9acf5ccbe0bf2c32c70ab6f6f4684c015b9cc16,0b293ff29882b20d0d6cfec2012507ea76e2bae3e419c903ac543a09ba5e396d
fixed_training40_d3,rpng,table_08,d3,40,,24.87198794267203,0.8495782758027,0.14444372627897314,345765,1698,20000,10104,314.0766669148579,,,,,,3287982080,b5d04f729ae1790493594730549f5bac7ca51d230801ac09154b503cee768658,/home/intern/gs_floaterLab/results/campaigns/gain_attribution/cvpr_assets/fixed_work_v1/render40/rpng/table_08/d3,/home/intern/gs_floaterLab/results/campaigns/gain_attribution/cvpr_assets/fixed_work_v1/render40/rpng/table_08/d3/psnr/strict_fixed_manifest/final_result.json,781870517f117e833ccf50f62af84dbd050984f399badaa7885f1320334b1b0f,0800ddd8f05f158e05f97864949a259fef158aa2899a460ed72184b7bd325fef
fixed_training40_d3,rpng,table_08,vanilla,40,,21.88165073709297,0.75155671039164,0.2870157417282901,397946,1698,20000,0,220.17730497103184,,,,,,,c1d15fdd9f45dc95ea6beac6a644fab13851067713f0a5c3d15590477fa1b5db,/home/intern/gs_floaterLab/results/campaigns/gain_attribution/cvpr_assets/fixed_work_v1/render40/rpng/table_08/vanilla,/home/intern/gs_floaterLab/results/campaigns/gain_attribution/cvpr_assets/fixed_work_v1/render40/rpng/table_08/vanilla/psnr/strict_fixed_manifest/final_result.json,bb0352e312616e01a48df785853c79080c9debd04789c65853a76735e6b3f67f,0800ddd8f05f158e05f97864949a259fef158aa2899a460ed72184b7bd325fef
fixed_training15_d3,utmm,ego-centric-2,d3,15,,19.130685996278494,0.6638427915701007,0.31416193512892815,106284,261,960,583,20.5454979671631,,,,,,491130880,4d0b95c03549f9de8db2c54812590db3e1bbde8ce94bb42d0c06ef3769e953bd,/home/intern/gs_floaterLab/results/campaigns/gain_attribution/cvpr_assets/fixed_work_v1/render15/utmm/ego-centric-2/d3,/home/intern/gs_floaterLab/results/campaigns/gain_attribution/cvpr_assets/fixed_work_v1/render15/utmm/ego-centric-2/d3/psnr/strict_fixed_manifest/final_result.json,668ca0256202d89e55018ec2e1dcd4ae961a1abfa1ab44e3206035e02c22d97a,51a5761a4a2771d7bef81c399383881f0ea8e7158262062cf67400cffdde40ff
fixed_training15_d3,utmm,ego-centric-2,vanilla,15,,16.139085963311324,0.5324394391185936,0.6572905274186555,98399,261,960,0,17.67380743403919,,,,,,,4342337bc2d0fefac55b6c7161dcfc76c0d26cdce363ade311b5b6655751bfe2,/home/intern/gs_floaterLab/results/campaigns/gain_attribution/cvpr_assets/fixed_work_v1/render15/utmm/ego-centric-2/vanilla,/home/intern/gs_floaterLab/results/campaigns/gain_attribution/cvpr_assets/fixed_work_v1/render15/utmm/ego-centric-2/vanilla/psnr/strict_fixed_manifest/final_result.json,343ea6dcb8af176303b965abfb2f1f4c0315171859d5676b89e6700ff8ea3b55,51a5761a4a2771d7bef81c399383881f0ea8e7158262062cf67400cffdde40ff
fixed_training40_d3,rpng,table_04,d3,40,,23.145880527260864,0.8056769493676017,0.11672073240265435,327180,1215,14760,7454,247.2229357510805,,,,,,2566705152,e9c3266ca020d0b214b5d9ee22f9dd302e98a0f36f41f47bad0af8ceeea26ba9,/home/intern/gs_floaterLab/results/campaigns/gain_attribution/cvpr_assets/fixed_work_v1/render40/rpng/table_04/d3,/home/intern/gs_floaterLab/results/campaigns/gain_attribution/cvpr_assets/fixed_work_v1/render40/rpng/table_04/d3/psnr/strict_fixed_manifest/final_result.json,b30399e4da52e0b80085acf9b0cc64bfc78b0263b015edbcf5ace29e62b88bd7,054f43b5518aacafd5b029fb71b8bb39db08145f5c05879f34424561b75f792d
fixed_training40_d3,rpng,table_04,vanilla,40,,20.809272621688528,0.7033022636003455,0.22226190544940808,356126,1215,14760,0,165.19526569591835,,,,,,,3d6c5c84201792ce3a7a6add06f7ccb72962a1b4a063e9301b48d87e1f4270a6,/home/intern/gs_floaterLab/results/campaigns/gain_attribution/cvpr_assets/fixed_work_v1/render40/rpng/table_04/vanilla,/home/intern/gs_floaterLab/results/campaigns/gain_attribution/cvpr_assets/fixed_work_v1/render40/rpng/table_04/vanilla/psnr/strict_fixed_manifest/final_result.json,630216e52ec4f1ea1e7c69cc880f33dba310244a4cad0e6a1c207ae0bad7dc64,054f43b5518aacafd5b029fb71b8bb39db08145f5c05879f34424561b75f792d
fixed_training40_d3,utmm,ego-drive,d3,40,,21.516879920009192,0.7297484079289691,0.2886931779015531,113023,281,4560,2427,36.696872933069244,,,,,,648060928,7f7644161e09559ad38f52b2c83271c2884e4aac855f4faafd27acabf5ba9f09,/home/intern/gs_floaterLab/results/campaigns/gain_attribution/cvpr_assets/fixed_work_v1/render40/utmm/ego-drive/d3,/home/intern/gs_floaterLab/results/campaigns/gain_attribution/cvpr_assets/fixed_work_v1/render40/utmm/ego-drive/d3/psnr/strict_fixed_manifest/final_result.json,6264e25170410507d8d10ead906d7c236621f4af0573c6c7c8a629a102db5938,a2b8704f1cb9e1849dcf71eaebaac575c25dd61a8f8a10b6f7081df505c2cc60
fixed_training40_d3,utmm,ego-drive,vanilla,40,,18.83111600434653,0.6018336425896641,0.514991792919797,140561,281,4560,0,30.22571847215295,,,,,,,aead58e6373fb7debdace96eb0da7e10fde73b145ceda087216e195a276b0ef7,/home/intern/gs_floaterLab/results/campaigns/gain_attribution/cvpr_assets/fixed_work_v1/render40/utmm/ego-drive/vanilla,/home/intern/gs_floaterLab/results/campaigns/gain_attribution/cvpr_assets/fixed_work_v1/render40/utmm/ego-drive/vanilla/psnr/strict_fixed_manifest/final_result.json,c6829b33c7cee56b39c7f83ec000b215969198ebb1b639e1c8ebfe452d43a681,a2b8704f1cb9e1849dcf71eaebaac575c25dd61a8f8a10b6f7081df505c2cc60
fixed_training15_d3,rpng,table_06,d3,15,,23.865029927846546,0.8131761817244796,0.2076823518619881,261926,555,3405,1901,64.84134933585301,,,,,,1498069504,e33e854adf730c7d526e132958ab016d6a47846850891f16f87625f55e915ece,/home/intern/gs_floaterLab/results/campaigns/gain_attribution/cvpr_assets/fixed_work_v1/render15/rpng/table_06/d3,/home/intern/gs_floaterLab/results/campaigns/gain_attribution/cvpr_assets/fixed_work_v1/render15/rpng/table_06/d3/psnr/strict_fixed_manifest/final_result.json,a1b28d0f3f26e605e80b60a18e8baf441c78ab0e0cd4bdb811bd8a3e6cf5753d,9b68b45ffda8f869996764f01614633809be3b5453158df9b5d8700fcbe3dda7
fixed_training15_d3,rpng,table_06,vanilla,15,,20.698803021886327,0.6814980164841489,0.3865250080555409,199921,555,3405,0,52.906314780935645,,,,,,,b2fcb49b668521e03255270e03dd0c332feca9393094e3648307b5e41418966b,/home/intern/gs_floaterLab/results/campaigns/gain_attribution/cvpr_assets/fixed_work_v1/render15/rpng/table_06/vanilla,/home/intern/gs_floaterLab/results/campaigns/gain_attribution/cvpr_assets/fixed_work_v1/render15/rpng/table_06/vanilla/psnr/strict_fixed_manifest/final_result.json,f375b5984b4497800d1dd2f8aa0ac16de690afb035f370b6fe942a84400933ef,9b68b45ffda8f869996764f01614633809be3b5453158df9b5d8700fcbe3dda7
fixed_training15_d3,utmm,slow-straight-1,d3,15,,15.127045559883118,0.5221158094704151,0.5845571588724852,20274,80,75,55,6.217365927994251,,,,,,176193536,4059b03cb53a75061303f09a50b1cb41c8e06ca17b8d1501eaa641033a93fbff,/home/intern/gs_floaterLab/results/campaigns/gain_attribution/cvpr_assets/fixed_work_v1/render15/utmm/slow-straight-1/d3,/home/intern/gs_floaterLab/results/campaigns/gain_attribution/cvpr_assets/fixed_work_v1/render15/utmm/slow-straight-1/d3/psnr/strict_fixed_manifest/final_result.json,3b455d3a00b2a4c40d9148310713c2214076f5b918134e1afb3de6664f45c66f,f0afc2ccc7759a79d54ac7ca5048470988538cce4bd4ad91639ea1b971114fa1
fixed_training15_d3,utmm,slow-straight-1,vanilla,15,,12.621661043167114,0.39203614220023153,0.75804732888937,19926,80,75,0,4.674131224863231,,,,,,,853605378011e06d5e059ef7a30373090339e394be24748d6cce176bc94e4d07,/home/intern/gs_floaterLab/results/campaigns/gain_attribution/cvpr_assets/fixed_work_v1/render15/utmm/slow-straight-1/vanilla,/home/intern/gs_floaterLab/results/campaigns/gain_attribution/cvpr_assets/fixed_work_v1/render15/utmm/slow-straight-1/vanilla/psnr/strict_fixed_manifest/final_result.json,e89a08206a5b9e3ca129d590c798bf79eb32af8b816fdc16ed225dfb98c94692,f0afc2ccc7759a79d54ac7ca5048470988538cce4bd4ad91639ea1b971114fa1
fixed_training40_d3,rpng,table_05,d3,40,,23.31833450063894,0.756538625329588,0.16076290704056356,250629,1234,12680,6457,178.1019029370509,,,,,,2025817088,f045dec2266cbaddbfbcf1176e19ae27954dd3df0eaf5518e26b378ea3e16d21,/home/intern/gs_floaterLab/results/campaigns/gain_attribution/cvpr_assets/fixed_work_v1/render40/rpng/table_05/d3,/home/intern/gs_floaterLab/results/campaigns/gain_attribution/cvpr_assets/fixed_work_v1/render40/rpng/table_05/d3/psnr/strict_fixed_manifest/final_result.json,5427eac29dd722d157b4bcd33f53a8fa541a695be9494be3a9f043c5508191da,c025f52aef3a25ddcc9aaf67e2f556d0c4b37100602c17439af611624978c9d9
fixed_training40_d3,rpng,table_05,vanilla,40,,20.942781929065575,0.6501035127831046,0.33213186169849224,322876,1234,12680,0,128.07277233200148,,,,,,,eb407274d25c33723068b90903f019eb4d1171a64b0cf90da1b1a1cdf6298268,/home/intern/gs_floaterLab/results/campaigns/gain_attribution/cvpr_assets/fixed_work_v1/render40/rpng/table_05/vanilla,/home/intern/gs_floaterLab/results/campaigns/gain_attribution/cvpr_assets/fixed_work_v1/render40/rpng/table_05/vanilla/psnr/strict_fixed_manifest/final_result.json,a15e04930448a915bb3ed0909b81f4e820320f5e6f7594b1ec6dadf4887344a5,c025f52aef3a25ddcc9aaf67e2f556d0c4b37100602c17439af611624978c9d9
fixed_training15_d3,utmm,fast-straight,d3,15,,17.02004697743584,0.6402972962926415,0.49439432822606144,28003,68,405,282,6.3283954481594265,,,,,,217672704,b16f413e090f64b9808b640498e537ae6b6a98315c8b9e763b43e5aac31890d2,/home/intern/gs_floaterLab/results/campaigns/gain_attribution/cvpr_assets/fixed_work_v1/render15/utmm/fast-straight/d3,/home/intern/gs_floaterLab/results/campaigns/gain_attribution/cvpr_assets/fixed_work_v1/render15/utmm/fast-straight/d3/psnr/strict_fixed_manifest/final_result.json,a2a6ca7068569970e25c0e42bb45f0093a6a72253ca1c869d6d0269b55553c72,f9b0b000192c79112cd0702e6b0d54bdf7f17ef372ed8eca9650d0057bfcbf62
fixed_training15_d3,utmm,fast-straight,vanilla,15,,14.058433939428891,0.4833837015663876,0.6974892993183697,36131,68,405,0,5.297150881960988,,,,,,,05a8c9102b70e4a9f34050a4b688a9a854cccb1bfa10d39819a863190f5458a2,/home/intern/gs_floaterLab/results/campaigns/gain_attribution/cvpr_assets/fixed_work_v1/render15/utmm/fast-straight/vanilla,/home/intern/gs_floaterLab/results/campaigns/gain_attribution/cvpr_assets/fixed_work_v1/render15/utmm/fast-straight/vanilla/psnr/strict_fixed_manifest/final_result.json,f9cacc1916dd4dd6a39b520f49e3f3da747b92bdb292abb8024284963f0b3de5,f9b0b000192c79112cd0702e6b0d54bdf7f17ef372ed8eca9650d0057bfcbf62
fixed_training40_d3,utmm,fast-straight,d3,40,,18.735907512552597,0.7103024905218798,0.360022124779575,28003,68,1080,605,8.187496002065018,,,,,,263094272,7d20d6c5b95e331bcd6a447dd583945ef6f13d3a0f0e39fadb2c31eab55342fc,/home/intern/gs_floaterLab/results/campaigns/gain_attribution/cvpr_assets/fixed_work_v1/render40/utmm/fast-straight/d3,/home/intern/gs_floaterLab/results/campaigns/gain_attribution/cvpr_assets/fixed_work_v1/render40/utmm/fast-straight/d3/psnr/strict_fixed_manifest/final_result.json,527b3b74cb6ba4547b312e2af0d9126e7195cb6e4e6582c2be0e49161e70fbdb,f9b0b000192c79112cd0702e6b0d54bdf7f17ef372ed8eca9650d0057bfcbf62
fixed_training40_d3,utmm,fast-straight,vanilla,40,,15.550470758886899,0.5589500450912643,0.6138006742386257,36131,68,1080,0,7.576013131998479,,,,,,,e813db7ba59fbde807a8ebd7b7d403e315a60a5499ffdd6f34f0feea5383fa1b,/home/intern/gs_floaterLab/results/campaigns/gain_attribution/cvpr_assets/fixed_work_v1/render40/utmm/fast-straight/vanilla,/home/intern/gs_floaterLab/results/campaigns/gain_attribution/cvpr_assets/fixed_work_v1/render40/utmm/fast-straight/vanilla/psnr/strict_fixed_manifest/final_result.json,5ea922020e02e97a601172a32680bf3287447ab0d12c9510315abe03532fe3bf,f9b0b000192c79112cd0702e6b0d54bdf7f17ef372ed8eca9650d0057bfcbf62
fixed_training40_d3,rpng,table_03,d3,40,,24.990276752967127,0.8668972724854691,0.11455337994448979,350477,1402,19080,9659,309.1737780601252,,,,,,3101221376,d49c34fe27e30873e50f238ce16234d3e83c1ae02fd9abbc084000d9a66644d8,/home/intern/gs_floaterLab/results/campaigns/gain_attribution/cvpr_assets/fixed_work_v1/render40/rpng/table_03/d3,/home/intern/gs_floaterLab/results/campaigns/gain_attribution/cvpr_assets/fixed_work_v1/render40/rpng/table_03/d3/psnr/strict_fixed_manifest/final_result.json,9b11456030a901c2bfc66f13171580c979aab5324c2c4424a057a9b9ba5382ea,f5e8fc63ad146e0e193e373d5791bc9784931088e799ade85d1b3df6638804a0
fixed_training40_d3,rpng,table_03,vanilla,40,,20.682447953162963,0.6661861571197673,0.3114058236337762,309096,1402,19080,0,210.496677367948,,,,,,,b2f89aac1b7e119e2675e5cf7734252c534589fb843beae3fb390a061940e1aa,/home/intern/gs_floaterLab/results/campaigns/gain_attribution/cvpr_assets/fixed_work_v1/render40/rpng/table_03/vanilla,/home/intern/gs_floaterLab/results/campaigns/gain_attribution/cvpr_assets/fixed_work_v1/render40/rpng/table_03/vanilla/psnr/strict_fixed_manifest/final_result.json,f0d021073441e8cb84eab6c25cd6bac3ec723d2e12356952bdaad87c1c8e9395,f5e8fc63ad146e0e193e373d5791bc9784931088e799ade85d1b3df6638804a0
fixed_training15_d3,rpng,table_04,d3,15,,21.60679450329439,0.7503308189258654,0.17973330697895568,444186,1215,5535,3019,155.58403770206496,,,,,,2621076480,d4f112fe446207e72c06e719ca1d8b2f46ae229e3761c1b96ac04ff27adbd0e8,/home/intern/gs_floaterLab/results/campaigns/gain_attribution/cvpr_assets/fixed_work_v1/render15/rpng/table_04/d3,/home/intern/gs_floaterLab/results/campaigns/gain_attribution/cvpr_assets/fixed_work_v1/render15/rpng/table_04/d3/psnr/strict_fixed_manifest/final_result.json,aebc0dc090067a35eab138ccece1b52d1b010f2ea4686ba8cbea9f0fcf8cbc38,054f43b5518aacafd5b029fb71b8bb39db08145f5c05879f34424561b75f792d
fixed_training15_d3,rpng,table_04,vanilla,15,,20.002419714280116,0.6658028903566761,0.27709710582048314,313808,1215,5535,0,124.48483255202882,,,,,,,44071647a7a30836667539b95619beeb27a5631a89d4583ee7b6e71a3c931e1c,/home/intern/gs_floaterLab/results/campaigns/gain_attribution/cvpr_assets/fixed_work_v1/render15/rpng/table_04/vanilla,/home/intern/gs_floaterLab/results/campaigns/gain_attribution/cvpr_assets/fixed_work_v1/render15/rpng/table_04/vanilla/psnr/strict_fixed_manifest/final_result.json,8b182fcd1196838203d929d49982ed7bdf6d89c452d70e74d2bad06b93b18d42,054f43b5518aacafd5b029fb71b8bb39db08145f5c05879f34424561b75f792d
fixed_training15_d3,utmm,ego-drive,d3,15,,20.772115279771256,0.6972804903135605,0.354093183561152,137451,281,1710,1032,26.340874754823744,,,,,,651031552,a3ef73f2c7ab411943420ec9f3ecc5dc5e2f5983e7e015762ade59c706db3e55,/home/intern/gs_floaterLab/results/campaigns/gain_attribution/cvpr_assets/fixed_work_v1/render15/utmm/ego-drive/d3,/home/intern/gs_floaterLab/results/campaigns/gain_attribution/cvpr_assets/fixed_work_v1/render15/utmm/ego-drive/d3/psnr/strict_fixed_manifest/final_result.json,0f8329ff705a870109ee9c7660c81f00de46ce90e51d01911ffdec4394b6cec4,a2b8704f1cb9e1849dcf71eaebaac575c25dd61a8f8a10b6f7081df505c2cc60
fixed_training15_d3,utmm,ego-drive,vanilla,15,,17.366720756177802,0.5382718345236523,0.6359918106917385,157543,281,1710,0,22.36295742308721,,,,,,,5bf4acc7c504c5e7f3894cba3c6dd253b65ab5410790f05a29fe06b685d92cb4,/home/intern/gs_floaterLab/results/campaigns/gain_attribution/cvpr_assets/fixed_work_v1/render15/utmm/ego-drive/vanilla,/home/intern/gs_floaterLab/results/campaigns/gain_attribution/cvpr_assets/fixed_work_v1/render15/utmm/ego-drive/vanilla/psnr/strict_fixed_manifest/final_result.json,beb8b00b64b19773953994a3f2365d0b41de3c9e5686a502e59fdcda7567a1b9,a2b8704f1cb9e1849dcf71eaebaac575c25dd61a8f8a10b6f7081df505c2cc60
fixed_training15_d3,aria,aria301_305,d3,15,,23.474117611688673,0.8379764801274867,0.38026668769972666,207810,539,2190,1235,26.732749653048813,,,,,,1008715776,7930d087e39cbe9ad5b0d85c7bc62954f10f83064023a0b8fb90041dc3d38f69,/home/intern/gs_floaterLab/results/campaigns/gain_attribution/cvpr_assets/fixed_work_v1/render15/aria/aria301_305/d3,/home/intern/gs_floaterLab/results/campaigns/gain_attribution/cvpr_assets/fixed_work_v1/render15/aria/aria301_305/d3/psnr/strict_fixed_manifest/final_result.json,13b1992ead272ba788f0287f5b3ca2c1fe4b42d87abd8a45a662bb4afdb33ac5,0b293ff29882b20d0d6cfec2012507ea76e2bae3e419c903ac543a09ba5e396d
fixed_training15_d3,aria,aria301_305,vanilla,15,,19.008593502646253,0.7120117664558325,0.6127064746142761,239885,539,2190,0,18.001738090999424,,,,,,,1827d92469f83bb9f106ed03f9d9117b4800dab5879c62456a62c0f298e022e5,/home/intern/gs_floaterLab/results/campaigns/gain_attribution/cvpr_assets/fixed_work_v1/render15/aria/aria301_305/vanilla,/home/intern/gs_floaterLab/results/campaigns/gain_attribution/cvpr_assets/fixed_work_v1/render15/aria/aria301_305/vanilla/psnr/strict_fixed_manifest/final_result.json,cfe61504bb4dd2c2fc4796f8e69bdcdc6d1073b6c907d8c9aae4517eca4aca80,0b293ff29882b20d0d6cfec2012507ea76e2bae3e419c903ac543a09ba5e396d
fixed_training15_d3,rpng,table_08,d3,15,,24.521692992660828,0.8415926832297665,0.15462659476862428,421474,1698,7500,4091,224.17252184799872,,,,,,3370663936,0e22c00837230da501bec04b6d6548b766033eda9739b54bd681e8ee04a0f5c3,/home/intern/gs_floaterLab/results/campaigns/gain_attribution/cvpr_assets/fixed_work_v1/render15/rpng/table_08/d3,/home/intern/gs_floaterLab/results/campaigns/gain_attribution/cvpr_assets/fixed_work_v1/render15/rpng/table_08/d3/psnr/strict_fixed_manifest/final_result.json,8c4fc1c760f02c4942d3f25ff50c725916b30c02df8aadd01c8280fec30f02cb,0800ddd8f05f158e05f97864949a259fef158aa2899a460ed72184b7bd325fef
fixed_training15_d3,rpng,table_08,vanilla,15,,21.47925835868916,0.7379560127977207,0.3019767264595301,471544,1698,7500,0,174.37731046718545,,,,,,,2c486496971fca0b83ffa1d4194a00deeb60b544c4cc9eb76e78d088f9f6752e,/home/intern/gs_floaterLab/results/campaigns/gain_attribution/cvpr_assets/fixed_work_v1/render15/rpng/table_08/vanilla,/home/intern/gs_floaterLab/results/campaigns/gain_attribution/cvpr_assets/fixed_work_v1/render15/rpng/table_08/vanilla/psnr/strict_fixed_manifest/final_result.json,22a68260ae9ad13453b46e4db1d7bc9d8596bee8d07011a5a5694225d44b3b5a,0800ddd8f05f158e05f97864949a259fef158aa2899a460ed72184b7bd325fef
fixed_training15_d3,rpng,table_05,d3,15,,22.14680972091576,0.718946207163786,0.22552239293507279,330576,1234,4755,2626,121.22824044316076,,,,,,2112959488,e64eb2bb63a19cca2eea80ca2b5333f9f0c2597cb6cb763519233530d11bf13a,/home/intern/gs_floaterLab/results/campaigns/gain_attribution/cvpr_assets/fixed_work_v1/render15/rpng/table_05/d3,/home/intern/gs_floaterLab/results/campaigns/gain_attribution/cvpr_assets/fixed_work_v1/render15/rpng/table_05/d3/psnr/strict_fixed_manifest/final_result.json,88ba0ddb22511f3d1ffb55cf1c596d0f0f863407b4860f154f308a6a0a60eb6c,c025f52aef3a25ddcc9aaf67e2f556d0c4b37100602c17439af611624978c9d9
fixed_training15_d3,rpng,table_05,vanilla,15,,19.83612312180876,0.6110340082954548,0.4052712539123368,287615,1234,4755,0,96.41688532195985,,,,,,,45841ae7480e009162babc889345724a530e8d6f2216efa35cc8420592b36ebb,/home/intern/gs_floaterLab/results/campaigns/gain_attribution/cvpr_assets/fixed_work_v1/render15/rpng/table_05/vanilla,/home/intern/gs_floaterLab/results/campaigns/gain_attribution/cvpr_assets/fixed_work_v1/render15/rpng/table_05/vanilla/psnr/strict_fixed_manifest/final_result.json,c0f8e1768ef826d8a7bfd12d3b124a886decbec40c4c06a0af0946e61432df15,c025f52aef3a25ddcc9aaf67e2f556d0c4b37100602c17439af611624978c9d9
fixed_training40_d3,utmm,square-1,d3,40,,22.100768560244713,0.7697456046754931,0.26302786817613205,122697,324,3600,1886,35.67335591209121,,,,,,672151552,1df55e3cd25c9dda7ff917922715e765cda4672c0328d94d8711d747b5209707,/home/intern/gs_floaterLab/results/campaigns/gain_attribution/cvpr_assets/fixed_work_v1/render40/utmm/square-1/d3,/home/intern/gs_floaterLab/results/campaigns/gain_attribution/cvpr_assets/fixed_work_v1/render40/utmm/square-1/d3/psnr/strict_fixed_manifest/final_result.json,4fe759733de5c58f2eb1c95cfacc9d6199383c3e735fc83d7b2c621181066c1b,674fc2f2cca9af8f824cf74e95f5810410112b815358e8ce44e280a9185859ec
fixed_training40_d3,utmm,square-1,vanilla,40,,18.79899032027633,0.6238139415228808,0.4970532387127111,163027,324,3600,0,30.25029487698339,,,,,,,92c75f25422955b197be8cb74547dfa156199b7832b5936cde9eafcf15cc84ad,/home/intern/gs_floaterLab/results/campaigns/gain_attribution/cvpr_assets/fixed_work_v1/render40/utmm/square-1/vanilla,/home/intern/gs_floaterLab/results/campaigns/gain_attribution/cvpr_assets/fixed_work_v1/render40/utmm/square-1/vanilla/psnr/strict_fixed_manifest/final_result.json,1456b7695491812fd6f8b51095c145b5f311d43902920c8b865b76fb4e339a2e,674fc2f2cca9af8f824cf74e95f5810410112b815358e8ce44e280a9185859ec
fixed_training15_d3,aria,aria301_12F,d3,15,,25.69641070365906,0.8755161884156141,0.3521230673925443,521655,440,4305,2364,47.22888777311891,,,,,,2178274304,8ff8cda7d59f0bf5fa6fe86e0b4c8f45d820a6e8124827045d880a19e4f823eb,/home/intern/gs_floaterLab/results/campaigns/gain_attribution/cvpr_assets/fixed_work_12f_v1/render15/aria/aria301_12F/d3,/home/intern/gs_floaterLab/results/campaigns/gain_attribution/cvpr_assets/fixed_work_12f_v1/render15/aria/aria301_12F/d3/psnr/strict_fixed_manifest/final_result.json,9f44299eab2db014aff65725bb213c554ae0ab4a0f172014b8e2841b367c03ff,45f4e3417a0e4091a2d3dc3a805ad221e2c73d4dad5d4abe1fdca1304cd5a550
fixed_training15_d3,aria,aria301_12F,vanilla,15,,22.064716050841593,0.7861448117955164,0.5610225044190884,622976,440,4305,0,35.63022961909883,,,,,,,1974bfa60c4dba315e2dcc466d050618829d450756baf18f8d2cee5f9017e223,/home/intern/gs_floaterLab/results/campaigns/gain_attribution/cvpr_assets/fixed_work_12f_v1/render15/aria/aria301_12F/vanilla,/home/intern/gs_floaterLab/results/campaigns/gain_attribution/cvpr_assets/fixed_work_12f_v1/render15/aria/aria301_12F/vanilla/psnr/strict_fixed_manifest/final_result.json,e39c9f408cc5dd9759246611fd3528aef2fee23f82f2b6aa088973800f948806,45f4e3417a0e4091a2d3dc3a805ad221e2c73d4dad5d4abe1fdca1304cd5a550
fixed_training40_d3,aria,aria301_12F,d3,40,,27.450468639893966,0.8936951251192526,0.30608082779429174,452484,440,11480,5827,96.51259845797904,,,,,,2102415872,9da844cb9ebd4a83c4493dd9ef45d1d7dea96f569ba512ee3c9d3c36cd784645,/home/intern/gs_floaterLab/results/campaigns/gain_attribution/cvpr_assets/fixed_work_12f_v1/render40/aria/aria301_12F/d3,/home/intern/gs_floaterLab/results/campaigns/gain_attribution/cvpr_assets/fixed_work_12f_v1/render40/aria/aria301_12F/d3/psnr/strict_fixed_manifest/final_result.json,a232cc8f525d89e0ece4297d9e0f0f9bc4303b09796beb84d25f1c5ab6a70dc0,45f4e3417a0e4091a2d3dc3a805ad221e2c73d4dad5d4abe1fdca1304cd5a550
fixed_training40_d3,aria,aria301_12F,vanilla,40,,24.271544135700573,0.8353476975451816,0.49195532751354304,617718,440,11480,0,66.70043378206901,,,,,,,fd340ee42d9497cf782f29a59753c05430e1945ffbd3a8431eb6ea55c3231184,/home/intern/gs_floaterLab/results/campaigns/gain_attribution/cvpr_assets/fixed_work_12f_v1/render40/aria/aria301_12F/vanilla,/home/intern/gs_floaterLab/results/campaigns/gain_attribution/cvpr_assets/fixed_work_12f_v1/render40/aria/aria301_12F/vanilla/psnr/strict_fixed_manifest/final_result.json,625ac55da2940a9437b6ba6da8e841fd280c6de28008449fb8f0b747a9b3fe3b,45f4e3417a0e4091a2d3dc3a805ad221e2c73d4dad5d4abe1fdca1304cd5a550
live_fifo_shared_tracking,aria,aria1253,ours,40,1,23.428837302986903,0.7640340906063109,0.2979541224719004,174102,262,3320,1690,,65.09999891300004,68.1597485691309,4.1462455188157,8,shared_official_dataset_Tracking_config,5739865088,165d2010041a3b0a8085bb23509cceb5dfcc78451efdb9b994e2cb4606c36e79,/home/intern/gs_floaterLab/results/campaigns/gain_attribution/cvpr_assets/live_shared_tracking_v1/scale1/aria/aria1253/ours,/home/intern/gs_floaterLab/results/campaigns/gain_attribution/cvpr_assets/live_shared_tracking_v1/scale1/aria/aria1253/ours/psnr/strict_fixed_manifest/final_result.json,2740805003e9eb8208f0d0df8de5af5ec2f3d0a81e118ffba5e68312ae180b73,065c82f1592a2fb21a0297b6639cee99bb7a8a4790474a87e6bce10f02505b0b
live_fifo_shared_tracking,aria,aria1253,vanilla,40,1,20.122959835838724,0.6941127915873783,0.5012648029409292,247366,262,4159,0,,65.09999891300004,65.36323386593722,1.805743685993366,6,shared_official_dataset_Tracking_config,,f8e844e2dd198cb4631ebdb87995dc8ca1f06e66c652eefcb417524b698c94c6,/home/intern/gs_floaterLab/results/campaigns/gain_attribution/cvpr_assets/live_shared_tracking_v1/scale1/aria/aria1253/vanilla,/home/intern/gs_floaterLab/results/campaigns/gain_attribution/cvpr_assets/live_shared_tracking_v1/scale1/aria/aria1253/vanilla/psnr/strict_fixed_manifest/final_result.json,18feaf85e9beceb091dd4620f951f3c9216099031168b10c054260161c6358ed,065c82f1592a2fb21a0297b6639cee99bb7a8a4790474a87e6bce10f02505b0b
live_fifo_shared_tracking,aria,aria1253,ours,40,1.5,25.751155314554694,0.8559866219986486,0.2587704626658491,185002,262,3640,1850,,97.64999836950005,97.66988690220751,1.397058045445004,3,shared_official_dataset_Tracking_config,5741477888,822825012b205dd94bce3f9904b07f5f3b5cdec1bd84596c0ac0b5f042080d8c,/home/intern/gs_floaterLab/results/campaigns/gain_attribution/cvpr_assets/live_shared_tracking_v1/scale1p5/aria/aria1253/ours,/home/intern/gs_floaterLab/results/campaigns/gain_attribution/cvpr_assets/live_shared_tracking_v1/scale1p5/aria/aria1253/ours/psnr/strict_fixed_manifest/final_result.json,ada6a70c4a60cd69b1ec00d3c73bd99f802e512a81b08382aa3f97a4cf31cae2,065c82f1592a2fb21a0297b6639cee99bb7a8a4790474a87e6bce10f02505b0b
live_fifo_shared_tracking,aria,aria1253,vanilla,40,1.5,20.92910993372211,0.7083497065624208,0.508480922638915,186535,262,4200,0,,97.64999836950005,97.67124323593453,0.729360516206361,3,shared_official_dataset_Tracking_config,,e498720bf02929cf578f31cc9f464c7118c242635512a49237dda9144f4a3d41,/home/intern/gs_floaterLab/results/campaigns/gain_attribution/cvpr_assets/live_shared_tracking_v1/scale1p5/aria/aria1253/vanilla,/home/intern/gs_floaterLab/results/campaigns/gain_attribution/cvpr_assets/live_shared_tracking_v1/scale1p5/aria/aria1253/vanilla/psnr/strict_fixed_manifest/final_result.json,c078c4562fa2d544338e8d471df0f8002a0815a0af41f7ca793f9abd3778ceed,065c82f1592a2fb21a0297b6639cee99bb7a8a4790474a87e6bce10f02505b0b
live_fifo_shared_tracking,rpng,table_01,ours,40,1,23.667279053494276,0.8054674995610438,0.15809588868957591,213542,502,4952,2508,,83.53692960739136,132.95566471596248,51.273301336041186,13,shared_official_dataset_Tracking_config,5912011264,fb5ea45999b7d5b4dac4e50199f3612cfe7daa4bda8f579f2bb147c4c9676e2b,/home/intern/gs_floaterLab/results/campaigns/gain_attribution/cvpr_assets/live_shared_tracking_v1/scale1/rpng/table_01/ours,/home/intern/gs_floaterLab/results/campaigns/gain_attribution/cvpr_assets/live_shared_tracking_v1/scale1/rpng/table_01/ours/psnr/strict_fixed_manifest/final_result.json,dfbd89455860b8ba270150d3268a6482a39928477d27c83ed4166951ab70d5c9,62507c2519a76094e4b69ad945d27b1b1e4fbbecc894b378b7e3ba9b011304ed
live_fifo_shared_tracking,rpng,table_01,vanilla,40,1,22.444745099876982,0.741682469132412,0.2502466975395898,178407,502,6520,0,,83.53692960739136,120.79299507802352,39.59501811751397,7,shared_official_dataset_Tracking_config,,b11eff094a32c903228a3414fa77acff1680648e2ad2e51c0deb2b8ff680d270,/home/intern/gs_floaterLab/results/campaigns/gain_attribution/cvpr_assets/live_shared_tracking_v1/scale1/rpng/table_01/vanilla,/home/intern/gs_floaterLab/results/campaigns/gain_attribution/cvpr_assets/live_shared_tracking_v1/scale1/rpng/table_01/vanilla/psnr/strict_fixed_manifest/final_result.json,e1438ef2c2a7a86a45af553b20749dc0d6efc7fee293f15e9fdad7fc84697d91,62507c2519a76094e4b69ad945d27b1b1e4fbbecc894b378b7e3ba9b011304ed
live_fifo_shared_tracking,rpng,table_01,ours,40,1.5,25.358613965995758,0.8610237266912878,0.13412757096181352,240609,502,6787,3425,,125.30539441108704,148.3015306747984,29.35527478880249,13,shared_official_dataset_Tracking_config,6112481792,3146228d8e15f4a033837d97e65804bfe8045333e64d2168b7ed60aa0bfcc42b,/home/intern/gs_floaterLab/results/campaigns/gain_attribution/cvpr_assets/live_shared_tracking_v1/scale1p5/rpng/table_01/ours,/home/intern/gs_floaterLab/results/campaigns/gain_attribution/cvpr_assets/live_shared_tracking_v1/scale1p5/rpng/table_01/ours/psnr/strict_fixed_manifest/final_result.json,eba77c95de9e9b8e75761c5e084c8c71eb33be99d67d089f3e6c9bc47d840a5c,62507c2519a76094e4b69ad945d27b1b1e4fbbecc894b378b7e3ba9b011304ed
live_fifo_shared_tracking,rpng,table_01,vanilla,40,1.5,22.95078182030484,0.7704641821374931,0.2297833439897731,245368,502,8640,0,,125.30539441108704,136.83547167503275,19.215993859921582,8,shared_official_dataset_Tracking_config,,c647e4f4634714f20d315063e0dc67c61735fcadb677014c240f3b95e0b9516a,/home/intern/gs_floaterLab/results/campaigns/gain_attribution/cvpr_assets/live_shared_tracking_v1/scale1p5/rpng/table_01/vanilla,/home/intern/gs_floaterLab/results/campaigns/gain_attribution/cvpr_assets/live_shared_tracking_v1/scale1p5/rpng/table_01/vanilla/psnr/strict_fixed_manifest/final_result.json,6169f7dca61ccd6d40b4e6ba2702342b0c97125db3ccb58fb0fd93e1b3fcb6d6,62507c2519a76094e4b69ad945d27b1b1e4fbbecc894b378b7e3ba9b011304ed
