protocol,dataset,scene,arm,renders_per_kf_cap,time_scale,psnr,ssim,lpips,eval_views,gaussians,training_renders,proxy_renders,mapping_seconds,sensor_seconds,allowed_seconds,tracking_seconds,peak_cuda_allocated_bytes,optimizer_steps,mapping_disjoint,zero_tail,output,metric_path,metric_sha256,cohort_uid_sha256,result_sha256,case,budget,audit_path,audit_sha256
current_control,rpng,table_01,rr_dense,15,,24.458256155371192,0.8253227807136171,0.18008175079684807,502,313685,3765,2096,74.93444148101844,,,,1713333760,3765,True,,/home/intern/gs_floaterLab/results/campaigns/gain_attribution/cvpr_assets/current_controls_v1/render15/rpng/table_01/rr_dense,/home/intern/gs_floaterLab/results/campaigns/gain_attribution/cvpr_assets/current_controls_v1/render15/rpng/table_01/rr_dense/psnr/strict_fixed_manifest/final_result.json,f062a0f0d47ccba17d235b3545e7a676060beab7731bf50a62f8aa570a483494,62507c2519a76094e4b69ad945d27b1b1e4fbbecc894b378b7e3ba9b011304ed,e53d126e18795fa0046c7bdfbf9816beae2c0439740adcf43fde976ac498fb52,rr_dense,15,/home/intern/gs_floaterLab/results/campaigns/gain_attribution/cvpr_assets/current_controls_v1/render15/rpng/table_01/rr_dense/comparison_audit.json,07a50d4bdbf318c06fe6de47d70fe993d0a380132b01a617fac5ad38ece320ea
current_control,rpng,table_01,ervs_dense,15,,24.407874449315774,0.8269982527926624,0.1765672593448029,502,318276,3765,2096,73.69294018298388,,,,1710854144,3765,True,,/home/intern/gs_floaterLab/results/campaigns/gain_attribution/cvpr_assets/fixed_work_v1/render15/rpng/table_01/d3,/home/intern/gs_floaterLab/results/campaigns/gain_attribution/cvpr_assets/fixed_work_v1/render15/rpng/table_01/d3/psnr/strict_fixed_manifest/final_result.json,59766fc10346e4a778f04e46ff1eefa8b87a4cbc58d019920918fd327814db4b,62507c2519a76094e4b69ad945d27b1b1e4fbbecc894b378b7e3ba9b011304ed,286081e0e9f160e20b68a8e0bea08a50cd396acf57deff27e6e5c8f4c9b21301,ervs_dense,15,/home/intern/gs_floaterLab/results/campaigns/gain_attribution/cvpr_assets/current_controls_v1/render15/rpng/table_01/rr_dense/comparison_audit.json,07a50d4bdbf318c06fe6de47d70fe993d0a380132b01a617fac5ad38ece320ea
current_control,rpng,table_01,ervs_kf_rgb,15,,24.597321282344986,0.8302620332317049,0.17570205944111622,502,316105,3765,1975,62.62324817595072,,,,1634385920,3765,True,,/home/intern/gs_floaterLab/results/campaigns/gain_attribution/cvpr_assets/current_controls_v1/render15/rpng/table_01/ervs_kf_rgb,/home/intern/gs_floaterLab/results/campaigns/gain_attribution/cvpr_assets/current_controls_v1/render15/rpng/table_01/ervs_kf_rgb/psnr/strict_fixed_manifest/final_result.json,5ff998aff8d39b1b28ff8ebdfd635e6a8583b32f12f6cf54ee88487107191bef,62507c2519a76094e4b69ad945d27b1b1e4fbbecc894b378b7e3ba9b011304ed,d2d618a2dff755e085e4dc3006ee787d1442c44cbc71849a1c08eff7aeabe173,ervs_kf_rgb,15,/home/intern/gs_floaterLab/results/campaigns/gain_attribution/cvpr_assets/current_controls_v1/render15/rpng/table_01/ervs_kf_rgb/comparison_audit.json,f18cf8b8e5f2953c34145ccaf0650b4e31ae5dc9bf86b2a25ca839f9671d9311
current_control,rpng,table_01,rr_kf_rgb,15,,24.503652960180762,0.8257712572219362,0.18051409740668845,502,313591,3765,1975,62.561011906014755,,,,1646740480,3765,True,,/home/intern/gs_floaterLab/results/campaigns/gain_attribution/cvpr_assets/current_controls_v1/render15/rpng/table_01/rr_kf_rgb,/home/intern/gs_floaterLab/results/campaigns/gain_attribution/cvpr_assets/current_controls_v1/render15/rpng/table_01/rr_kf_rgb/psnr/strict_fixed_manifest/final_result.json,bf28815281306f8c00b6fe50069cc6c8ce683ca7d74a28397bfaa7e357bd3e60,62507c2519a76094e4b69ad945d27b1b1e4fbbecc894b378b7e3ba9b011304ed,50ee41bf22b5147a37cba2c0ea61ab291c8bb0f334e13955f2a1a727bf62551b,rr_kf_rgb,15,/home/intern/gs_floaterLab/results/campaigns/gain_attribution/cvpr_assets/current_controls_v1/render15/rpng/table_01/rr_kf_rgb/comparison_audit.json,1045b1f6555d5cf2a3ce33c03da405b9c553d42fef11b29fe6abd7ecbade2d10
current_control,rpng,table_01,rr_dense,40,,25.660401146725356,0.866176076738008,0.12556443807197756,502,243196,10040,5124,119.4291321770288,,,,1627849216,10040,True,,/home/intern/gs_floaterLab/results/campaigns/gain_attribution/cvpr_assets/current_controls_v1/render40/rpng/table_01/rr_dense,/home/intern/gs_floaterLab/results/campaigns/gain_attribution/cvpr_assets/current_controls_v1/render40/rpng/table_01/rr_dense/psnr/strict_fixed_manifest/final_result.json,93e5057cbde9e4bc577919fb01d9aba8cb35fb01a90da875f3d9e0ab03d31a28,62507c2519a76094e4b69ad945d27b1b1e4fbbecc894b378b7e3ba9b011304ed,0fe26454bc514b21e161979831f8c165a93040c666e09c676d591259a7b06d2a,rr_dense,40,/home/intern/gs_floaterLab/results/campaigns/gain_attribution/cvpr_assets/current_controls_v1/render40/rpng/table_01/rr_dense/comparison_audit.json,161b87c8eb42674822d4e016c84c367e298d41bd0be8f627ccff2bd152fea75f
current_control,rpng,table_01,ervs_dense,40,,25.7536418618434,0.8716039429622817,0.12178022957655538,502,248021,10040,5124,116.6859154549893,,,,1624091136,10040,True,,/home/intern/gs_floaterLab/results/campaigns/gain_attribution/cvpr_assets/fixed_work_v1/render40/rpng/table_01/d3,/home/intern/gs_floaterLab/results/campaigns/gain_attribution/cvpr_assets/fixed_work_v1/render40/rpng/table_01/d3/psnr/strict_fixed_manifest/final_result.json,57802993fbe5b8da0529ae7abc9844a8721919bde09d674d7a83a07183f4c042,62507c2519a76094e4b69ad945d27b1b1e4fbbecc894b378b7e3ba9b011304ed,0698415291d550a540bac5b74e87b545171fc569428a36a3ff2d291342d1d369,ervs_dense,40,/home/intern/gs_floaterLab/results/campaigns/gain_attribution/cvpr_assets/current_controls_v1/render40/rpng/table_01/rr_dense/comparison_audit.json,161b87c8eb42674822d4e016c84c367e298d41bd0be8f627ccff2bd152fea75f
current_control,rpng,table_01,ervs_kf_rgb,40,,25.85854049697815,0.8726570323643932,0.12300655701424021,502,252889,10040,5002,90.60795478406362,,,,1580836864,10040,True,,/home/intern/gs_floaterLab/results/campaigns/gain_attribution/cvpr_assets/current_controls_v1/render40/rpng/table_01/ervs_kf_rgb,/home/intern/gs_floaterLab/results/campaigns/gain_attribution/cvpr_assets/current_controls_v1/render40/rpng/table_01/ervs_kf_rgb/psnr/strict_fixed_manifest/final_result.json,1e58b3880c77d56638c1bb99f7048e252abec7896744be7d153caf2184f51901,62507c2519a76094e4b69ad945d27b1b1e4fbbecc894b378b7e3ba9b011304ed,f3d350fcb79e26203b11c870baebd37738576ff3729339c809a0cc1827366fd1,ervs_kf_rgb,40,/home/intern/gs_floaterLab/results/campaigns/gain_attribution/cvpr_assets/current_controls_v1/render40/rpng/table_01/ervs_kf_rgb/comparison_audit.json,3ed7e12614931f3d3502767637211242f2042ad7222705a57e1c1cf13cf8b495
current_control,rpng,table_01,rr_kf_rgb,40,,25.85563205627806,0.8682758017365201,0.12471689597751752,502,243988,10040,5002,91.12859067320824,,,,1570244608,10040,True,,/home/intern/gs_floaterLab/results/campaigns/gain_attribution/cvpr_assets/current_controls_v1/render40/rpng/table_01/rr_kf_rgb,/home/intern/gs_floaterLab/results/campaigns/gain_attribution/cvpr_assets/current_controls_v1/render40/rpng/table_01/rr_kf_rgb/psnr/strict_fixed_manifest/final_result.json,7790598e2e98d7fc462c4985051149818305779ed63899208ead5e0305d9d1ac,62507c2519a76094e4b69ad945d27b1b1e4fbbecc894b378b7e3ba9b011304ed,e6acfb177d88a0ee78abf8a977604e9d2f5b2bcd1a5bb2bd166bf8e5667c09e6,rr_kf_rgb,40,/home/intern/gs_floaterLab/results/campaigns/gain_attribution/cvpr_assets/current_controls_v1/render40/rpng/table_01/rr_kf_rgb/comparison_audit.json,3e0599bd6767a713ac096289660eeffc44861cb479f36b15422a5093f73e2e0b
current_control,rpng,table_02,rr_dense,15,,21.27773225144164,0.7188384582939213,0.2706817597763179,584,430009,4950,2725,103.64142030803487,,,,2244504576,4950,True,,/home/intern/gs_floaterLab/results/campaigns/gain_attribution/cvpr_assets/current_controls_v1/render15/rpng/table_02/rr_dense,/home/intern/gs_floaterLab/results/campaigns/gain_attribution/cvpr_assets/current_controls_v1/render15/rpng/table_02/rr_dense/psnr/strict_fixed_manifest/final_result.json,5e5991ab5726b0f81191d9305d1c79963b0ef19f4e4fdd354e331b9ed5c3a3f0,27ba0e5a2609555426d1524e716dd6e00fc8f6f3322ee515b611b473019d2f1b,5c7ffa84f3132a0e42e4cb2a25fc64e8f641f9a5cbdc702ea232378a7f80caa5,rr_dense,15,/home/intern/gs_floaterLab/results/campaigns/gain_attribution/cvpr_assets/current_controls_v1/render15/rpng/table_02/rr_dense/comparison_audit.json,afa3264bd0ca2119e3a1a4fd94301a556d0b0115e80c24b16956557997e7b7a5
current_control,rpng,table_02,ervs_dense,15,,21.446611975970335,0.7266509994762401,0.2634028989872704,584,432820,4950,2725,100.70830819592811,,,,2252768256,4950,True,,/home/intern/gs_floaterLab/results/campaigns/gain_attribution/cvpr_assets/fixed_work_v1/render15/rpng/table_02/d3,/home/intern/gs_floaterLab/results/campaigns/gain_attribution/cvpr_assets/fixed_work_v1/render15/rpng/table_02/d3/psnr/strict_fixed_manifest/final_result.json,f5ae0702a97627f0a32950af13af11557bf8913f3579c117e7f9c2767a00f050,27ba0e5a2609555426d1524e716dd6e00fc8f6f3322ee515b611b473019d2f1b,9d189ba7136042f469560591a8b60c0d7f3e332976c5d6449618baa2a5f86083,ervs_dense,15,/home/intern/gs_floaterLab/results/campaigns/gain_attribution/cvpr_assets/current_controls_v1/render15/rpng/table_02/rr_dense/comparison_audit.json,afa3264bd0ca2119e3a1a4fd94301a556d0b0115e80c24b16956557997e7b7a5
current_control,rpng,table_02,ervs_kf_rgb,15,,21.47495967721286,0.7268467387312079,0.2708323762739358,584,428239,4950,2613,85.57279870612547,,,,2194694656,4950,True,,/home/intern/gs_floaterLab/results/campaigns/gain_attribution/cvpr_assets/current_controls_v1/render15/rpng/table_02/ervs_kf_rgb,/home/intern/gs_floaterLab/results/campaigns/gain_attribution/cvpr_assets/current_controls_v1/render15/rpng/table_02/ervs_kf_rgb/psnr/strict_fixed_manifest/final_result.json,f481156447c7dc75c981bad92aec44f001034040c2bcd4373336568d593196f0,27ba0e5a2609555426d1524e716dd6e00fc8f6f3322ee515b611b473019d2f1b,539f490812a8499472767ccba1f07d3d8ab32ca4a43a8ded4ee2dec2fe8471f0,ervs_kf_rgb,15,/home/intern/gs_floaterLab/results/campaigns/gain_attribution/cvpr_assets/current_controls_v1/render15/rpng/table_02/ervs_kf_rgb/comparison_audit.json,6ce28d70534256f73abc422c8a3cef8c4226f930a3fcf2ac1cddc6b5dcf1e787
current_control,rpng,table_02,rr_kf_rgb,15,,21.479047011022697,0.7235026180948296,0.27278493196792797,584,424477,4950,2613,83.86190751404501,,,,2191772672,4950,True,,/home/intern/gs_floaterLab/results/campaigns/gain_attribution/cvpr_assets/current_controls_v1/render15/rpng/table_02/rr_kf_rgb,/home/intern/gs_floaterLab/results/campaigns/gain_attribution/cvpr_assets/current_controls_v1/render15/rpng/table_02/rr_kf_rgb/psnr/strict_fixed_manifest/final_result.json,d49005991ce3c315ee3c614440d2f6f577562b0f01d2fde25f3276b7220d5c78,27ba0e5a2609555426d1524e716dd6e00fc8f6f3322ee515b611b473019d2f1b,ff2177dee8e83a557a43f8cc282586fe910e4e8e0362972fff9f475fb2ac582b,rr_kf_rgb,15,/home/intern/gs_floaterLab/results/campaigns/gain_attribution/cvpr_assets/current_controls_v1/render15/rpng/table_02/rr_kf_rgb/comparison_audit.json,8c635abaf378e368b205c28281dcd06da79b6bbaa7b1b870f5ea821b4c77f29b
current_control,rpng,table_02,rr_dense,40,,23.858373576647615,0.8291215397519608,0.16272452213380434,584,305532,13200,6695,170.2200839421712,,,,2216321536,13200,True,,/home/intern/gs_floaterLab/results/campaigns/gain_attribution/cvpr_assets/current_controls_v1/render40/rpng/table_02/rr_dense,/home/intern/gs_floaterLab/results/campaigns/gain_attribution/cvpr_assets/current_controls_v1/render40/rpng/table_02/rr_dense/psnr/strict_fixed_manifest/final_result.json,4fd9755e3e6b757ff3c0469dcdeba5cdcc9d487543dc288b6283de313a9c7dda,27ba0e5a2609555426d1524e716dd6e00fc8f6f3322ee515b611b473019d2f1b,02cb3ad39580841fdf31c3cd3772aeab1630a3617666c71cf51fdcc8ce0e325b,rr_dense,40,/home/intern/gs_floaterLab/results/campaigns/gain_attribution/cvpr_assets/current_controls_v1/render40/rpng/table_02/rr_dense/comparison_audit.json,8b4aca96c6dad51fbb5eaa90ac7ee4e6a8f03e2cb9ab6894d95f81785d6c1700
current_control,rpng,table_02,ervs_dense,40,,24.167826538216577,0.8409425505015948,0.15662596740900245,584,312675,13200,6695,152.93425745307468,,,,2210346496,13200,True,,/home/intern/gs_floaterLab/results/campaigns/gain_attribution/cvpr_assets/fixed_work_v1/render40/rpng/table_02/d3,/home/intern/gs_floaterLab/results/campaigns/gain_attribution/cvpr_assets/fixed_work_v1/render40/rpng/table_02/d3/psnr/strict_fixed_manifest/final_result.json,f3bbb058728c6f62571228c58b1030cd7bc7065af278447091a6cd484bc4401f,27ba0e5a2609555426d1524e716dd6e00fc8f6f3322ee515b611b473019d2f1b,47eba0cfdf54b0e941a7a3c7ec0f478dbab3ef0801a8ddc433926395c5884ef9,ervs_dense,40,/home/intern/gs_floaterLab/results/campaigns/gain_attribution/cvpr_assets/current_controls_v1/render40/rpng/table_02/rr_dense/comparison_audit.json,8b4aca96c6dad51fbb5eaa90ac7ee4e6a8f03e2cb9ab6894d95f81785d6c1700
current_control,rpng,table_02,ervs_kf_rgb,40,,24.178258804425802,0.8406750473053488,0.15842861358127366,584,323171,13200,6598,129.6122477168683,,,,2159478272,13200,True,,/home/intern/gs_floaterLab/results/campaigns/gain_attribution/cvpr_assets/current_controls_v1/render40/rpng/table_02/ervs_kf_rgb,/home/intern/gs_floaterLab/results/campaigns/gain_attribution/cvpr_assets/current_controls_v1/render40/rpng/table_02/ervs_kf_rgb/psnr/strict_fixed_manifest/final_result.json,abeb2113a8db605c331060535ff69003dcd22a1808016aff243101ddefe8b502,27ba0e5a2609555426d1524e716dd6e00fc8f6f3322ee515b611b473019d2f1b,f6edda44616be87d457c5c6dca5b2adb40805cb4f851ead5a2e8ca0ebd0f73bb,ervs_kf_rgb,40,/home/intern/gs_floaterLab/results/campaigns/gain_attribution/cvpr_assets/current_controls_v1/render40/rpng/table_02/ervs_kf_rgb/comparison_audit.json,44fe213778a6a75bdf9bfb6c7760d2755bb92ee0120998d98e479a5b1a9d4a80
current_control,rpng,table_02,rr_kf_rgb,40,,24.2738583022601,0.8391583981375171,0.15932489621567808,584,306455,13200,6598,122.02846258017235,,,,2157194240,13200,True,,/home/intern/gs_floaterLab/results/campaigns/gain_attribution/cvpr_assets/current_controls_v1/render40/rpng/table_02/rr_kf_rgb,/home/intern/gs_floaterLab/results/campaigns/gain_attribution/cvpr_assets/current_controls_v1/render40/rpng/table_02/rr_kf_rgb/psnr/strict_fixed_manifest/final_result.json,7ef9334d043626c9c97249c96c45ab33e3a5bb4a8480148b43be3218162230be,27ba0e5a2609555426d1524e716dd6e00fc8f6f3322ee515b611b473019d2f1b,a4be1771c9fc082c2fd695dca313474bce612c41e13710085432547512d07b79,rr_kf_rgb,40,/home/intern/gs_floaterLab/results/campaigns/gain_attribution/cvpr_assets/current_controls_v1/render40/rpng/table_02/rr_kf_rgb/comparison_audit.json,daef857f0811be4136fb23572a923bde23b02afbd09764f7eb864474e9d5ddd5
