path,allocated_bytes,size_bytes,reason
/home/intern/gs_floaterLab/context/experiments/exp76/evidence/zero_tail_runs/aria305_zerotail_normalized_odds150_K8_r4_s0/point_cloud/iteration_10000/point_cloud.ply,98738176,98737275,non-latest iteration; excludes anytime_runs and shared_branch; needs retention review
/home/intern/gs_floaterLab/context/experiments/exp76/evidence/zero_tail_runs/aria305_zerotail_normalized_odds150_K8_r4_s0/point_cloud/iteration_15000/point_cloud.ply,168767488,168766467,non-latest iteration; excludes anytime_runs and shared_branch; needs retention review
/home/intern/gs_floaterLab/context/experiments/exp76/evidence/zero_tail_runs/aria305_zerotail_normalized_odds125_K8_r4_s1/point_cloud/iteration_10000/point_cloud.ply,95510528,95507755,non-latest iteration; excludes anytime_runs and shared_branch; needs retention review
/home/intern/gs_floaterLab/context/experiments/exp76/evidence/zero_tail_runs/aria305_zerotail_normalized_odds125_K8_r4_s1/point_cloud/iteration_15000/point_cloud.ply,171311104,171303655,non-latest iteration; excludes anytime_runs and shared_branch; needs retention review
/home/intern/gs_floaterLab/context/experiments/exp76/evidence/zero_tail_runs/aria305_zerotail_normalized_odds125_K8_r4_s0/point_cloud/iteration_10000/point_cloud.ply,94601216,94598759,non-latest iteration; excludes anytime_runs and shared_branch; needs retention review
/home/intern/gs_floaterLab/context/experiments/exp76/evidence/zero_tail_runs/aria305_zerotail_normalized_odds125_K8_r4_s0/point_cloud/iteration_15000/point_cloud.ply,166252544,166245339,non-latest iteration; excludes anytime_runs and shared_branch; needs retention review
/home/intern/gs_floaterLab/context/experiments/exp76/evidence/zero_tail_runs/aria12F_zerotail_normalized_odds125_K8_r4_s1/point_cloud/iteration_12000/point_cloud.ply,82235392,82232267,non-latest iteration; excludes anytime_runs and shared_branch; needs retention review
/home/intern/gs_floaterLab/context/experiments/exp76/evidence/zero_tail_runs/aria12F_zerotail_normalized_odds125_K8_r4_s1/point_cloud/iteration_18000/point_cloud.ply,86970368,86967047,non-latest iteration; excludes anytime_runs and shared_branch; needs retention review
/home/intern/gs_floaterLab/context/experiments/exp76/evidence/zero_tail_runs/aria305_zerotail_normalized_odds140_K8_r4_s0/point_cloud/iteration_10000/point_cloud.ply,95580160,95578419,non-latest iteration; excludes anytime_runs and shared_branch; needs retention review
/home/intern/gs_floaterLab/context/experiments/exp76/evidence/zero_tail_runs/aria305_zerotail_normalized_odds140_K8_r4_s0/point_cloud/iteration_15000/point_cloud.ply,168300544,168294011,non-latest iteration; excludes anytime_runs and shared_branch; needs retention review
/home/intern/gs_floaterLab/context/experiments/exp76/evidence/zero_tail_runs/aria12F_zerotail_normalized_odds150_K8_r4_s0/point_cloud/iteration_12000/point_cloud.ply,82018304,82015019,non-latest iteration; excludes anytime_runs and shared_branch; needs retention review
/home/intern/gs_floaterLab/context/experiments/exp76/evidence/zero_tail_runs/aria12F_zerotail_normalized_odds150_K8_r4_s0/point_cloud/iteration_18000/point_cloud.ply,87093248,87090563,non-latest iteration; excludes anytime_runs and shared_branch; needs retention review
/home/intern/gs_floaterLab/context/experiments/exp76/evidence/zero_tail_runs/aria305_zerotail_normalized_odds200_K8_r4_s0/point_cloud/iteration_10000/point_cloud.ply,104243200,104240891,non-latest iteration; excludes anytime_runs and shared_branch; needs retention review
/home/intern/gs_floaterLab/context/experiments/exp76/evidence/zero_tail_runs/aria305_zerotail_normalized_odds200_K8_r4_s0/point_cloud/iteration_15000/point_cloud.ply,175091712,175091479,non-latest iteration; excludes anytime_runs and shared_branch; needs retention review
/home/intern/gs_floaterLab/context/experiments/exp76/evidence/zero_tail_runs/aria12F_zerotail_normalized_odds140_K8_r4_s0/point_cloud/iteration_12000/point_cloud.ply,80289792,80287547,non-latest iteration; excludes anytime_runs and shared_branch; needs retention review
/home/intern/gs_floaterLab/context/experiments/exp76/evidence/zero_tail_runs/aria12F_zerotail_normalized_odds140_K8_r4_s0/point_cloud/iteration_18000/point_cloud.ply,85061632,85058535,non-latest iteration; excludes anytime_runs and shared_branch; needs retention review
/home/intern/gs_floaterLab/context/experiments/exp76/evidence/zero_tail_runs/aria305_zerotail_normalized_odds130_K8_r4_s0/point_cloud/iteration_10000/point_cloud.ply,96002048,95996855,non-latest iteration; excludes anytime_runs and shared_branch; needs retention review
/home/intern/gs_floaterLab/context/experiments/exp76/evidence/zero_tail_runs/aria305_zerotail_normalized_odds130_K8_r4_s0/point_cloud/iteration_15000/point_cloud.ply,168546304,168539583,non-latest iteration; excludes anytime_runs and shared_branch; needs retention review
/home/intern/gs_floaterLab/context/experiments/exp76/evidence/zero_tail_runs/aria12F_zerotail_normalized_odds135_K8_r4_s0/point_cloud/iteration_12000/point_cloud.ply,82747392,82746187,non-latest iteration; excludes anytime_runs and shared_branch; needs retention review
/home/intern/gs_floaterLab/context/experiments/exp76/evidence/zero_tail_runs/aria12F_zerotail_normalized_odds135_K8_r4_s0/point_cloud/iteration_18000/point_cloud.ply,87953408,87951671,non-latest iteration; excludes anytime_runs and shared_branch; needs retention review
/home/intern/gs_floaterLab/context/experiments/exp76/evidence/zero_tail_runs/aria305_zerotail_normalized_odds135_K8_r4_s0/point_cloud/iteration_10000/point_cloud.ply,97591296,97587963,non-latest iteration; excludes anytime_runs and shared_branch; needs retention review
/home/intern/gs_floaterLab/context/experiments/exp76/evidence/zero_tail_runs/aria305_zerotail_normalized_odds135_K8_r4_s0/point_cloud/iteration_15000/point_cloud.ply,172322816,172315435,non-latest iteration; excludes anytime_runs and shared_branch; needs retention review
/home/intern/gs_floaterLab/context/experiments/exp76/evidence/zero_tail_runs/aria12F_zerotail_normalized_odds130_K8_r4_s0/point_cloud/iteration_12000/point_cloud.ply,79683584,79682815,non-latest iteration; excludes anytime_runs and shared_branch; needs retention review
/home/intern/gs_floaterLab/context/experiments/exp76/evidence/zero_tail_runs/aria12F_zerotail_normalized_odds130_K8_r4_s0/point_cloud/iteration_18000/point_cloud.ply,87425024,87424027,non-latest iteration; excludes anytime_runs and shared_branch; needs retention review
/home/intern/gs_floaterLab/context/experiments/exp76/evidence/zero_tail_runs/aria12F_zerotail_normalized_odds125_K8_r4_s0/point_cloud/iteration_12000/point_cloud.ply,81444864,81444159,non-latest iteration; excludes anytime_runs and shared_branch; needs retention review
/home/intern/gs_floaterLab/context/experiments/exp76/evidence/zero_tail_runs/aria12F_zerotail_normalized_odds125_K8_r4_s0/point_cloud/iteration_18000/point_cloud.ply,88420352,88420039,non-latest iteration; excludes anytime_runs and shared_branch; needs retention review
/home/intern/gs_floaterLab/context/experiments/exp76/evidence/zero_tail_runs/aria12F_zerotail_normalized_odds200_K8_r4_s0/point_cloud/iteration_12000/point_cloud.ply,76619776,76614771,non-latest iteration; excludes anytime_runs and shared_branch; needs retention review
/home/intern/gs_floaterLab/context/experiments/exp76/evidence/zero_tail_runs/aria12F_zerotail_normalized_odds200_K8_r4_s0/point_cloud/iteration_18000/point_cloud.ply,82976768,82972779,non-latest iteration; excludes anytime_runs and shared_branch; needs retention review
/home/intern/gs_floaterLab/context/experiments/exp75/evidence/interval_runs/aria12F_staged_interval_size_K32_b002_r4_45k_s0/point_cloud/iteration_30000/point_cloud.ply,85651456,85649835,non-latest iteration; excludes anytime_runs and shared_branch; needs retention review
/home/intern/gs_floaterLab/context/experiments/exp75/evidence/interval_runs/aria305_interval_K32_b0005_r4_45k_s0/point_cloud/iteration_30000/point_cloud.ply,172470272,172466399,non-latest iteration; excludes anytime_runs and shared_branch; needs retention review
/home/intern/gs_floaterLab/context/experiments/exp75/evidence/interval_runs/aria12F_interval_K32_b0005_r4_45k_s0/point_cloud/iteration_30000/point_cloud.ply,82685952,82683407,non-latest iteration; excludes anytime_runs and shared_branch; needs retention review
/home/intern/gs_floaterLab/context/experiments/exp75/evidence/interval_runs/aria305_interval_size_K32_b002_r4_45k_s0/point_cloud/iteration_30000/point_cloud.ply,166694912,166692391,non-latest iteration; excludes anytime_runs and shared_branch; needs retention review
/home/intern/gs_floaterLab/context/experiments/exp75/evidence/interval_runs/aria1253_interval_K32_b00025_r4_45k_s0/point_cloud/iteration_30000/point_cloud.ply,197242880,197235591,non-latest iteration; excludes anytime_runs and shared_branch; needs retention review
/home/intern/gs_floaterLab/context/experiments/exp75/evidence/interval_runs/aria305_staged_interval_size_K32_b002_r4_45k_s0/point_cloud/iteration_30000/point_cloud.ply,170315776,170314651,non-latest iteration; excludes anytime_runs and shared_branch; needs retention review
/home/intern/gs_floaterLab/context/experiments/exp75/evidence/interval_runs/aria1253_interval_K32_b0005_r4_45k_s0/point_cloud/iteration_30000/point_cloud.ply,197890048,197886751,non-latest iteration; excludes anytime_runs and shared_branch; needs retention review
/home/intern/gs_floaterLab/context/experiments/exp75/evidence/interval_runs/aria1253_interval_K32_b0_r4_45k_s0/point_cloud/iteration_30000/point_cloud.ply,194039808,194039651,non-latest iteration; excludes anytime_runs and shared_branch; needs retention review
/home/intern/gs_floaterLab/context/experiments/exp75/evidence/interval_runs/aria12F_interval_size_K32_b002_r4_45k_s0/point_cloud/iteration_30000/point_cloud.ply,85385216,85381195,non-latest iteration; excludes anytime_runs and shared_branch; needs retention review
/home/intern/gs_floaterLab/context/experiments/exp75/evidence/zero_tail_runs/aria12F_zerotail_two_pass_odds2_K32_r4_s0/point_cloud/iteration_12000/point_cloud.ply,78553088,78552191,non-latest iteration; excludes anytime_runs and shared_branch; needs retention review
/home/intern/gs_floaterLab/context/experiments/exp75/evidence/zero_tail_runs/aria12F_zerotail_two_pass_odds2_K32_r4_s0/point_cloud/iteration_18000/point_cloud.ply,83148800,83145643,non-latest iteration; excludes anytime_runs and shared_branch; needs retention review
/home/intern/gs_floaterLab/context/experiments/exp75/evidence/zero_tail_runs/aria1253_zerotail_relative_half_odds3_K8_r4_s1/point_cloud/iteration_4000/point_cloud.ply,74985472,74985411,non-latest iteration; excludes anytime_runs and shared_branch; needs retention review
/home/intern/gs_floaterLab/context/experiments/exp75/evidence/zero_tail_runs/aria1253_zerotail_relative_half_odds3_K8_r4_s1/point_cloud/iteration_6500/point_cloud.ply,132038656,132037831,non-latest iteration; excludes anytime_runs and shared_branch; needs retention review
/home/intern/gs_floaterLab/context/experiments/exp75/evidence/zero_tail_runs/aria305_zerotail_rr_K32_r4_s0/point_cloud/iteration_10000/point_cloud.ply,91586560,91582691,non-latest iteration; excludes anytime_runs and shared_branch; needs retention review
/home/intern/gs_floaterLab/context/experiments/exp75/evidence/zero_tail_runs/aria305_zerotail_rr_K32_r4_s0/point_cloud/iteration_15000/point_cloud.ply,171323392,171322343,non-latest iteration; excludes anytime_runs and shared_branch; needs retention review
/home/intern/gs_floaterLab/context/experiments/exp75/evidence/zero_tail_runs/aria305_zerotail_relative_half_odds4_K8_r4_s1/point_cloud/iteration_10000/point_cloud.ply,100044800,100040763,non-latest iteration; excludes anytime_runs and shared_branch; needs retention review
/home/intern/gs_floaterLab/context/experiments/exp75/evidence/zero_tail_runs/aria305_zerotail_relative_half_odds4_K8_r4_s1/point_cloud/iteration_15000/point_cloud.ply,181489664,181488323,non-latest iteration; excludes anytime_runs and shared_branch; needs retention review
/home/intern/gs_floaterLab/context/experiments/exp75/evidence/zero_tail_runs/aria1253_zerotail_relative_half_odds3_K8_r4_s0/point_cloud/iteration_4000/point_cloud.ply,76025856,76025807,non-latest iteration; excludes anytime_runs and shared_branch; needs retention review
/home/intern/gs_floaterLab/context/experiments/exp75/evidence/zero_tail_runs/aria1253_zerotail_relative_half_odds3_K8_r4_s0/point_cloud/iteration_6500/point_cloud.ply,131674112,131671079,non-latest iteration; excludes anytime_runs and shared_branch; needs retention review
/home/intern/gs_floaterLab/context/experiments/exp75/evidence/zero_tail_runs/aria3F_zerotail_two_pass_odds2_K32_r4_s0/point_cloud/iteration_15000/point_cloud.ply,121307136,121306247,non-latest iteration; excludes anytime_runs and shared_branch; needs retention review
/home/intern/gs_floaterLab/context/experiments/exp75/evidence/zero_tail_runs/aria3F_zerotail_two_pass_odds2_K32_r4_s0/point_cloud/iteration_25000/point_cloud.ply,121307136,121306247,non-latest iteration; excludes anytime_runs and shared_branch; needs retention review
/home/intern/gs_floaterLab/context/experiments/exp75/evidence/zero_tail_runs/aria12F_zerotail_relative_half_odds3_K8_r4_s1/point_cloud/iteration_12000/point_cloud.ply,82087936,82084223,non-latest iteration; excludes anytime_runs and shared_branch; needs retention review
/home/intern/gs_floaterLab/context/experiments/exp75/evidence/zero_tail_runs/aria12F_zerotail_relative_half_odds3_K8_r4_s1/point_cloud/iteration_18000/point_cloud.ply,88834048,88831175,non-latest iteration; excludes anytime_runs and shared_branch; needs retention review
/home/intern/gs_floaterLab/context/experiments/exp75/evidence/zero_tail_runs/aria12F_zerotail_rr_K32_r4_s0/point_cloud/iteration_12000/point_cloud.ply,78671872,78668699,non-latest iteration; excludes anytime_runs and shared_branch; needs retention review
/home/intern/gs_floaterLab/context/experiments/exp75/evidence/zero_tail_runs/aria12F_zerotail_rr_K32_r4_s0/point_cloud/iteration_18000/point_cloud.ply,83812352,83810819,non-latest iteration; excludes anytime_runs and shared_branch; needs retention review
/home/intern/gs_floaterLab/context/experiments/exp75/evidence/zero_tail_runs/aria305_zerotail_relative_half_odds4_K8_r4_s0/point_cloud/iteration_10000/point_cloud.ply,97210368,97210115,non-latest iteration; excludes anytime_runs and shared_branch; needs retention review
/home/intern/gs_floaterLab/context/experiments/exp75/evidence/zero_tail_runs/aria305_zerotail_relative_half_odds4_K8_r4_s0/point_cloud/iteration_15000/point_cloud.ply,175816704,175814763,non-latest iteration; excludes anytime_runs and shared_branch; needs retention review
/home/intern/gs_floaterLab/context/experiments/exp75/evidence/zero_tail_runs/aria305_zerotail_relative_half_odds3_K8_r4_s0/point_cloud/iteration_10000/point_cloud.ply,95436800,95435631,non-latest iteration; excludes anytime_runs and shared_branch; needs retention review
/home/intern/gs_floaterLab/context/experiments/exp75/evidence/zero_tail_runs/aria305_zerotail_relative_half_odds3_K8_r4_s0/point_cloud/iteration_15000/point_cloud.ply,175833088,175831115,non-latest iteration; excludes anytime_runs and shared_branch; needs retention review
/home/intern/gs_floaterLab/context/experiments/exp75/evidence/zero_tail_runs/aria12F_zerotail_relative_half_odds4_K8_r4_s1/point_cloud/iteration_12000/point_cloud.ply,83517440,83516191,non-latest iteration; excludes anytime_runs and shared_branch; needs retention review
/home/intern/gs_floaterLab/context/experiments/exp75/evidence/zero_tail_runs/aria12F_zerotail_relative_half_odds4_K8_r4_s1/point_cloud/iteration_18000/point_cloud.ply,89804800,89801491,non-latest iteration; excludes anytime_runs and shared_branch; needs retention review
/home/intern/gs_floaterLab/context/experiments/exp75/evidence/zero_tail_runs/aria305_zerotail_rr_K8_r4_s1/point_cloud/iteration_10000/point_cloud.ply,90906624,90903499,non-latest iteration; excludes anytime_runs and shared_branch; needs retention review
/home/intern/gs_floaterLab/context/experiments/exp75/evidence/zero_tail_runs/aria305_zerotail_rr_K8_r4_s1/point_cloud/iteration_15000/point_cloud.ply,170192896,170189091,non-latest iteration; excludes anytime_runs and shared_branch; needs retention review
/home/intern/gs_floaterLab/context/experiments/exp75/evidence/zero_tail_runs/aria3F_zerotail_rr_K8_r4_s1/point_cloud/iteration_15000/point_cloud.ply,118992896,118990687,non-latest iteration; excludes anytime_runs and shared_branch; needs retention review
/home/intern/gs_floaterLab/context/experiments/exp75/evidence/zero_tail_runs/aria3F_zerotail_rr_K8_r4_s1/point_cloud/iteration_25000/point_cloud.ply,118992896,118990687,non-latest iteration; excludes anytime_runs and shared_branch; needs retention review
/home/intern/gs_floaterLab/context/experiments/exp75/evidence/zero_tail_runs/aria3F_zerotail_relative_half_odds4_K8_r4_s0/point_cloud/iteration_15000/point_cloud.ply,124989440,124988367,non-latest iteration; excludes anytime_runs and shared_branch; needs retention review
/home/intern/gs_floaterLab/context/experiments/exp75/evidence/zero_tail_runs/aria3F_zerotail_relative_half_odds4_K8_r4_s0/point_cloud/iteration_25000/point_cloud.ply,124989440,124988367,non-latest iteration; excludes anytime_runs and shared_branch; needs retention review
/home/intern/gs_floaterLab/context/experiments/exp75/evidence/zero_tail_runs/aria12F_zerotail_relative_half_odds2_K8_r4_s0/point_cloud/iteration_12000/point_cloud.ply,81813504,81810035,non-latest iteration; excludes anytime_runs and shared_branch; needs retention review
/home/intern/gs_floaterLab/context/experiments/exp75/evidence/zero_tail_runs/aria12F_zerotail_relative_half_odds2_K8_r4_s0/point_cloud/iteration_18000/point_cloud.ply,87052288,87050559,non-latest iteration; excludes anytime_runs and shared_branch; needs retention review
/home/intern/gs_floaterLab/context/experiments/exp75/evidence/zero_tail_runs/aria3F_zerotail_relative_half_odds4_K8_r4_s1/point_cloud/iteration_15000/point_cloud.ply,126271488,126271415,non-latest iteration; excludes anytime_runs and shared_branch; needs retention review
/home/intern/gs_floaterLab/context/experiments/exp75/evidence/zero_tail_runs/aria3F_zerotail_relative_half_odds4_K8_r4_s1/point_cloud/iteration_25000/point_cloud.ply,126271488,126271415,non-latest iteration; excludes anytime_runs and shared_branch; needs retention review
/home/intern/gs_floaterLab/context/experiments/exp75/evidence/zero_tail_runs/aria3F_zerotail_relative_half_odds3_K8_r4_s1/point_cloud/iteration_15000/point_cloud.ply,126849024,126846655,non-latest iteration; excludes anytime_runs and shared_branch; needs retention review
/home/intern/gs_floaterLab/context/experiments/exp75/evidence/zero_tail_runs/aria3F_zerotail_relative_half_odds3_K8_r4_s1/point_cloud/iteration_25000/point_cloud.ply,126849024,126846655,non-latest iteration; excludes anytime_runs and shared_branch; needs retention review
/home/intern/gs_floaterLab/context/experiments/exp75/evidence/zero_tail_runs/aria305_zerotail_two_pass_odds2_K32_r4_s0/point_cloud/iteration_10000/point_cloud.ply,93437952,93436599,non-latest iteration; excludes anytime_runs and shared_branch; needs retention review
/home/intern/gs_floaterLab/context/experiments/exp75/evidence/zero_tail_runs/aria305_zerotail_two_pass_odds2_K32_r4_s0/point_cloud/iteration_15000/point_cloud.ply,171655168,171651427,non-latest iteration; excludes anytime_runs and shared_branch; needs retention review
/home/intern/gs_floaterLab/context/experiments/exp75/evidence/zero_tail_runs/aria305_zerotail_relative_half_odds3_K8_r4_s1/point_cloud/iteration_10000/point_cloud.ply,95944704,95941375,non-latest iteration; excludes anytime_runs and shared_branch; needs retention review
/home/intern/gs_floaterLab/context/experiments/exp75/evidence/zero_tail_runs/aria305_zerotail_relative_half_odds3_K8_r4_s1/point_cloud/iteration_15000/point_cloud.ply,177532928,177529971,non-latest iteration; excludes anytime_runs and shared_branch; needs retention review
/home/intern/gs_floaterLab/context/experiments/exp75/evidence/zero_tail_runs/aria12F_zerotail_relative_half_odds3_K8_r4_s0/point_cloud/iteration_12000/point_cloud.ply,82739200,82737427,non-latest iteration; excludes anytime_runs and shared_branch; needs retention review
/home/intern/gs_floaterLab/context/experiments/exp75/evidence/zero_tail_runs/aria12F_zerotail_relative_half_odds3_K8_r4_s0/point_cloud/iteration_18000/point_cloud.ply,86446080,86444075,non-latest iteration; excludes anytime_runs and shared_branch; needs retention review
/home/intern/gs_floaterLab/context/experiments/exp75/evidence/zero_tail_runs/aria1253_zerotail_rr_K8_r4_s1/point_cloud/iteration_4000/point_cloud.ply,72704000,72701679,non-latest iteration; excludes anytime_runs and shared_branch; needs retention review
/home/intern/gs_floaterLab/context/experiments/exp75/evidence/zero_tail_runs/aria1253_zerotail_rr_K8_r4_s1/point_cloud/iteration_6500/point_cloud.ply,128786432,128783491,non-latest iteration; excludes anytime_runs and shared_branch; needs retention review
/home/intern/gs_floaterLab/context/experiments/exp75/evidence/zero_tail_runs/aria12F_zerotail_relative_half_odds4_K8_r4_s0/point_cloud/iteration_12000/point_cloud.ply,84086784,84084715,non-latest iteration; excludes anytime_runs and shared_branch; needs retention review
/home/intern/gs_floaterLab/context/experiments/exp75/evidence/zero_tail_runs/aria12F_zerotail_relative_half_odds4_K8_r4_s0/point_cloud/iteration_18000/point_cloud.ply,89440256,89439411,non-latest iteration; excludes anytime_runs and shared_branch; needs retention review
/home/intern/gs_floaterLab/context/experiments/exp75/evidence/zero_tail_runs/aria3F_zerotail_relative_half_odds3_K8_r4_s0/point_cloud/iteration_15000/point_cloud.ply,125456384,125452647,non-latest iteration; excludes anytime_runs and shared_branch; needs retention review
/home/intern/gs_floaterLab/context/experiments/exp75/evidence/zero_tail_runs/aria3F_zerotail_relative_half_odds3_K8_r4_s0/point_cloud/iteration_25000/point_cloud.ply,125456384,125452647,non-latest iteration; excludes anytime_runs and shared_branch; needs retention review
/home/intern/gs_floaterLab/context/experiments/exp75/evidence/zero_tail_runs/aria3F_zerotail_rr_K32_r4_s0/point_cloud/iteration_15000/point_cloud.ply,122548224,122546955,non-latest iteration; excludes anytime_runs and shared_branch; needs retention review
/home/intern/gs_floaterLab/context/experiments/exp75/evidence/zero_tail_runs/aria3F_zerotail_rr_K32_r4_s0/point_cloud/iteration_25000/point_cloud.ply,122548224,122546955,non-latest iteration; excludes anytime_runs and shared_branch; needs retention review
/home/intern/gs_floaterLab/context/experiments/exp75/evidence/zero_tail_runs/aria305_zerotail_relative_half_odds2_K8_r4_s0/point_cloud/iteration_10000/point_cloud.ply,94474240,94474075,non-latest iteration; excludes anytime_runs and shared_branch; needs retention review
/home/intern/gs_floaterLab/context/experiments/exp75/evidence/zero_tail_runs/aria305_zerotail_relative_half_odds2_K8_r4_s0/point_cloud/iteration_15000/point_cloud.ply,170553344,170551463,non-latest iteration; excludes anytime_runs and shared_branch; needs retention review
/home/intern/gs_floaterLab/context/experiments/exp75/evidence/zero_tail_runs/aria1253_zerotail_relative_half_odds4_K8_r4_s1/point_cloud/iteration_4000/point_cloud.ply,76496896,76493299,non-latest iteration; excludes anytime_runs and shared_branch; needs retention review
/home/intern/gs_floaterLab/context/experiments/exp75/evidence/zero_tail_runs/aria1253_zerotail_relative_half_odds4_K8_r4_s1/point_cloud/iteration_6500/point_cloud.ply,122630144,122627255,non-latest iteration; excludes anytime_runs and shared_branch; needs retention review
/home/intern/gs_floaterLab/context/experiments/exp75/evidence/zero_tail_runs/aria1253_zerotail_rr_K8_r4_s0/point_cloud/iteration_4000/point_cloud.ply,71413760,71413375,non-latest iteration; excludes anytime_runs and shared_branch; needs retention review
/home/intern/gs_floaterLab/context/experiments/exp75/evidence/zero_tail_runs/aria1253_zerotail_rr_K8_r4_s0/point_cloud/iteration_6500/point_cloud.ply,126500864,126497715,non-latest iteration; excludes anytime_runs and shared_branch; needs retention review
/home/intern/gs_floaterLab/context/experiments/exp75/evidence/zero_tail_runs/aria12F_zerotail_rr_K8_r4_s1/point_cloud/iteration_12000/point_cloud.ply,79175680,79173859,non-latest iteration; excludes anytime_runs and shared_branch; needs retention review
/home/intern/gs_floaterLab/context/experiments/exp75/evidence/zero_tail_runs/aria12F_zerotail_rr_K8_r4_s1/point_cloud/iteration_18000/point_cloud.ply,84508672,84508115,non-latest iteration; excludes anytime_runs and shared_branch; needs retention review
/home/intern/gs_floaterLab/context/experiments/exp75/evidence/zero_tail_runs/aria1253_zerotail_relative_half_odds4_K8_r4_s0/point_cloud/iteration_4000/point_cloud.ply,75833344,75829291,non-latest iteration; excludes anytime_runs and shared_branch; needs retention review
/home/intern/gs_floaterLab/context/experiments/exp75/evidence/zero_tail_runs/aria1253_zerotail_relative_half_odds4_K8_r4_s0/point_cloud/iteration_6500/point_cloud.ply,123650048,123646919,non-latest iteration; excludes anytime_runs and shared_branch; needs retention review
/home/intern/gs_floaterLab/context/experiments/exp75/evidence/external_runs/aria3F_staged_interval_size_K32_b002_r4_79081_s0/point_cloud/iteration_45000/point_cloud.ply,118992896,118992439,non-latest iteration; excludes anytime_runs and shared_branch; needs retention review
/home/intern/gs_floaterLab/context/experiments/exp75/evidence/external_runs/aria3F_rr_K32_b002_du36500_r4_79081_s0/point_cloud/iteration_45000/point_cloud.ply,102596608,102596055,non-latest iteration; excludes anytime_runs and shared_branch; needs retention review
/home/intern/gs_floaterLab/context/experiments/exp75/evidence/external_runs/aria3F_staged_interval_size_K32_b002_du36500_r4_79081_s0/point_cloud/iteration_45000/point_cloud.ply,101519360,101517407,non-latest iteration; excludes anytime_runs and shared_branch; needs retention review
/home/intern/gs_floaterLab/context/experiments/exp75/evidence/external_runs/aria3F_interval_size_K32_b002_r4_79081_s0/point_cloud/iteration_45000/point_cloud.ply,128139264,128138171,non-latest iteration; excludes anytime_runs and shared_branch; needs retention review
/home/intern/gs_floaterLab/context/experiments/exp75/evidence/external_runs/aria3F_rr_K32_b002_r4_79081_s0/point_cloud/iteration_45000/point_cloud.ply,119332864,119332619,non-latest iteration; excludes anytime_runs and shared_branch; needs retention review
/home/intern/gs_floaterLab/context/experiments/exp75/evidence/saturation_runs/aria305_efloor_r035_r4_45k_s0/point_cloud/iteration_30000/point_cloud.ply,195489792,195485927,non-latest iteration; excludes anytime_runs and shared_branch; needs retention review
/home/intern/gs_floaterLab/context/experiments/exp75/evidence/saturation_runs/aria12F_efloor_r035_r4_45k_s0/point_cloud/iteration_30000/point_cloud.ply,81121280,81120623,non-latest iteration; excludes anytime_runs and shared_branch; needs retention review
/home/intern/gs_floaterLab/context/experiments/exp75/evidence/saturation_runs/aria12F_rr_r4_45k_s0/point_cloud/iteration_30000/point_cloud.ply,85266432,85263227,non-latest iteration; excludes anytime_runs and shared_branch; needs retention review
/home/intern/gs_floaterLab/context/experiments/exp75/evidence/saturation_runs/aria1253_efloor_r035_r4_45k_s0/point_cloud/iteration_30000/point_cloud.ply,204210176,204206799,non-latest iteration; excludes anytime_runs and shared_branch; needs retention review
/home/intern/gs_floaterLab/context/experiments/exp75/evidence/saturation_runs/aria305_rr_r4_45k_s0/point_cloud/iteration_30000/point_cloud.ply,173641728,173638779,non-latest iteration; excludes anytime_runs and shared_branch; needs retention review
/home/intern/gs_floaterLab/context/experiments/exp75/evidence/saturation_runs/aria1253_rr_r4_45k_s0/point_cloud/iteration_30000/point_cloud.ply,201596928,201595151,non-latest iteration; excludes anytime_runs and shared_branch; needs retention review
