uid,left_uid,right_uid,interval_frames,alpha_uid,beta_time,endpoint_fraction,endpoint_rotation_deg,endpoint_rotation_deg_per_second,gyro_endpoint_disagreement_deg,gyro_curvature_deg,original_translation_error_m,original_rotation_error_deg,final_endpoint_slerp_rotation_error_deg,final_endpoint_imu_right_rotation_error_deg,final_endpoint_imu_left_rotation_error_deg,final_endpoint_imu_shape_right_rotation_error_deg,final_endpoint_imu_shape_left_rotation_error_deg,imu_right_improvement_deg,imu_left_improvement_deg,imu_shape_right_improvement_deg,imu_shape_left_improvement_deg
1,0,90,90,0.011111111111111112,0.011080344290124989,0.011111111111111112,0.6429841633280544,0.21418825150123694,0.21441120771036087,0.007197389623726586,0.0004990800667759085,0.0,0.002144242951691649,0.0,0.0,0.0,0.0,0.002144242951691649,0.002144242951691649,0.002144242951691649,0.002144242951691649
2,0,90,90,0.022222222222222223,0.02216005321208391,0.022222222222222223,0.6429841633280544,0.21418825150123694,0.21441120771036087,0.01477759421719949,0.000739877488578383,0.0,0.009244263566833166,0.0,0.0,0.0,0.0,0.009244263566833166,0.009244263566833166,0.009244263566833166,0.009244263566833166
3,0,90,90,0.03333333333333333,0.033240000397105104,0.03333333333333333,0.6429841633280544,0.21418825150123694,0.21441120771036087,0.022491748425904665,0.0003827170731419181,0.0,0.017340948528069524,0.0,0.0,0.0,0.0,0.017340948528069524,0.017340948528069524,0.017340948528069524,0.017340948528069524
4,0,90,90,0.044444444444444446,0.04431939163498099,0.044444444444444446,0.6429841633280544,0.21418825150123694,0.21441120771036087,0.030206948200924885,0.0012333972758807761,0.0,0.021493232769855958,0.0,0.0,0.0,0.0,0.021493232769855958,0.021493232769855958,0.021493232769855958,0.021493232769855958
6,0,90,90,0.06666666666666667,0.06647777700562897,0.06666666666666667,0.6429841633280544,0.21418825150123694,0.21441120771036087,0.0432656504156005,0.0005571205569951302,0.0,0.03967456304565291,0.005573380873031764,0.005779002913091107,0.005683346142816661,0.005669966517992975,0.03410118217262115,0.0338955601325618,0.03399121690283625,0.034004596527659935
7,0,90,90,0.07777777777777778,0.07755677113840105,0.07777777777777778,0.6429841633280544,0.21418825150123694,0.21441120771036087,0.04988702491986823,0.0007130389251282787,0.0,0.04393412656177232,0.0,0.0,0.0,0.0,0.04393412656177232,0.04393412656177232,0.04393412656177232,0.04393412656177232
8,0,90,90,0.08888888888888889,0.0886352887450486,0.08888888888888889,0.6429841633280544,0.21418825150123694,0.21441120771036087,0.056523028016659066,0.0005528461618522253,0.0,0.055093884240509296,0.0,0.0,0.0,0.0,0.055093884240509296,0.055093884240509296,0.055093884240509296,0.055093884240509296
9,0,90,90,0.1,0.09971388577271689,0.1,0.6429841633280544,0.21418825150123694,0.21441120771036087,0.0639913626781827,0.0010852586153114376,0.0,0.058361808328992584,0.0,0.0,0.0,0.0,0.058361808328992584,0.058361808328992584,0.058361808328992584,0.058361808328992584
11,0,90,90,0.12222222222222222,0.12187004735478363,0.12222222222222222,0.6429841633280544,0.21418825150123694,0.21441120771036087,0.08016557097031332,0.0009885287172320568,0.0,0.07312549555376036,0.00503062559481231,0.005518922553835036,0.00530727921621828,0.005248258898918789,0.06809486995894805,0.06760657299992531,0.06781821633754208,0.06787723665484156
12,0,90,90,0.13333333333333333,0.13294808843530662,0.13333333333333333,0.6429841633280544,0.21418825150123694,0.21441120771036087,0.08765050503693173,0.0007823149070893966,0.0,0.08158763582430292,0.002489584628495627,0.0031758162509865945,0.002892153154745298,0.0028024144229153187,0.07909805119580729,0.07841181957331633,0.07869548266955763,0.0787852214013876
13,0,90,90,0.14444444444444443,0.144031927250345,0.14444444444444443,0.6429841633280544,0.21418825150123694,0.21441120771036087,0.09366265751952446,0.00044157969763242735,0.0,0.08948713240172931,0.0,0.0,0.0,0.0,0.08948713240172931,0.08948713240172931,0.08948713240172931,0.08948713240172931
14,0,90,90,0.15555555555555556,0.1551152895392588,0.15555555555555556,0.6429841633280544,0.21418825150123694,0.21441120771036087,0.10047747928873095,0.0012170833649794322,0.0,0.0960817825197349,0.0,0.0,0.0,0.0,0.0960817825197349,0.0960817825197349,0.0960817825197349,0.0960817825197349
16,0,90,90,0.17777777777777778,0.17728153759096188,0.17777777777777778,0.6429841633280544,0.21418825150123694,0.21441120771036087,0.11650294278521772,0.0007362383277455349,0.0,0.10997107645403506,0.005092371831471574,0.005589438736985368,0.005385408987536435,0.0052992100935407805,0.10487870462256349,0.1043816377170497,0.10458566746649862,0.10467186636049428
17,0,90,90,0.18888888888888888,0.1883645027747719,0.18888888888888888,0.6429841633280544,0.21418825150123694,0.21441120771036087,0.12355326869322726,0.0007421989989860362,0.0,0.11979343551575473,0.005470815113478434,0.00585690488867488,0.005699044292927822,0.005627175406681791,0.1143226204022763,0.11393653062707985,0.11409439122282691,0.11416626010907294
18,0,90,90,0.2,0.1994469914324574,0.2,0.6429841633280544,0.21418825150123694,0.21441120771036087,0.13026001130370524,0.0004937291336042652,0.0,0.12870880828617126,0.006323390464776219,0.006918229167609839,0.006682987048611593,0.006563481294625964,0.12238541782139505,0.12179057911856142,0.12202582123755967,0.1221453269915453
19,0,90,90,0.2111111111111111,0.21052948009014286,0.2111111111111111,0.6429841633280544,0.21418825150123694,0.21441120771036087,0.13702740905043095,0.0008422851182365606,0.0,0.13337664381698836,0.0,0.0,0.0,0.0,0.13337664381698836,0.13337664381698836,0.13337664381698836,0.13337664381698836
21,0,90,90,0.23333333333333334,0.23269358377428545,0.23333333333333334,0.6429841633280544,0.21418825150123694,0.21441120771036087,0.15384525691764941,0.0009953334824757535,0.0,0.1471308593344706,0.0063367878379884035,0.006820574465103424,0.00663299004480059,0.006521682211877082,0.14079407149648218,0.14031028486936717,0.14049786928967,0.14060917712259352
22,0,90,90,0.24444444444444444,0.24377511937972182,0.24444444444444444,0.6429841633280544,0.21418825150123694,0.21441120771036087,0.16153350975114059,0.0010241606013500228,0.0,0.15357037827821038,0.0,0.0021309998659027533,0.001647406195168527,0.0012741667096029543,0.15357037827821038,0.15143937841230762,0.15192297208304184,0.15229621156860743
23,0,90,90,0.25555555555555554,0.2548568138271997,0.25555555555555554,0.6429841633280544,0.21418825150123694,0.21441120771036087,0.1679387191165801,0.0007479264466333683,0.0,0.16196530326444575,0.0,0.0,0.0,0.0,0.16196530326444575,0.16196530326444575,0.16196530326444575,0.16196530326444575
24,0,90,90,0.26666666666666666,0.26593787290651155,0.26666666666666666,0.6429841633280544,0.21418825150123694,0.21441120771036087,0.17460853453571612,0.0007653397577616453,0.0,0.16742360032041811,0.0,0.0,0.0,0.0,0.16742360032041811,0.16742360032041811,0.16742360032041811,0.16742360032041811
26,0,90,90,0.28888888888888886,0.2880997528020729,0.28888888888888886,0.6429841633280544,0.21418825150123694,0.21441120771036087,0.18846893019143424,0.0009324453572400505,0.0,0.18086501375516947,0.0,0.0,0.0,0.0,0.18086501375516947,0.18086501375516947,0.18086501375516947,0.18086501375516947
27,0,90,90,0.3,0.29918057361832245,0.3,0.6429841633280544,0.21418825150123694,0.21441120771036087,0.19447406431962422,0.0006716517091048771,0.0,0.18943884160890984,0.0,0.0,0.0,0.0,0.18943884160890984,0.18943884160890984,0.18943884160890984,0.18943884160890984
28,0,90,90,0.3111111111111111,0.3102607590664059,0.3111111111111111,0.6429841633280544,0.21418825150123694,0.21441120771036087,0.20136158970924614,0.0012950306779559897,0.019782341029446364,0.19230928670278927,0.014805870361481796,0.014904429851911696,0.0148635555685976,0.01483750343010185,0.17750341634130748,0.17740485685087756,0.17744573113419165,0.17747178327268742
29,0,90,90,0.32222222222222224,0.32134118277755164,0.32222222222222224,0.6429841633280544,0.21418825150123694,0.21441120771036087,0.2085742998798373,0.0002238920161246935,0.0,0.2039945004371745,0.00338733013009187,0.005200505654583801,0.004649050494333938,0.004077733588355794,0.2006071703070826,0.1987939947825907,0.19934544994284054,0.1999167668488187
31,0,90,90,0.34444444444444444,0.3435009977265733,0.34444444444444444,0.6429841633280544,0.21418825150123694,0.21441120771036087,0.2257409884832073,0.0007499159493170849,0.0,0.21690457431541194,0.0,0.0,0.0,0.0,0.21690457431541194,0.21690457431541194,0.21690457431541194,0.21690457431541194
32,0,90,90,0.35555555555555557,0.3545803095434284,0.35555555555555557,0.6429841633280544,0.21418825150123694,0.21441120771036087,0.23307966966156515,0.0008636260572975527,0.013988227454926254,0.22443804676743576,0.013935411285925573,0.01445827557195514,0.014284457749072058,0.014100283629720342,0.2105026354815102,0.2099797711954806,0.2101535890183637,0.2103377631377154
33,0,90,90,0.36666666666666664,0.36565978020232504,0.36666666666666664,0.6429841633280544,0.21418825150123694,0.21441120771036087,0.24050138661920661,0.0004436824336746952,0.0,0.2329870014289953,0.0,0.0,0.0,0.0,0.2329870014289953,0.2329870014289953,0.2329870014289953,0.2329870014289953
34,0,90,90,0.37777777777777777,0.3767386949140764,0.37777777777777777,0.6429841633280544,0.21418825150123694,0.21441120771036087,0.24656847960964715,0.000759107484160118,0.0,0.23710157753319275,0.004923829795414808,0.006000880828862046,0.005666846800357476,0.0052697107485361865,0.23217774773777794,0.2311006967043307,0.23143473073283527,0.23183186678465656
36,0,90,90,0.4,0.39889628607451677,0.4,0.6429841633280544,0.21418825150123694,0.21441120771036087,0.261770108631423,0.00042402055647480265,0.0,0.2563961096118191,0.002904874967636204,0.004763414278782757,0.004267184087646508,0.003539155713642674,0.2534912346441829,0.25163269533303634,0.25212892552417254,0.2528569538981764
37,0,90,90,0.4111111111111111,0.40997488310218505,0.4111111111111111,0.6429841633280544,0.21418825150123694,0.21441120771036087,0.26688504942546626,0.0002860727203610108,0.0,0.26263225796225115,0.0,0.0,0.0,0.0,0.26263225796225115,0.26263225796225115,0.26263225796225115,0.26263225796225115
38,0,90,90,0.4222222222222222,0.42105292418270807,0.4222222222222222,0.6429841633280544,0.21418825150123694,0.21441120771036087,0.27356335794986425,0.0008775203376867656,0.0,0.267734933203538,0.0,0.0,0.0,0.0,0.267734933203538,0.267734933203538,0.267734933203538,0.267734933203538
39,0,90,90,0.43333333333333335,0.43213112410527255,0.43333333333333335,0.6429841633280544,0.21418825150123694,0.21441120771036087,0.28166027618413697,0.00033704076719624743,0.0,0.2757330318706552,0.0,0.0,0.0,0.0,0.2757330318706552,0.2757330318706552,0.2757330318706552,0.2757330318706552
41,0,90,90,0.45555555555555555,0.45428649147713174,0.45555555555555555,0.6429841633280544,0.21418825150123694,0.21441120771036087,0.2964051590129643,0.0008748792796729561,0.0,0.289332455573581,0.0,0.0,0.0,0.0,0.289332455573581,0.289332455573581,0.289332455573581,0.289332455573581
42,0,90,90,0.4666666666666667,0.46536405603153014,0.4666666666666667,0.6429841633280544,0.21418825150123694,0.21441120771036087,0.3039806761575765,0.0009708075331987761,0.0,0.2956247970763322,0.0,0.0,0.0,0.0,0.2956247970763322,0.2956247970763322,0.2956247970763322,0.2956247970763322
43,0,90,90,0.4777777777777778,0.47651794418687765,0.4777777777777778,0.6429841633280544,0.21418825150123694,0.21441120771036087,0.30954608309965614,0.0006647045870231822,0.0,0.30447563899618757,0.0,0.0,0.0,0.0,0.30447563899618757,0.30447563899618757,0.30447563899618757,0.30447563899618757
44,0,90,90,0.4888888888888889,0.48767222944732896,0.4888888888888889,0.6429841633280544,0.21418825150123694,0.21441120771036087,0.3177438379440753,0.00032723113385160925,0.0,0.3133574371922529,0.0,0.0,0.0,0.0,0.3133574371922529,0.3133574371922529,0.3133574371922529,0.3133574371922529
46,0,90,90,0.5111111111111111,0.5099831825988543,0.48888888888888893,0.6429841633280544,0.21418825150123694,0.21441120771036087,0.3331645946966691,0.0007130932591823,0.0,0.32847400433518814,0.0,0.0,0.0,0.0,0.32847400433518814,0.32847400433518814,0.32847400433518814,0.32847400433518814
47,0,90,90,0.5222222222222223,0.5211400093319699,0.47777777777777775,0.6429841633280544,0.21418825150123694,0.21441120771036087,0.3399761710575029,0.00015805901159019395,0.0,0.3374642910463902,0.0,0.0,0.0,0.0,0.3374642910463902,0.3374642910463902,0.3374642910463902,0.3374642910463902
48,0,90,90,0.5333333333333333,0.5322970743281478,0.4666666666666667,0.6429841633280544,0.21418825150123694,0.21441120771036087,0.34745910905824656,0.00048671939544791095,0.0,0.34092909507455754,0.0,0.0,0.0,0.0,0.34092909507455754,0.34092909507455754,0.34092909507455754,0.34092909507455754
49,0,90,90,0.5444444444444444,0.5434551717975955,0.4555555555555556,0.6429841633280544,0.21418825150123694,0.21441120771036087,0.3536176185634258,0.0001803050151841734,0.0,0.34855251519255936,0.0,0.0,0.0,0.0,0.34855251519255936,0.34855251519255936,0.34855251519255936,0.34855251519255936
51,0,90,90,0.5666666666666667,0.5657732728409892,0.43333333333333335,0.6429841633280544,0.21418825150123694,0.21441120771036087,0.3671161263386468,0.00044658302469575777,0.0,0.36346030091775466,0.0,0.0,0.0,0.0,0.36346030091775466,0.36346030091775466,0.36346030091775466,0.36346030091775466
52,0,90,90,0.5777777777777777,0.5769331969939143,0.4222222222222223,0.6429841633280544,0.21418825150123694,0.21441120771036087,0.3730722128803323,0.0006953614997033153,0.0,0.3710744415849123,0.0,0.0,0.0,0.0,0.3710744415849123,0.3710744415849123,0.3710744415849123,0.3710744415849123
53,0,90,90,0.5888888888888889,0.5880942330411302,0.4111111111111111,0.6429841633280544,0.21418825150123694,0.21441120771036087,0.37951890327454785,0.0007032659601618734,0.0,0.3751864372839966,0.0,0.0,0.0,0.0,0.3751864372839966,0.3751864372839966,0.3751864372839966,0.3751864372839966
54,0,90,90,0.6,0.599255586772429,0.4,0.6429841633280544,0.21418825150123694,0.21441120771036087,0.38664455621594224,0.000258401876512885,0.0,0.385745089588374,0.0,0.0,0.0,0.0,0.385745089588374,0.385745089588374,0.385745089588374,0.385745089588374
56,0,90,90,0.6222222222222222,0.6215807562866702,0.37777777777777777,0.6429841633280544,0.21418825150123694,0.21441120771036087,0.3997825072568505,0.00023662172291323796,0.0,0.40322485902914085,0.0,0.0,0.0,0.0,0.40322485902914085,0.40322485902914085,0.40322485902914085,0.40322485902914085
57,0,90,90,0.6333333333333333,0.6327445720696125,0.3666666666666667,0.6429841633280544,0.21418825150123694,0.21441120771036087,0.4079708168453551,0.0005906792770790464,0.0,0.4061818076828058,0.0,0.0,0.0,0.0,0.4061818076828058,0.4061818076828058,0.4061818076828058,0.4061818076828058
58,0,90,90,0.6444444444444445,0.6439087849576587,0.3555555555555555,0.6429841633280544,0.21418825150123694,0.21441120771036087,0.41467063669540427,0.00018440010421195903,0.0,0.4170511604538613,0.0,0.0,0.0,0.0,0.4170511604538613,0.4170511604538613,0.4170511604538613,0.4170511604538613
59,0,90,90,0.6555555555555556,0.6550741097399955,0.34444444444444444,0.6429841633280544,0.21418825150123694,0.21441120771036087,0.4214301154032433,0.00040468963924716243,0.0,0.4211982869595489,0.0,0.0,0.0,0.0,0.4211982869595489,0.4211982869595489,0.4211982869595489,0.4211982869595489
61,0,90,90,0.6777777777777778,0.6774062683040634,0.3222222222222222,0.6429841633280544,0.21418825150123694,0.21441120771036087,0.43489704771647253,0.00042102067759393574,0.0,0.4377203161653983,0.0,0.0,0.0,0.0,0.4377203161653983,0.4377203161653983,0.4377203161653983,0.4377203161653983
62,0,90,90,0.6888888888888889,0.6885733403488569,0.3111111111111111,0.6429841633280544,0.21418825150123694,0.21441120771036087,0.4419654890564216,0.0005246957715731465,0.0,0.4442399969809231,0.0,0.0,0.0,0.0,0.4442399969809231,0.4442399969809231,0.4442399969809231,0.4442399969809231
63,0,90,90,0.7,0.6997414448669201,0.30000000000000004,0.6429841633280544,0.21418825150123694,0.21441120771036087,0.4496906314087461,0.0007301686753770817,0.0,0.45035430910931995,0.0,0.0,0.0,0.0,0.45035430910931995,0.45035430910931995,0.45035430910931995,0.45035430910931995
64,0,90,90,0.7111111111111111,0.7109098670690666,0.28888888888888886,0.6429841633280544,0.21418825150123694,0.21441120771036087,0.45706069853592435,0.0004010334081321713,0.0,0.46032702517506413,0.0,0.0,0.0,0.0,0.46032702517506413,0.46032702517506413,0.46032702517506413,0.46032702517506413
66,0,90,90,0.7333333333333333,0.7332491735250027,0.2666666666666667,0.6429841633280544,0.21418825150123694,0.21441120771036087,0.4725298071981744,0.00039900361235935635,0.0,0.4721433649609804,0.0002927584728778551,0.004517585751618723,0.004162420688160908,0.0015532637096668982,0.47185060648810256,0.4676257792093617,0.4679809442728195,0.4705901012513135
67,0,90,90,0.7444444444444445,0.7444201371998134,0.25555555555555554,0.6429841633280544,0.21418825150123694,0.21441120771036087,0.48012197925816463,0.0004908085478048794,0.0,0.4842953067150738,0.0,0.0024294953836352475,0.0017577099026417217,0.0,0.4842953067150738,0.4818658113314386,0.4825375968124321,0.4842953067150738
68,0,90,90,0.7555555555555555,0.7555913391376863,0.24444444444444446,0.6429841633280544,0.21418825150123694,0.21441120771036087,0.48893259793826643,0.0007001844961927739,0.0,0.4858638972172287,0.0,0.0,0.0,0.0,0.4858638972172287,0.4858638972172287,0.4858638972172287,0.4858638972172287
69,0,90,90,0.7666666666666667,0.7667636529698498,0.23333333333333328,0.6429841633280544,0.21418825150123694,0.21441120771036087,0.4960176301657528,8.72248206219547e-05,0.0,0.4953355114039782,0.0,0.0,0.0,0.0,0.4953355114039782,0.4953355114039782,0.4953355114039782,0.4953355114039782
71,0,90,90,0.7888888888888889,0.7891101867386751,0.21111111111111114,0.6429841633280544,0.21418825150123694,0.21441120771036087,0.5100831033607711,0.00046986835473478855,0.0,0.5083202852652217,0.0,0.0,0.0,0.0,0.5083202852652217,0.5083202852652217,0.5083202852652217,0.5083202852652217
72,0,90,90,0.8,0.8002832947810462,0.19999999999999996,0.6429841633280544,0.21418825150123694,0.21441120771036087,0.51754443723763,0.0006291014135128689,0.0,0.518201136469078,0.0,0.0,0.0,0.0,0.518201136469078,0.518201136469078,0.518201136469078,0.518201136469078
73,0,90,90,0.8111111111111111,0.8113797615383852,0.18888888888888888,0.6429841633280544,0.21418825150123694,0.21441120771036087,0.5234243581443438,0.0010197037075638032,0.0,0.5192112406608883,0.0,0.0,0.0,0.0,0.5192112406608883,0.5192112406608883,0.5192112406608883,0.5192112406608883
74,0,90,90,0.8222222222222222,0.8224757517695996,0.1777777777777778,0.6429841633280544,0.21418825150123694,0.21441120771036087,0.5300484437960757,0.0004911939852566576,0.0,0.5293341124821833,0.0,0.0,0.0,0.0,0.5293341124821833,0.5293341124821833,0.5293341124821833,0.5293341124821833
76,0,90,90,0.8444444444444444,0.8446678116530493,0.15555555555555556,0.6429841633280544,0.21418825150123694,0.21441120771036087,0.5429977458978082,0.000526365566906678,0.0,0.5470844646858364,0.0,0.0,0.0,0.0,0.5470844646858364,0.5470844646858364,0.5470844646858364,0.5470844646858364
77,0,90,90,0.8555555555555555,0.8557638813052845,0.1444444444444445,0.6429841633280544,0.21418825150123694,0.21441120771036087,0.5505424827668245,0.0005986658454989448,0.0,0.5535588641327764,0.0,0.0,0.0,0.0,0.5535588641327764,0.5535588641327764,0.5535588641327764,0.5535588641327764
78,0,90,90,0.8666666666666667,0.8668593950103743,0.1333333333333333,0.6429841633280544,0.21418825150123694,0.21441120771036087,0.557586611102177,0.0009693945206572366,0.0,0.5562852408830069,0.0,0.0,0.0,0.0,0.5562852408830069,0.5562852408830069,0.5562852408830069,0.5562852408830069
79,0,90,90,0.8777777777777778,0.8779552263995473,0.12222222222222223,0.6429841633280544,0.21418825150123694,0.21441120771036087,0.564646450652198,0.0005368296543657257,0.0,0.5676613627767895,0.0,0.0,0.0,0.0,0.5676613627767895,0.5676613627767895,0.5676613627767895,0.5676613627767895
81,0,90,90,0.9,0.9001461743887064,0.09999999999999998,0.6429841633280544,0.21418825150123694,0.21441120771036087,0.5680398819736306,0.0008652012657973342,0.024228320780105533,0.562775436693736,0.007838602933673269,0.007567367609102982,0.0075665676809992454,0.007810411570573683,0.5549368337600628,0.555208069084633,0.5552088690127367,0.5549650251231623
82,0,90,90,0.9111111111111111,0.9112413704097132,0.0888888888888889,0.6429841633280544,0.21418825150123694,0.21441120771036087,0.4686107882820133,0.0006497658866082843,0.13918113972511945,0.45063498817578423,0.021227422689098472,0.020615187174950554,0.020643403856432548,0.021192200064659977,0.42940756548668574,0.4300198010008337,0.4299915843193517,0.42944278811112424
83,0,90,90,0.9222222222222223,0.9223368046937823,0.07777777777777772,0.6429841633280544,0.21418825150123694,0.21441120771036087,0.3530141588224061,0.0007651727298470976,0.2579303869547666,0.3420847406061142,0.008263415482345016,0.007907873392652252,0.007916811696421342,0.008241235950027683,0.3338213251237692,0.33417686721346196,0.3341679289096929,0.33384350465608653
84,0,90,90,0.9333333333333333,0.9334316830307061,0.06666666666666665,0.6429841633280544,0.21418825150123694,0.21441120771036087,0.32382920427916306,0.0030527955173340194,0.27553639103081884,0.3277457465657958,0.009232910806012457,0.009963794958901975,0.009920090467332053,0.009270528864271606,0.31851283575978334,0.3177819516068938,0.31782565609846375,0.3184752177015242
86,0,90,90,0.9555555555555556,0.9556215191255746,0.0444444444444444,0.6429841633280544,0.21418825150123694,0.21441120771036087,0.5415089270805962,0.010115159225652624,0.11619496360000738,0.5639370841210612,0.02671312825236492,0.02740070214460967,0.027380440004510776,0.02673061538740306,0.5372239558686963,0.5365363819764516,0.5365566441165505,0.5372064687336582
87,0,90,90,0.9666666666666667,0.9667164768835191,0.033333333333333326,0.6429841633280544,0.21418825150123694,0.21441120771036087,0.4904476717813335,0.012910823249929522,0.16902045629320203,0.4818633144717893,0.0,0.0,0.0,0.0,0.4818633144717893,0.4818633144717893,0.4818633144717893,0.4818633144717893
88,0,90,90,0.9777777777777777,0.9778108786943184,0.022222222222222254,0.6429841633280544,0.21418825150123694,0.21441120771036087,0.33551892708603515,0.016814591561515487,0.3192876408963647,0.3148720676680888,0.029745926293578633,0.029642467403188093,0.029643742896139948,0.029743442344162086,0.28512614137451014,0.2852296002649007,0.2852283247719488,0.2851286253239267
89,0,90,90,0.9888888888888889,0.9889056776102215,0.011111111111111072,0.6429841633280544,0.21418825150123694,0.21441120771036087,0.14848132576445447,0.020967805183783158,0.540679115423255,0.12509385984959137,0.03100008064007952,0.03104380591477808,0.03104150397203531,0.031002159824514396,0.09409377920951185,0.09405005393481329,0.09405235587755606,0.09409170002507697
91,90,106,16,0.0625,0.06249781893832629,0.0625,0.9753232383967458,1.8302137038231996,0.04717590564484535,0.043459759362724906,0.03212785570739263,0.7022078382781342,0.04182072362215597,0.009420404328710828,0.009430928552291558,0.009425697335089658,0.0094256927723665,0.03240031929344514,0.03238979506986441,0.03239502628706631,0.032395030849789466
92,90,106,16,0.125,0.12499340089032056,0.125,0.9753232383967458,1.8302137038231996,0.04717590564484535,0.07479031828879638,0.04149641637812815,0.6526708960914447,0.08278962593443798,0.023890158138613258,0.023905638850639906,0.023898427179817373,0.023897628707430722,0.05889946779582472,0.05888398708379807,0.05889119875462061,0.058891997227007255
93,90,106,16,0.1875,0.18748987763684763,0.1875,0.9753232383967458,1.8302137038231996,0.04717590564484535,0.1775383152615928,0.05082569682047882,0.5843355141654923,0.2076760046289605,0.038833837145593596,0.03885852808535979,0.038847506739373934,0.03884529411608396,0.1688421674833669,0.1688174765436007,0.16882849788958657,0.16883071051287654
94,90,106,16,0.25,0.2499845647943091,0.25,0.9753232383967458,1.8302137038231996,0.04717590564484535,0.299650157127743,0.06257884229563249,0.5663096068472064,0.34059688085837564,0.041680273224157405,0.04170772268189316,0.041695009571467656,0.04169347752423994,0.29891660763421823,0.2988891581764825,0.298901871286908,0.2989034033341357
96,90,106,16,0.375,0.37497349171196565,0.375,0.9753232383967458,1.8302137038231996,0.04717590564484535,0.32617314995649144,0.08718699573657657,0.6146896548986602,0.32958559869970283,0.0,0.0,0.0,0.0,0.32958559869970283,0.32958559869970283,0.32958559869970283,0.32958559869970283
97,90,106,16,0.4375,0.4374677314721607,0.4375,0.9753232383967458,1.8302137038231996,0.04717590564484535,0.24850305238589404,0.10006955235508265,0.7219924699061822,0.25070022419639054,0.010357696450795305,0.010432937765771528,0.01040849050416071,0.010380995826385712,0.24034252774559522,0.240267286430619,0.24029173369222984,0.24031922837000483
98,90,106,16,0.5,0.49995928684875734,0.5,0.9753232383967458,1.8302137038231996,0.04717590564484535,0.18440642854570888,0.1130733752024111,0.8483450184967816,0.18381237748959456,0.0,0.0,0.0,0.0,0.18381237748959456,0.18381237748959456,0.18381237748959456,0.18381237748959456
99,90,106,16,0.5625,0.5624526318144196,0.4375,0.9753232383967458,1.8302137038231996,0.04717590564484535,0.16512082462188474,0.12852325562000924,0.9284112451159238,0.17108574615692781,0.014882254323706805,0.015035886918445228,0.014982520137930036,0.014935831583788927,0.15620349183322102,0.15604985923848258,0.1561032260189978,0.1561499145731389
101,90,106,16,0.6875,0.6874357425676129,0.3125,0.9753232383967458,1.8302137038231996,0.04717590564484535,0.2381849469432856,0.16089109578591318,1.0259336117329207,0.24790419830141117,0.022422156662606094,0.022570464928919263,0.022515305418009234,0.02247749173826862,0.2254820416388051,0.2253337333724919,0.22538889288340194,0.22542670656314254
102,90,106,16,0.75,0.7499259557524104,0.25,0.9753232383967458,1.8302137038231996,0.04717590564484535,0.2351009747926873,0.1802901095767288,1.1211723521799724,0.22847850764662694,0.017534493346362163,0.017601060039865175,0.017571614358210603,0.017564062973099412,0.21094401430026477,0.21087744760676178,0.21090689328841633,0.21091444467352755
103,90,106,16,0.8125,0.8124461445540567,0.1875,0.9753232383967458,1.8302137038231996,0.04717590564484535,0.09892047959209307,0.2002733750391942,1.253904011492573,0.0896363388145296,0.029951429259204562,0.029958751601931947,0.02995188399355727,0.02995848026024202,0.059684909555325044,0.05967758721259766,0.05968445482097234,0.05967785855428759
104,90,106,16,0.875,0.8749636489721048,0.125,0.9753232383967458,1.8302137038231996,0.04717590564484535,0.08160671631739987,0.2200263104753903,1.3630770655733941,0.1030450285665451,0.029871164493074587,0.02984718566391069,0.029853966188880168,0.02986449434030598,0.07317386407347051,0.07319784290263441,0.07319106237766493,0.07318053422623912
107,106,115,9,0.1111111111111111,0.11111623561219013,0.1111111111111111,0.658573317528463,2.1964946027099,0.020191836294847058,0.10355769846017299,0.28390642455183823,1.602299709578821,0.112678509859709,0.0163200463077878,0.01631209531067619,0.01631560675058215,0.016316568078104044,0.0963584635519212,0.0963664145490328,0.09636290310912685,0.09636194178160495
108,106,115,9,0.2222222222222222,0.22222770013716875,0.2222222222222222,0.658573317528463,2.1964946027099,0.020191836294847058,0.18953501788266156,0.30765304684176353,1.7129220946409673,0.1969494439198539,0.010822119132617542,0.010788142729642895,0.010800859844110756,0.010809473896333216,0.18612732478723634,0.186161301190211,0.18614858407574314,0.18613997002352067
109,106,115,9,0.3333333333333333,0.33334314056815695,0.3333333333333333,0.658573317528463,2.1964946027099,0.020191836294847058,0.2104968773694076,0.33263764389134043,1.757805349117862,0.20430571695229727,0.014645197166241852,0.014599150280017669,0.01461524404848657,0.014629086671917632,0.18966051978605541,0.1897065666722796,0.1896904729038107,0.18967663028037962
111,106,115,9,0.5555555555555556,0.5555660696181143,0.4444444444444444,0.658573317528463,2.1964946027099,0.020191836294847058,0.19736414597779012,0.38474754025011476,1.9559973492901672,0.18604789785772274,0.018257674803540454,0.0182185557436466,0.018237882139358806,0.018238326776583297,0.16779022305418229,0.16782934211407613,0.16781001571836393,0.16780957108113945
112,106,115,9,0.6666666666666666,0.6666735582370833,0.33333333333333337,0.658573317528463,2.1964946027099,0.020191836294847058,0.17549570653411678,0.4132627709285932,1.9794696935986902,0.1752559620357569,0.03177558620149366,0.031724693419021704,0.03174079697938863,0.03175949509385294,0.14348037583426326,0.1435312686167352,0.1435151650563683,0.143496466941904
113,106,115,9,0.7777777777777778,0.77778422758086,0.2222222222222222,0.658573317528463,2.1964946027099,0.020191836294847058,0.18469368728644997,0.4421269587317739,2.0455969544759047,0.19037675333485615,0.014174631871204161,0.01413114421343117,0.014142117834769607,0.014163679735385952,0.176202121463652,0.17624560912142498,0.17623463550008656,0.1762130735994702
114,106,115,9,0.8888888888888888,0.8888909210186271,0.11111111111111116,0.658573317528463,2.1964946027099,0.020191836294847058,0.09321173112593983,0.472379102917634,2.0592805412675808,0.10083841933148266,0.02973580584131411,0.02970958753328753,0.029716385693584653,0.029729004741581168,0.07110261349016855,0.07112883179819512,0.07112203363789801,0.0711094145899015
116,115,122,7,0.14285714285714285,0.14285860349841112,0.14285714285714285,0.5221657055585108,2.239287503923018,0.04432586338498751,0.10593831901657763,0.5300645480261861,2.153041665754147,0.10848739213099289,0.0023530175172564974,0.0021715114634696863,0.002242750103665747,0.0022851145978138874,0.10613437461373638,0.1063158806675232,0.10624464202732714,0.106202277533179
117,115,122,7,0.2857142857142857,0.28572129679237335,0.2857142857142857,0.5221657055585108,2.239287503923018,0.04432586338498751,0.1281528587334056,0.5610837431913019,2.209125537271349,0.11283826727515545,0.013013557779927121,0.013032299983185296,0.013019064940878207,0.013026497034139366,0.09982470949522833,0.09980596729197015,0.09981920233427724,0.09981177024101608
118,115,122,7,0.42857142857142855,0.42857683294412113,0.42857142857142855,0.5221657055585108,2.239287503923018,0.04432586338498751,0.11443622761326637,0.58826922377555,2.2431501787839645,0.11645755472140606,0.020005548793897515,0.02006687655486152,0.020045752069846427,0.020026687878005142,0.09645200592750855,0.09639067816654455,0.09641180265155963,0.09643086684340092
119,115,122,7,0.5714285714285714,0.57143645889142,0.4285714285714286,0.5221657055585108,2.239287503923018,0.04432586338498751,0.16485064708207933,0.6179548666345679,2.3203918852824503,0.17493675749242688,0.027682372426922265,0.02779469669540574,0.02776562026365715,0.027711473865905476,0.14725438506550462,0.14714206079702113,0.14717113722876973,0.1472252836265214
121,115,122,7,0.8571428571428571,0.8571465087460278,0.1428571428571429,0.5221657055585108,2.239287503923018,0.04432586338498751,0.0482391766938983,0.675632065054202,2.5490249317153277,0.05698401416965841,0.036853703811275916,0.036826794761897395,0.03684744708287175,0.036833054840132724,0.020130310358382496,0.020157219407761016,0.020136567086786662,0.020150959329525688
123,122,130,8,0.125,0.12500548002809353,0.125,0.77689087874174,2.9153897264190993,0.018602975917639028,0.01382040628398814,0.7325887637921072,2.6719935612939087,0.015090910271843802,0.028957191520042388,0.02895358858512886,0.02895538547656747,0.02895534628026825,-0.013866281248198586,-0.01386267831328506,-0.013864475204723668,-0.013864436008424448
124,122,130,8,0.25,0.25000559186540156,0.25,0.77689087874174,2.9153897264190993,0.018602975917639028,0.10458070802359032,0.7621309305097609,2.816645684817138,0.1305246676013873,0.03048709289960443,0.03048925636461725,0.03048778507018216,0.030488507493013836,0.10003757470178289,0.10003541123677007,0.10003688253120516,0.10003616010837348
126,122,130,8,0.5,0.5000084996354104,0.5,0.77689087874174,2.9153897264190993,0.018602975917639028,0.12234081062501584,0.8203931499463988,2.9360499535224043,0.1383693210655732,0.02676258255918966,0.02675158430454863,0.02675742636470334,0.026756628021978906,0.11160673850638354,0.11161773676102457,0.11161189470086987,0.1116126930435943
127,122,130,8,0.625,0.6250104008696469,0.375,0.77689087874174,2.9153897264190993,0.018602975917639028,0.1289988716512434,0.8500661849306217,3.0402466259446426,0.12078108423631122,0.009953064831161844,0.009995300964794741,0.009963370488232745,0.009984963291366446,0.11082801940514937,0.11078578327151647,0.11081771374807847,0.11079612094494477
128,122,130,8,0.75,0.7500060392146337,0.25,0.77689087874174,2.9153897264190993,0.018602975917639028,0.053713916382141014,0.87870599382305,3.081657578731993,0.030188834100645164,0.029923795735015624,0.029945505789611946,0.029936211061057223,0.029933002998753646,0.0002650383656295392,0.00024332831103321753,0.000252623039587941,0.00025583110189151756
129,122,130,8,0.875,0.8750061510519417,0.125,0.77689087874174,2.9153897264190993,0.018602975917639028,0.03041073118222265,0.9068289132662137,3.1309723490868735,0.04245759369100567,0.016881134117000488,0.016894614405326847,0.016890722735462726,0.01688496216222395,0.025576459574005183,0.025562979285678824,0.025566870955542945,0.02557263152878172
131,130,138,8,0.125,0.12500044736324106,0.125,0.09126209120505888,0.342484256562589,0.067658410281871,0.08210033267599001,0.9655729246274047,3.3131030062853912,0.08521387954640912,0.0389901882563794,0.03900045526370637,0.038999513579874766,0.03899113450261117,0.04622369129002972,0.046213424282702746,0.04621436596653435,0.04622274504379795
132,130,138,8,0.25,0.25,0.25,0.09126209120505888,0.342484256562589,0.067658410281871,0.15764660446691478,0.9943610008287553,3.3575967042897927,0.19123733416770175,0.05515513182160247,0.05517904733677358,0.055181537150370455,0.05515266105055003,0.13608220234609927,0.13605828683092816,0.13605579701733128,0.13608467311715172
133,130,138,8,0.375,0.3750040262691695,0.375,0.09126209120505888,0.342484256562589,0.067658410281871,0.27365671721987683,1.0235173586949757,3.4030052966298356,0.3164359900860903,0.04987347326982218,0.04990946067090583,0.049909032040432635,0.04987394941377908,0.26656251681626814,0.26652652941518445,0.2665269580456577,0.2665620406723112
134,130,138,8,0.5,0.5000053683588926,0.5,0.09126209120505888,0.342484256562589,0.067658410281871,0.3171419608949458,1.0511991306227697,3.4731919691843016,0.3427208691096803,0.03725472247451281,0.03732377956077755,0.03732860387515868,0.03724992058629802,0.30546614663516747,0.30539708954890277,0.3053922652345216,0.3054709485233823
136,130,138,8,0.75,0.7500044736324105,0.25,0.09126209120505888,0.342484256562589,0.067658410281871,0.3597206411057067,1.1091759065311806,3.4982715807100297,0.3748892197310255,0.032382396421429455,0.03238613291976938,0.03238755691272866,0.032381066320067875,0.34250682330959603,0.34250308681125613,0.34250166281829686,0.34250815341095764
137,130,138,8,0.875,0.8750058157221338,0.125,0.09126209120505888,0.342484256562589,0.067658410281871,0.2156445320466444,1.138746045549761,3.3595495328101843,0.2098723290102833,0.018458369865861583,0.018430633162913,0.018429863110534028,0.018459191209591937,0.19141395914442172,0.1914416958473703,0.19144246589974928,0.19141313780069136
139,138,145,7,0.14285714285714285,0.14286327849774974,0.14285714285714285,1.018225754166896,4.367296170036219,0.02584667148756371,0.06522865663349439,1.1989038492797155,3.0706479611073094,0.08301383002847591,0.04802588450114149,0.047998960894512506,0.0480134928465845,0.0480111328592567,0.034987945527334426,0.03501486913396341,0.03500033718189141,0.035002697169219214
141,138,145,7,0.42857142857142855,0.42858267724587457,0.42857142857142855,1.018225754166896,4.367296170036219,0.02584667148756371,0.2557423927500716,1.258298174924533,2.936483298085231,0.2845490505616588,0.031097414516206248,0.03096374845692254,0.03101810652804576,0.03104309155402524,0.25345163604545257,0.2535853021047363,0.25353094403361304,0.25350595900763356
142,138,145,7,0.5714285714285714,0.5714357296759461,0.4285714285714286,1.018225754166896,4.367296170036219,0.02584667148756371,0.18859942187809006,1.287322234855705,2.761126562013528,0.16977461706073405,0.026588298497904294,0.026736567838802933,0.026681467586973515,0.026643450203554932,0.14318631856282976,0.1430380492219311,0.14309314947376053,0.1431311668571791
143,138,145,7,0.7142857142857143,0.7142938951398569,0.2857142857142857,1.018225754166896,4.367296170036219,0.02584667148756371,0.0825196255029047,1.3173518185010706,2.5534747665739985,0.07691982724473932,0.019592155674307207,0.01967445177281426,0.019643198742035756,0.019623493601297302,0.057327671570432115,0.05724537547192506,0.05727662850270357,0.05729633364344202
144,138,145,7,0.8571428571428571,0.8571449023563927,0.1428571428571429,1.018225754166896,4.367296170036219,0.02584667148756371,0.057841917883404974,1.347324321148721,2.355427811241866,0.05850629029500577,0.01200619543613184,0.01196416362809228,0.01198143180967694,0.011988858224510037,0.046500094858873936,0.04654212666691349,0.046524858485328835,0.04651743207049573
146,145,153,8,0.125,0.1250033556866809,0.125,0.9081990396884319,3.4087180426425885,0.018896008015549724,0.08010112304296645,1.4041466067263622,2.0161080007027214,0.10534456518053688,0.027706712519583423,0.027695827575456595,0.027702182200324905,0.027700397458840564,0.07763785266095345,0.07764873760508029,0.07764238298021198,0.07764416772169631
147,145,153,8,0.25,0.2500085010729249,0.25,0.9081990396884319,3.4087180426425885,0.018896008015549724,0.19885049468264393,1.4325387716217088,1.837388604838537,0.21535755690401978,0.019294367536879364,0.01927908848841499,0.019289722454977048,0.019283663895481622,0.19606318936714043,0.19607846841560478,0.19606783444904274,0.19607389300853817
148,145,153,8,0.375,0.3750082773604795,0.375,0.9081990396884319,3.4087180426425885,0.018896008015549724,0.21198234698480303,1.4618630728503743,1.7448990569459042,0.20770234143084212,0.00970747875601091,0.009729597292174482,0.00971192288523133,0.00972523154527669,0.1979948626748312,0.19797274413866764,0.19799041854561078,0.19797710988556544
149,145,153,8,0.5,0.5000107381973788,0.5,0.9081990396884319,3.4087180426425885,0.018896008015549724,0.1989090724151621,1.4896959753039876,1.6452052800622725,0.2008637396116823,0.008705100472735513,0.008747138976018667,0.008710963612035676,0.008741451867919905,0.1921586391389468,0.19211660063566363,0.1921527759996466,0.1921222877437624
151,145,153,8,0.75,0.7500076062231433,0.25,0.9081990396884319,3.4087180426425885,0.018896008015549724,0.21516251139182033,1.5488283447297797,1.4847717981772126,0.2098980205505366,0.02014095019638863,0.020122537070658305,0.020131479789449888,0.020132108032268826,0.189757070354148,0.1897754834798783,0.18976654076108673,0.18976591251826777
152,145,153,8,0.875,0.8750029082617901,0.125,0.9081990396884319,3.4087180426425885,0.018896008015549724,0.13161460023392257,1.5770643557517983,1.5110313689329353,0.1289880146355371,0.032931745096902276,0.032926193017205806,0.032940283589321405,0.032917693164912984,0.09605626953863483,0.0960618216183313,0.0960477310462157,0.09607032147062412
154,153,174,21,0.047619047619047616,0.047615979601089486,0.047619047619047616,3.576145222131084,5.113172436164874,0.048241480769424035,0.12573980315094246,0.6117467198476997,0.1496560650378332,0.1257927240170575,0.02605396454857853,0.026105631876830362,0.02608030855395028,0.026078638103443897,0.09973875946847896,0.09968709214022713,0.0997124154631072,0.0997140859136136
156,153,174,21,0.14285714285714285,0.1428472570215,0.14285714285714285,3.576145222131084,5.113172436164874,0.048241480769424035,0.40657836832131655,0.6354012826761947,0.43406998499583266,0.4277549339015795,0.05547688380534674,0.05553237628655151,0.05550160517885837,0.05550371365431383,0.3722780500962327,0.372222557615028,0.3722533287227211,0.37225122024726565
157,153,174,21,0.19047619047619047,0.190462554840821,0.19047619047619047,3.576145222131084,5.113172436164874,0.048241480769424035,0.5268894097602318,0.6464442227845899,0.5516593041138745,0.5498753907738194,0.025033726774612106,0.02508415755834705,0.02505277852761083,0.025059579376957325,0.5248416639992073,0.5247912332154724,0.5248226122462086,0.5248158113968621
158,153,174,21,0.23809523809523808,0.23807648909660506,0.23809523809523808,3.576145222131084,5.113172436164874,0.048241480769424035,0.5557978927578858,0.6562369904684257,0.5752895137267351,0.5658648933413407,0.030402043736650727,0.030611751598011508,0.0305073282789799,0.03050858046833937,0.53546284960469,0.5352531417433292,0.5353575650623608,0.5353563128730013
159,153,174,21,0.2857142857142857,0.2856907642432734,0.2857142857142857,3.576145222131084,5.113172436164874,0.048241480769424035,0.5936144197339677,0.6689343247986722,0.5878671449876179,0.5714123015267593,0.03262492277351486,0.03284841762657803,0.03274851875416232,0.03272774913608942,0.5387873787532445,0.5385638839001812,0.538663782772597,0.5386845523906698
161,153,174,21,0.38095238095238093,0.380917950973073,0.38095238095238093,3.576145222131084,5.113172436164874,0.048241480769424035,0.4004813380400046,0.6891262469243572,0.36548052911264134,0.34891784005264787,0.052468771203223845,0.052483491762012814,0.052478838605814024,0.052474499296733715,0.296449068849424,0.29643434829063503,0.2964390014468338,0.29644334075591416
162,153,174,21,0.42857142857142855,0.4285298398835517,0.42857142857142855,3.576145222131084,5.113172436164874,0.048241480769424035,0.3323136874269143,0.6992833479143111,0.3224504553544367,0.2996068715632871,0.04622498455220374,0.04630176774960256,0.04626780327209605,0.04626325812215301,0.25338188701108333,0.25330510381368454,0.253339068291191,0.2533436134411341
163,153,174,21,0.47619047619047616,0.47615604621116825,0.47619047619047616,3.576145222131084,5.113172436164874,0.048241480769424035,0.24363331944026073,0.7095607009549858,0.21535245003656114,0.19255705897282274,0.052358643664841845,0.05229910884566025,0.052327356415297246,0.05233201174431986,0.14019841530798088,0.1402579501271625,0.14022970255752548,0.14022504722850287
164,153,174,21,0.5238095238095238,0.5237802071934794,0.47619047619047616,3.576145222131084,5.113172436164874,0.048241480769424035,0.1296550708881657,0.7201712204675206,0.09673162199178646,0.09455087376200683,0.05621141757227865,0.05616589949847277,0.05618544489264559,0.056191829232828144,0.03833945618972818,0.03838497426353406,0.038365428869361236,0.03835904452917868
166,153,174,21,0.6190476190476191,0.6190278473763333,0.38095238095238093,3.576145222131084,5.113172436164874,0.048241480769424035,0.15480166140069804,0.7421234888450717,0.20601845657165246,0.21702466602928852,0.07139688203663869,0.07133063657957447,0.07136952634574725,0.07136010088772163,0.14562778399264983,0.14569402944971405,0.14565513968354127,0.1456645651415669
167,153,174,21,0.6666666666666666,0.6666516674677603,0.33333333333333337,3.576145222131084,5.113172436164874,0.048241480769424035,0.31232824481630955,0.7517254456314583,0.36336814618020247,0.3733500497544593,0.06533409741417794,0.06535204889876194,0.06534535502817894,0.06534279179671501,0.30801595234028134,0.30799800085569734,0.30800469472628034,0.3080072579577443
168,153,174,21,0.7142857142857143,0.714273783104766,0.2857142857142857,3.576145222131084,5.113172436164874,0.048241480769424035,0.40385412610122806,0.7612584183370728,0.4264175846507264,0.4390145682420496,0.04288488223092923,0.04300890980117992,0.042935581985198396,0.04296010226734078,0.39612968601112036,0.39600565844086966,0.39607898625685123,0.39605446597470884
169,153,174,21,0.7619047619047619,0.7618965805235403,0.23809523809523814,3.576145222131084,5.113172436164874,0.048241480769424035,0.4370717107550866,0.7723286637395621,0.4705274866613884,0.4816138015367446,0.04943240587591404,0.04943384145046573,0.04942471782728983,0.049443362196939976,0.4321813956608306,0.43217996008627885,0.43218908370945475,0.43217043933980465
171,153,174,21,0.8571428571428571,0.857139789124899,0.1428571428571429,3.576145222131084,5.113172436164874,0.048241480769424035,0.39499421250285055,0.7926897653235789,0.42138360526349433,0.4131453394139594,0.045982748385112404,0.04583885217282886,0.045879773722303806,0.045942829259963104,0.367162591028847,0.3673064872411306,0.36726556569165564,0.3672025101539963
172,153,174,21,0.9047619047619048,0.9047598594165993,0.09523809523809523,3.576145222131084,5.113172436164874,0.048241480769424035,0.30810417364843573,0.8035276822982179,0.33253065331193726,0.32017068699564893,0.01734218763811761,0.017404569012769065,0.01738776843296406,0.01735908767693518,0.3028284993575313,0.3027661179828799,0.30278291856268486,0.30281159931871376
173,153,174,21,0.9523809523809523,0.9523809523809523,0.04761904761904767,3.576145222131084,5.113172436164874,0.048241480769424035,0.17794546290937882,0.8163799227424346,0.18293864966427184,0.17618826255477732,0.019953677344545274,0.020007201916294393,0.0200014294939265,0.019958861856471104,0.15623458521023204,0.15618106063848292,0.15618683306085082,0.1562294006983062
176,174,193,19,0.10526315789473684,0.10526547808964591,0.10526315789473684,4.035054308465678,6.376780934971951,0.08776230148675106,0.30288954517544175,0.8933118852184528,0.23588807512835933,0.2674748711812586,0.057561394209136224,0.05714992313494231,0.05733965251971046,0.05737055343477297,0.2099134769721224,0.2103249480463163,0.21013521866154816,0.21010431774648564
177,174,193,19,0.15789473684210525,0.15789915909394048,0.15789473684210525,4.035054308465678,6.376780934971951,0.08776230148675106,0.33671344269478815,0.9023608985253861,0.2466027014759567,0.28061294331370223,0.05996050524579403,0.05981454225533474,0.05987561084800118,0.05989498474659562,0.2206524380679082,0.2207984010583675,0.22073733246570104,0.22071795856710663
178,174,193,19,0.21052631578947367,0.21052982582792587,0.21052631578947367,4.035054308465678,6.376780934971951,0.08776230148675106,0.3248291127511423,0.915207430093464,0.21313328243850033,0.26046306743245917,0.06622982466933294,0.06618221710146997,0.06620553848695564,0.06620040713007126,0.19423324276312623,0.19428085033098919,0.19425752894550352,0.19426266030238792
179,174,193,19,0.2631578947368421,0.26316162291327716,0.2631578947368421,4.035054308465678,6.376780934971951,0.08776230148675106,0.2713246082867628,0.9269664345367771,0.17967736678287138,0.2230519784510933,0.06131436943808029,0.06099985178704414,0.06114879453502503,0.06115127631529178,0.16173760901301304,0.16205212666404917,0.16190318391606828,0.16190070213580154
181,174,193,19,0.3684210526315789,0.3684222028136706,0.3684210526315789,4.035054308465678,6.376780934971951,0.08776230148675106,0.19054911204376263,0.9525508590611523,0.2578761758202477,0.2498213229669269,0.13693725353334868,0.1369212469427511,0.13696515234264275,0.13689963905525537,0.11288406943357823,0.11290007602417582,0.11285617062428416,0.11292168391167154
182,174,193,19,0.42105263157894735,0.4210513624125014,0.42105263157894735,4.035054308465678,6.376780934971951,0.08776230148675106,0.4853125085328279,0.961879999050681,0.5993124873635388,0.576132519917382,0.12026128492153618,0.12033282900382572,0.12038069590577716,0.1202139533074204,0.4558712349958458,0.4557996909135563,0.45575182401160486,0.4559185666099616
183,174,193,19,0.47368421052631576,0.47368127557890943,0.47368421052631576,4.035054308465678,6.376780934971951,0.08776230148675106,0.7148837910532014,0.9747948794686212,0.8108875501905168,0.7786467750570006,0.11037828539854598,0.1100585971543317,0.11037872358129071,0.11005903707347896,0.6682684896584546,0.668588177902669,0.6682680514757099,0.6685877379835217
184,174,193,19,0.5263157894736842,0.5263085512587969,0.4736842105263158,4.035054308465678,6.376780934971951,0.08776230148675106,0.8248183088684178,0.9860177046253015,0.9076382983767444,0.8676694812776583,0.10446931369828484,0.10401414300586834,0.10447314296656349,0.10400815968014311,0.7632001675793735,0.76365533827179,0.7631963383110948,0.7636613215975152
186,174,193,19,0.631578947368421,0.6315642329699379,0.368421052631579,4.035054308465678,6.376780934971951,0.08776230148675106,0.939639183167452,1.0077231099221065,1.0288739613405793,0.9814439847595972,0.08810201408588549,0.08783359186665138,0.08827667245386679,0.08765756456057928,0.8933419706737117,0.8936103928929457,0.8931673123057303,0.8937864201990179
187,174,193,19,0.6842105263157895,0.6841915086498255,0.3157894736842105,4.035054308465678,6.376780934971951,0.08776230148675106,0.9459918366761272,1.0198106598345873,1.0085920672182362,0.9614463778955296,0.05911869045890103,0.05901352859993753,0.05943878783709656,0.058689162358468785,0.9023276874366285,0.902432849295592,0.902007590058433,0.9027572155370608
188,174,193,19,0.7368421052631579,0.7368172771945584,0.26315789473684215,4.035054308465678,6.376780934971951,0.08776230148675106,0.8619761939777281,1.0304525341239656,0.9099398466438352,0.8626455267679906,0.04339376589673532,0.04327833864546256,0.04376062668634658,0.042908402056384465,0.8192517608712553,0.819367188122528,0.8188849000816439,0.8197371247116061
189,174,193,19,0.7894736842105263,0.7894437993068686,0.21052631578947367,4.035054308465678,6.376780934971951,0.08776230148675106,0.736587252305373,1.0422050439088664,0.7778433149728676,0.7267973578151348,0.062024937013895096,0.061910869142853237,0.06235225328229113,0.061582657315377876,0.6647724208012397,0.6648864886722815,0.6644451045328437,0.6652147004997568
191,174,193,19,0.8947368421052632,0.8946938292611797,0.10526315789473684,4.035054308465678,6.376780934971951,0.08776230148675106,0.37595567503762867,1.0653465163911824,0.4381142208007555,0.3754658322021625,0.054658162883531154,0.05458204253663259,0.05484199090922525,0.05439802724589378,0.32080766931863136,0.32088378966552994,0.32062384129293725,0.32106780495626874
192,174,193,19,0.9473684210526315,0.9473184674545467,0.052631578947368474,4.035054308465678,6.376780934971951,0.08776230148675106,0.1739431444213592,1.0771549996157759,0.2552749199084056,0.187970542130927,0.05308590257393773,0.05302570840232702,0.053159079483210366,0.05295244939344397,0.1348846395569893,0.1349448337286,0.13481146264771665,0.13501809273748305
194,193,214,21,0.047619047619047616,0.04737437565204781,0.047619047619047616,0.34244836384917354,0.4866813819655966,0.04296247864867966,0.10272576663249493,1.1010334925017378,0.11257933357910986,0.08813803362735373,0.015739141669067418,0.01572827961441683,0.015734310279279625,0.015733109149653056,0.0723988919582863,0.0724097540129369,0.0724037233480741,0.07240492447770067
196,193,214,21,0.14285714285714285,0.14238132009884527,0.14285714285714285,0.34244836384917354,0.4866813819655966,0.04296247864867966,0.11455406962888592,1.121763838988007,0.16776171266682546,0.09950841427079633,0.019800248685709825,0.019775339616394397,0.019792420595868145,0.01978316142162021,0.0797081655850865,0.07973307465440194,0.07971599367492818,0.07972525284917611
197,193,214,21,0.19047619047619047,0.19001558307432134,0.19047619047619047,0.34244836384917354,0.4866813819655966,0.04296247864867966,0.12664326663717018,1.1328310372047532,0.20051169839443544,0.12211282601209547,0.028718267111144925,0.0287061554247789,0.02871723927063999,0.028707162028240016,0.09339455890095055,0.09340667058731657,0.09339558674145548,0.09340566398385546
198,193,214,21,0.23809523809523808,0.2376498460497974,0.23809523809523808,0.34244836384917354,0.4866813819655966,0.04296247864867966,0.21668105308825136,1.1443420074820247,0.29305688333620783,0.21234696446374704,0.04425758648109044,0.044250987417321364,0.04427145264443773,0.044237135370442965,0.1680893779826566,0.16809597704642568,0.1680755118193093,0.16810982909330408
199,193,214,21,0.2857142857142857,0.28528681971443565,0.2857142857142857,0.34244836384917354,0.4866813819655966,0.04296247864867966,0.2967859243637194,1.1556594564339635,0.3922433192591027,0.303473184217784,0.04432605937356059,0.044338248544719495,0.044358130017229526,0.04430616115736855,0.2591471248442234,0.2591349356730645,0.2591150542005545,0.25916702306041545
201,193,214,21,0.38095238095238093,0.380564155405165,0.38095238095238093,0.34244836384917354,0.4866813819655966,0.04296247864867966,0.49677663594481253,1.1780668925790145,0.5741792513874278,0.49500393361727535,0.04801349471394145,0.04805760904923815,0.04806698685704368,0.048003996397151576,0.4469904389033339,0.4469463245680372,0.44693694676023166,0.44699993722012377
202,193,214,21,0.42857142857142855,0.42820383975896553,0.42857142857142855,0.34244836384917354,0.4866813819655966,0.04296247864867966,0.5353392984052825,1.1906334180148943,0.6000637104185064,0.5133608147040718,0.03163061635737363,0.031698465493554526,0.031710751251004136,0.031618381811261885,0.48173019834669817,0.48166234921051726,0.48165006345306766,0.48174243289280994
203,193,214,21,0.47619047619047616,0.4758462348019282,0.47619047619047616,0.34244836384917354,0.4866813819655966,0.04296247864867966,0.5359142985650288,1.2026302422272563,0.6155760232066115,0.5243364065535366,0.0344193228077519,0.03452384087419965,0.0345454194653603,0.03439772830507399,0.48991708374578474,0.489812565679337,0.48979098708817637,0.48993867824846266
204,193,214,21,0.5238095238095238,0.5234893075171815,0.47619047619047616,0.34244836384917354,0.4866813819655966,0.04296247864867966,0.5745634371691334,1.2136572319664058,0.6407757228223872,0.5485929829602192,0.03251923097885541,0.032627591792566774,0.03263265400219558,0.03251418025459471,0.5160737519813637,0.5159653911676524,0.5159603289580236,0.5160788027056245
206,193,214,21,0.6190476190476191,0.618780196653722,0.38095238095238093,0.34244836384917354,0.4866813819655966,0.04296247864867966,0.6606987018710248,1.23672655932286,0.728224622397511,0.6316576556388693,0.028487009803960572,0.028583576294984536,0.028587809185410207,0.028483000295947473,0.6031706458349088,0.6030740793438848,0.6030698464534592,0.6031746553429218
207,193,214,21,0.6666666666666666,0.6664283519111545,0.33333333333333337,0.34244836384917354,0.4866813819655966,0.04296247864867966,0.7101521405993113,1.2494850663100625,0.7747215565800377,0.6770583780375263,0.036194481544397764,0.03629475345510487,0.036297939739828124,0.03619143851771628,0.6408638964931286,0.6407636245824214,0.6407604382976982,0.6408669395198101
208,193,214,21,0.7142857142857143,0.7140768460047322,0.2857142857142857,0.34244836384917354,0.4866813819655966,0.04296247864867966,0.7474354612092502,1.2600905669018516,0.821761179133164,0.717724633137293,0.049448192176587594,0.04962082061116429,0.04963205248417211,0.04943718961072018,0.6682764409607054,0.6681038125261287,0.6680925806531208,0.6682874435265728
209,193,214,21,0.7619047619047619,0.7617277119513268,0.23809523809523814,0.34244836384917354,0.4866813819655966,0.04296247864867966,0.7599339387973849,1.2711604573484643,0.8485358070045322,0.7395702994191631,0.04167947316562957,0.04190969998280716,0.04192170427590532,0.041667687526394104,0.6978908262535335,0.6976605994363559,0.6976485951432577,0.6979026118927689
211,193,214,21,0.8571428571428571,0.8570324933698237,0.1428571428571429,0.34244836384917354,0.4866813819655966,0.04296247864867966,0.5844365870389593,1.2934368549511404,0.6742725655947488,0.554227794573568,0.06075603561009827,0.06094654934125226,0.060952282155246965,0.06075041467959285,0.4934717589634697,0.4932812452323157,0.493275512418321,0.4934773798939751
212,193,214,21,0.9047619047619048,0.9046867476778712,0.09523809523809523,0.34244836384917354,0.4866813819655966,0.04296247864867966,0.37065825124721885,1.3066616333969192,0.4313597512622402,0.3112432650246505,0.06210990937432484,0.06213730206572801,0.06213509036690662,0.062112161824238545,0.24913335565032566,0.24910596295892248,0.24910817465774387,0.24913110320041196
213,193,214,21,0.9523809523809523,0.9523433738389356,0.04761904761904767,0.34244836384917354,0.4866813819655966,0.04296247864867966,0.15061973760300013,1.318656845553005,0.20822775198459662,0.11198210522934854,0.03941070674976064,0.03940279668561646,0.03940306492651842,0.039410439208226226,0.0725713984795879,0.07257930854373207,0.07257904030283012,0.0725716660211223
216,214,232,18,0.1111111111111111,0.11142256232324912,0.1111111111111111,3.2852931609562646,5.457796939950848,0.019441659357878692,0.17597065853059768,1.351802548037537,0.24329030715521555,0.13303073296955817,0.058116012172599055,0.05818215150959655,0.05815086301414801,0.058148429264602154,0.07491472079695911,0.07484858145996162,0.07487986995541016,0.07488230370495602
217,214,232,18,0.16666666666666666,0.16713721016817573,0.16666666666666666,3.2852931609562646,5.457796939950848,0.019441659357878692,0.0723774905277938,1.363352825082105,0.1312593957907834,0.024880364994303822,0.05362050210316275,0.05372330244785967,0.05367272535496585,0.05367228220494677,-0.028740137108858928,-0.028842937453555845,-0.02879236036066203,-0.028791917210642948
218,214,232,18,0.2222222222222222,0.22285146193271385,0.2222222222222222,3.2852931609562646,5.457796939950848,0.019441659357878692,0.04921255701164117,1.3754058194609875,0.12959330373144626,0.03269168954779775,0.04946347096357228,0.04960217252331305,0.04953368622585674,0.04953377357897345,-0.016771781415774532,-0.016910482975515305,-0.016841996678058996,-0.0168420840311757
219,214,232,18,0.2777777777777778,0.2785692784207483,0.2777777777777778,3.2852931609562646,5.457796939950848,0.019441659357878692,0.09063893166828782,1.3877412845519985,0.13940015223546343,0.08153611429062438,0.0498785590993623,0.0500181366763521,0.04994865872235362,0.04994886046353646,0.03165755519126208,0.03151797761427228,0.03158745556827076,0.03158725382708792
221,214,232,18,0.3888888888888889,0.39000847612031336,0.3888888888888889,3.2852931609562646,5.457796939950848,0.019441659357878692,0.16723168714351877,1.4097550874263913,0.11546587399518611,0.19235427291853455,0.05191187055930462,0.05205221684810039,0.0519774241450544,0.05198814792158185,0.14044240235922992,0.14030205607043417,0.14037684877348014,0.1403661249969527
222,214,232,18,0.4444444444444444,0.44572985733184406,0.4444444444444444,3.2852931609562646,5.457796939950848,0.019441659357878692,0.21408050018254998,1.4208813949582684,0.16046003639107767,0.22662660823706315,0.04474348141101616,0.044906509744777126,0.04481532431404051,0.0448360306891609,0.181883126826047,0.18172009849228604,0.18181128392302265,0.18179057754790226
223,214,232,18,0.5,0.5014540111060941,0.5,3.2852931609562646,5.457796939950848,0.019441659357878692,0.26191366893627716,1.4336249684526834,0.21274815173026845,0.29238246344994395,0.04466412432275076,0.0447141998158759,0.044684091499942076,0.0446945103638515,0.24771833912719318,0.24766826363406805,0.24769837195000188,0.24768795308609245
224,214,232,18,0.5555555555555556,0.5571785609607326,0.4444444444444444,3.2852931609562646,5.457796939950848,0.019441659357878692,0.3162748560514277,1.4442134984811603,0.23715359035034025,0.34145293163043355,0.04253171538617228,0.042618659557562964,0.042560554217284566,0.042590801254186184,0.29892121624426127,0.2988342720728706,0.298892377413149,0.29886213037624737
226,214,232,18,0.6666666666666666,0.6682026664131753,0.33333333333333337,3.2852931609562646,5.457796939950848,0.019441659357878692,0.5461454520787988,1.4687037171262296,0.4526246343131975,0.5681472613727083,0.032828751153782865,0.032909560616872155,0.032825684394365263,0.03291248271163481,0.5353185102189255,0.5352377007558362,0.535321576978343,0.5352347786610735
227,214,232,18,0.7222222222222222,0.7235053906540871,0.2777777777777778,3.2852931609562646,5.457796939950848,0.019441659357878692,0.52647838904946,1.4801277982623895,0.443380659762643,0.5538040999456343,0.0387072348037855,0.03875393542337905,0.038691819847430385,0.038768569188102175,0.5150968651418488,0.5150501645222553,0.5151122800982039,0.5150355307575321
228,214,232,18,0.7777777777777778,0.7788053423322797,0.2222222222222222,3.2852931609562646,5.457796939950848,0.019441659357878692,0.5282929660462606,1.493028356239179,0.45981161299850226,0.5662473852004815,0.04168078547950573,0.04168567658807504,0.04165469976054265,0.041711278226239795,0.5245665997209757,0.5245617086124064,0.5245926854399388,0.5245361069742417
229,214,232,18,0.8333333333333334,0.8341056900908609,0.16666666666666663,3.2852931609562646,5.457796939950848,0.019441659357878692,0.4747806770343764,1.5041215974515674,0.3695220272865533,0.48086234879695566,0.028263910267486925,0.028272314531947482,0.028202449767964495,0.028333659963584473,0.45259843852946874,0.45259003426500816,0.4526598990289912,0.45252868883337116
231,214,232,18,0.9444444444444444,0.9447036130453037,0.05555555555555558,3.2852931609562646,5.457796939950848,0.019441659357878692,0.20117983553572097,1.5294762058409475,0.07886466778894477,0.20530287453321594,0.013228422299588085,0.013227113587076983,0.01321760777284831,0.013238336072915158,0.19207445223362785,0.19207576094613896,0.19208526676036763,0.19206453846030078
233,232,253,21,0.047619047619047616,0.04762704000873315,0.047619047619047616,0.669404268997737,0.9578096866554379,0.03533386611242503,0.033043278460031716,1.552527828144513,0.07832394598865791,0.04594578206804506,0.0251207689344886,0.025132982066431938,0.025127238052008147,0.025126508480650202,0.02082501313355646,0.020812800001613122,0.020818544016036913,0.020819273587394858
234,232,253,21,0.09523809523809523,0.09525169204737732,0.09523809523809523,0.669404268997737,0.9578096866554379,0.03533386611242503,0.10791365457414792,1.5639989925104827,0.06372965344621857,0.11331216868709891,0.030254085814586263,0.030283149586377688,0.030270173885276454,0.03026703472026456,0.08305808287251265,0.08302901910072122,0.08304199480182245,0.08304513396683436
236,232,253,21,0.19047619047619047,0.19050065498608154,0.19047619047619047,0.669404268997737,0.9578096866554379,0.03533386611242503,0.35764840813159987,1.5859688417752547,0.4278330524665286,0.3598903512052084,0.024606929414736294,0.02459557676850696,0.024581805879264052,0.02462052874538004,0.3352834217904721,0.3352947744367014,0.33530854532594434,0.33526982245982834
237,232,253,21,0.23809523809523808,0.23812462474755744,0.23809523809523808,0.669404268997737,0.9578096866554379,0.03533386611242503,0.3570757086543086,1.5967197531606903,0.44707159309170824,0.34979125874188766,0.04157032289812854,0.04157162333262906,0.04155787269085338,0.041584065636707475,0.3082209358437591,0.3082196354092586,0.3082333860510343,0.3082071931051802
238,232,253,21,0.2857142857142857,0.2857465476775285,0.2857142857142857,0.669404268997737,0.9578096866554379,0.03533386611242503,0.3585834764392811,1.6066659789713036,0.45347844244420554,0.3500919271218841,0.0518448837312267,0.05184810914957952,0.05182348062447953,0.051869498664802935,0.2982470433906574,0.2982438179723046,0.2982684464974046,0.29822242845708113
239,232,253,21,0.3333333333333333,0.33336915288466784,0.3333333333333333,0.669404268997737,0.9578096866554379,0.03533386611242503,0.35919382489862395,1.619394747717169,0.4648176330737609,0.377603011300682,0.025255362162462474,0.02518894035913155,0.02520183351868857,0.025242396226831353,0.35234764913821953,0.3524140709415505,0.3524011777819934,0.3523606150738507
241,232,253,21,0.42857142857142855,0.42861061077452106,0.42857142857142855,0.669404268997737,0.9578096866554379,0.03533386611242503,0.4068714827507576,1.6423078860611866,0.4834421701504389,0.39943700699044093,0.02149892478061744,0.021473856251020062,0.021448409362642088,0.021524279504687948,0.3779380822098235,0.3779631507394209,0.37798859762779885,0.377912727485753
242,232,253,21,0.47619047619047616,0.476229804595819,0.47619047619047616,0.669404268997737,0.9578096866554379,0.03533386611242503,0.43683986726098745,1.6538856071627206,0.5216546273328639,0.44330439934986265,0.015974522864971696,0.01584549454287411,0.015846519303332637,0.015973322503011676,0.42732987648489096,0.42745890480698856,0.42745788004653,0.42733107684685095
243,232,253,21,0.5238095238095238,0.523848998417117,0.47619047619047616,0.669404268997737,0.9578096866554379,0.03533386611242503,0.43823987877197296,1.664737125001273,0.5200059256525952,0.443908196230177,0.011973138266458872,0.011849732716345117,0.011845658161793836,0.011977006469247634,0.43193505796371817,0.4320584635138319,0.4320625380683832,0.43193118976092937
244,232,253,21,0.5714285714285714,0.5714671688226625,0.4285714285714286,0.669404268997737,0.9578096866554379,0.03533386611242503,0.3863225375456581,1.677108913351091,0.49741327134286417,0.41210940130601476,0.02868373115261144,0.02858664538597963,0.02860899025737462,0.02866131219979802,0.38342567015340334,0.38352275592003515,0.38350041104864013,0.38344808910621675
246,232,253,21,0.6666666666666666,0.6667014628022487,0.33333333333333337,0.669404268997737,0.9578096866554379,0.03533386611242503,0.4617273869641985,1.6996762519380664,0.5792685201933654,0.48455273553946443,0.027628863267336604,0.027614103528636396,0.027640456276879513,0.027602559450110586,0.45692387227212783,0.456938632010828,0.45691227926258493,0.45695017608935384
247,232,253,21,0.7142857142857143,0.7143182686534578,0.2857142857142857,0.669404268997737,0.9578096866554379,0.03533386611242503,0.42624511191149644,1.7116145610563147,0.547797498417439,0.463104528206479,0.037233312774118746,0.03718123661539249,0.0372110691021224,0.03720349257916454,0.4258712154323603,0.42592329159108655,0.4258934591043566,0.42590103562731446
248,232,253,21,0.7619047619047619,0.761933027673162,0.23809523809523814,0.669404268997737,0.9578096866554379,0.03533386611242503,0.295564845621715,1.7246116805591019,0.3932689341387598,0.31975341119020423,0.023172704808707763,0.023116694710921266,0.023145097372778912,0.02314429508318081,0.2965807063814965,0.29663671647928297,0.2966083138174253,0.2966091161070234
249,232,253,21,0.8095238095238095,0.8095484689700344,0.19047619047619047,0.669404268997737,0.9578096866554379,0.03533386611242503,0.1566622300394625,1.7379645064918017,0.2651276823897509,0.1818325613080678,0.032683893400162034,0.032656999549789026,0.032674963545608275,0.03266587341835693,0.14914866790790576,0.14917556175827879,0.14915759776245952,0.14916668788971088
251,232,253,21,0.9047619047619048,0.9047752579007696,0.09523809523809523,0.669404268997737,0.9578096866554379,0.03533386611242503,0.12119075706569091,1.7621424857631598,0.24403491751524073,0.1499437979265678,0.03037375236040034,0.030333226595713397,0.030345192258377084,0.03036178767787329,0.11957004556616747,0.11961057133085441,0.11959860566819072,0.11958201024869453
252,232,253,21,0.9523809523809523,0.9523872878118007,0.04761904761904767,0.669404268997737,0.9578096866554379,0.03533386611242503,0.057452739568044364,1.7747018270272414,0.14000107245712407,0.0628659590883655,0.016854471702692345,0.016832055059915797,0.01683401627567155,0.016852473809525155,0.04601148738567315,0.0460339040284497,0.046031942812693946,0.04601348527884034
254,253,266,13,0.07692307692307693,0.07655446489546393,0.07692307692307693,0.584342931263892,1.3443982183597682,0.04728054282034753,0.11131553647168828,0.0029515781471096993,0.11355440138604839,0.11401831942776265,0.014817188763014792,0.014811298082467408,0.014814270286013415,0.014814165283139632,0.09920113066474787,0.09920702134529524,0.09920404914174924,0.09920415414462302
256,253,266,13,0.23076923076923078,0.2298219197994575,0.23076923076923078,0.584342931263892,1.3443982183597682,0.04728054282034753,0.21121234335877162,0.0042364877717047745,0.17565209636655027,0.1978190919571116,0.08561347058029774,0.08565068326322646,0.08562913531552621,0.08563505172555615,0.11220562137681385,0.11216840869388513,0.11218995664158538,0.11218404023155544
257,253,266,13,0.3076923076923077,0.30653271568877516,0.3076923076923077,0.584342931263892,1.3443982183597682,0.04728054282034753,0.24952172682758636,0.002123097765179176,0.23374048359353997,0.2561230591671686,0.04144495545200139,0.04148850000740965,0.04145899676094492,0.04147445838770709,0.2146781037151672,0.21463455915975896,0.21466406240622368,0.21464860077946152
258,253,266,13,0.38461538461538464,0.38324241451848684,0.38461538461538464,0.584342931263892,1.3443982183597682,0.04728054282034753,0.26279303053449987,0.005216078446984795,0.2484991703211579,0.27267749787854484,0.06148577963219682,0.06153406297724625,0.061506172504788605,0.06151367638836698,0.21119171824634803,0.21114343490129858,0.21117132537375624,0.21116382149017787
259,253,266,13,0.46153846153846156,0.4603311474420684,0.46153846153846156,0.584342931263892,1.3443982183597682,0.04728054282034753,0.285798903119655,0.0021913962385294197,0.2736452311537494,0.2938660778911335,0.012641925378928658,0.01267713317413177,0.01266033735435624,0.012658729216835753,0.28122415251220484,0.28118894471700173,0.28120574053677727,0.28120734867429775
261,253,266,13,0.6153846153846154,0.6145124529978525,0.3846153846153846,0.584342931263892,1.3443982183597682,0.04728054282034753,0.21274136676483094,0.0016355669449331896,0.18081542090276304,0.19402881842052846,0.01980830124941683,0.01984329176651403,0.019817500934695798,0.01983404116223857,0.17422051717111164,0.17418552665401443,0.17421131748583266,0.17419477725828988
262,253,266,13,0.6923076923076923,0.691605025630055,0.3076923076923077,0.584342931263892,1.3443982183597682,0.04728054282034753,0.14974123645268003,0.0019417030476384927,0.12829161909995943,0.13063430604237153,0.016743217877227705,0.016763324135148763,0.016743281569987598,0.01676333887607799,0.11389108816514382,0.11387098190722277,0.11389102447238393,0.11387096716629354
263,253,266,13,0.7692307692307693,0.7687019865006816,0.23076923076923073,0.584342931263892,1.3443982183597682,0.04728054282034753,0.10953272784849767,0.0030820060744275253,0.1021818759458982,0.09859622194139787,0.0030801914526269424,0.003154240593953792,0.0032510458332730206,0.0029784671608275395,0.09551603048877093,0.09544198134744408,0.09534517610812486,0.09561775478057033
264,253,266,13,0.8461538461538461,0.8457983988415051,0.15384615384615385,0.584342931263892,1.3443982183597682,0.04728054282034753,0.12327413004102783,0.0011796574684996258,0.138550084259016,0.15566320867056904,0.040969721733164335,0.040976726662330716,0.04098667707952261,0.04095980236232427,0.1146934869374047,0.11468648200823833,0.11467653159104643,0.11470340630824477
267,266,285,19,0.05263157894736842,0.05261979701664176,0.05263157894736842,0.8268388716319794,1.29822411522012,0.03510064790512742,0.1479891196543941,0.004061265030839962,0.20093253270937453,0.20023223369106963,0.05698256018106765,0.05699662400485888,0.056989443964092584,0.05698978246649147,0.14324967351000198,0.14323560968621074,0.14324278972697704,0.14324245122457815
268,266,285,19,0.10526315789473684,0.10523996837556414,0.10526315789473684,0.8268388716319794,1.29822411522012,0.03510064790512742,0.2984808139676855,0.0061293384314364575,0.3634244581073589,0.3626564152039223,0.06921864022176473,0.06924595396022215,0.06923214974553765,0.06923248457025079,0.29343777498215756,0.2934104612437001,0.2934242654583846,0.2934239306336715
269,266,285,19,0.15789473684210525,0.1578623857881702,0.15789473684210525,0.8268388716319794,1.29822411522012,0.03510064790512742,0.3522633314848314,0.008308991532822933,0.4059344491225089,0.4057753719799569,0.058894994401223,0.05893309988953269,0.05891504256290406,0.05891309771372653,0.3468803775787339,0.3468422720904242,0.3468603294170528,0.34686227426623034
271,266,285,19,0.2631578947368421,0.2631105896939078,0.2631578947368421,0.8268388716319794,1.29822411522012,0.03510064790512742,0.510122993561965,0.013593506192598016,0.5190422144041986,0.5209534884244217,0.02448060513330796,0.024475222328506973,0.02444956556892333,0.024506333383201146,0.4964728832911137,0.4964782660959147,0.4965039228554984,0.49644715504122056
272,266,285,19,0.3157894736842105,0.31573562750247813,0.3157894736842105,0.8268388716319794,1.29822411522012,0.03510064790512742,0.4789371269811001,0.014844384841673493,0.5056825572980185,0.5087849278302776,0.034329386021751236,0.034388324797735174,0.03435763377944416,0.03436016483267238,0.4744555418085264,0.47439660303254244,0.47442729405083345,0.4744247629976052
273,266,285,19,0.3684210526315789,0.368364034391574,0.3684210526315789,0.8268388716319794,1.29822411522012,0.03510064790512742,0.42585364493651356,0.015596667838183522,0.44899264663995936,0.44989689405577155,0.03152178471053753,0.03161870846138767,0.03160288075871315,0.03153747195251294,0.41837510934523403,0.4182781855943839,0.4182940132970584,0.4183594221032586
274,266,285,19,0.42105263157894735,0.42099206693838925,0.42105263157894735,0.8268388716319794,1.29822411522012,0.03510064790512742,0.4242113308736325,0.015961796852858066,0.4445130426017032,0.4491293877864088,0.03664807132243765,0.0367040983558023,0.03669158158199627,0.036660617048823174,0.4124813164639712,0.4124252894306065,0.41243780620441256,0.41246877073758564
276,266,285,19,0.5263157894736842,0.5262533728239484,0.4736842105263158,0.8268388716319794,1.29822411522012,0.03510064790512742,0.4635854132469392,0.01696477350691222,0.47793034836046955,0.4878658949189438,0.03201554926193174,0.03203380778001129,0.03200268308508286,0.032046744915361164,0.45585034565701205,0.4558320871389325,0.4558632118338609,0.45581915000358264
277,266,285,19,0.5789473684210527,0.5788873948472534,0.42105263157894735,0.8268388716319794,1.29822411522012,0.03510064790512742,0.3485949885324037,0.01852799865311032,0.3457385657462169,0.3594884648607133,0.024818124935108758,0.024805071856935708,0.02478251736836008,0.02484080769361842,0.3346703399256045,0.3346833930037776,0.3347059474923532,0.3346476571670949
278,266,285,19,0.631578947368421,0.6315206681859972,0.368421052631579,0.8268388716319794,1.29822411522012,0.03510064790512742,0.3314696594002418,0.02029414712837992,0.3118434915039171,0.3271580632135744,0.00818257946060356,0.00811575879692575,0.00817131793373986,0.008127407098779018,0.3189754837529708,0.3190423044166486,0.3189867452798345,0.31903065611479536
279,266,285,19,0.6842105263157895,0.6841573106052665,0.3157894736842105,0.8268388716319794,1.29822411522012,0.03510064790512742,0.37464299817102437,0.021614521989118056,0.36621393993608337,0.38120364976698057,0.019748815902628163,0.019728313030716517,0.019733424252608163,0.019743895699016197,0.3614548338643524,0.36147533673626403,0.3614702255143724,0.3614597540679644
281,266,285,19,0.7894736842105263,0.7894328414974889,0.21052631578947367,0.8268388716319794,1.29822411522012,0.03510064790512742,0.5497711223304904,0.019910401852061475,0.5578327792772821,0.5719483210779217,0.03142738544313634,0.0314127433865082,0.03139326207888127,0.03144696755969998,0.5405209356347853,0.5405355776914135,0.5405550589990404,0.5405013535182217
282,266,285,19,0.8421052631578947,0.8420717299704419,0.1578947368421053,0.8268388716319794,1.29822411522012,0.03510064790512742,0.6185510749597678,0.018269424217815206,0.6341274959061411,0.6500199960416847,0.042957415382018346,0.0428880813534987,0.0428700631963968,0.04297547118985139,0.6070625806596663,0.607131914688186,0.6071499328452878,0.6070445248518334
283,266,285,19,0.8947368421052632,0.8947136131816399,0.10526315789473684,0.8268388716319794,1.29822411522012,0.03510064790512742,0.43032278834315146,0.013199257198835326,0.4412833458578162,0.4604347509013885,0.04113230469083839,0.04112255170253484,0.04111501886577281,0.04113990011521138,0.41930244621055013,0.41931219919885365,0.41931973203561573,0.4192948507861771
284,266,285,19,0.9473684210526315,0.9473551220505572,0.052631578947368474,0.8268388716319794,1.29822411522012,0.03510064790512742,0.1514492102396707,0.006354846281438407,0.13443411015613013,0.1588493875565075,0.02260765801040383,0.022600731144072916,0.02260231791001376,0.022606123468959714,0.13624172954610367,0.13624865641243458,0.13624706964649372,0.13624326408754778
286,285,295,10,0.1,0.10055514401997488,0.1,0.38985942207192814,1.1691980395736576,0.02573417846832153,0.0927827585932074,0.003665252251903756,0.10651944973266832,0.10654989388119196,0.018989309702726585,0.018982815318207533,0.018985320985006316,0.018986774348281502,0.08756058417846538,0.08756707856298443,0.08756457289618565,0.08756311953291046
287,285,295,10,0.2,0.201116008225627,0.2,0.38985942207192814,1.1691980395736576,0.02573417846832153,0.12116700385250809,0.008079435884755591,0.1438998869089546,0.14338572608777145,0.02569136921223741,0.025690983796729874,0.025691538085055032,0.02569076986365975,0.11769435687553403,0.11769474229104157,0.11769418800271642,0.11769495622411169
288,285,295,10,0.3,0.30166829215276325,0.3,0.38985942207192814,1.1691980395736576,0.02573417846832153,0.1509963182394448,0.010676102170051665,0.1791345804012741,0.17883915190472757,0.03240869884403052,0.032404802762825355,0.032405994476442664,0.03240749218229952,0.14643045306069705,0.14643434914190223,0.14643315742828492,0.14643165972242805
289,285,295,10,0.4,0.4014376256653291,0.4,0.38985942207192814,1.1691980395736576,0.02573417846832153,0.1216934297784733,0.011488307775791285,0.1316843661594017,0.13125080835083947,0.04902116898602002,0.04902347252921827,0.04901952456416233,0.049025107778608024,0.08222963936481945,0.0822273358216212,0.08223128378667713,0.08222570057223144
291,285,295,10,0.6,0.6009662823655256,0.4,0.38985942207192814,1.1691980395736576,0.02573417846832153,0.09564940237942261,0.011597632176349562,0.09774262290212343,0.09740757630385329,0.05498600173408559,0.05499118820234663,0.05498743013159415,0.05498973459725728,0.042421574569767695,0.04241638810150666,0.042420146172259136,0.04241784170659601
292,285,295,10,0.7,0.7007263205763659,0.30000000000000004,0.38985942207192814,1.1691980395736576,0.02573417846832153,0.10127346306348967,0.011241912739100447,0.11562350318228656,0.11561730090031716,0.04141466624315278,0.041418961784495736,0.04141274366777237,0.04142084257488138,0.07420263465716438,0.07419833911582142,0.0742045572325448,0.07419645832543578
293,285,295,10,0.8,0.8004870738104158,0.19999999999999996,0.38985942207192814,1.1691980395736576,0.02573417846832153,0.051951218221202085,0.008371442003676587,0.07188349005837266,0.07145411329373741,0.044776490333256445,0.044785418552816314,0.044783518609715994,0.04477836430089758,0.026677622960480964,0.026668694740921095,0.026670594684021415,0.02667574899283983
294,285,295,10,0.9,0.900243536905208,0.09999999999999998,0.38985942207192814,1.1691980395736576,0.02573417846832153,0.037346936238721276,0.004850641913414866,0.06736388362778284,0.06726840029869646,0.04196526693307028,0.04197711535718199,0.04197449235524487,0.041967882400394355,0.02530313336562618,0.025291284941514475,0.025293907943451592,0.025300517898302108
