kappa,beta,algorithm,scenarios,fairness_nrmse_worst_scenario,fairness_rmse_updates_worst_scenario,jain_min_scenario,jain_regret_worst_scenario,cohort_ratio_min_scenario,cohort_ratio_max_scenario,oracle_cohort_ratio_min_scenario,oracle_cohort_ratio_max_scenario,entropy_ratio_min_scenario,shuffle_kl_worst_scenario,gradient_ratio_mean_worst_scenario,gradient_ratio_field_worst_scenario,temporal_w1_ratio_worst_scenario,admission_tracking_nrmse_worst_scenario,admission_pool_rate_cv_worst_scenario,budget_violation_worst_scenario,constraint_violation_factor,meets_all_quality_constraints
32,0.0,ercb_beta_0,3,0.8665820562004121,26.260062309103397,0.5554054874730588,0.4275513515474443,0.2042009884678748,0.30730820999917713,0.9666666666666667,1.0,1.0000000000000002,-1.3421817473916548e-16,1.1674676018461954,1.301985946034541,1.042427992221332,0.0,0.005641859308041948,0.0,42.75513515474443,False
32,0.0025,ercb_beta_0p0025,3,0.8245292385640691,24.98573450194149,0.5785070049829943,0.4044498340375087,0.23009189706078959,0.3294370713741427,0.9666666666666667,1.0,0.9996397342944543,0.000282148313533245,1.1149289015024648,1.2553996929141684,1.0584071680710976,0.0,0.005641859308041948,0.0,40.444983403750875,False
32,0.005,ercb_beta_0p005,3,0.7906411743736462,23.958823465868072,0.597808567970004,0.3851482710504991,0.2519203175069398,0.34556362054280454,0.9666666666666667,1.0,0.998866960912401,0.0009600529185110611,1.196635499402059,1.3816041824042324,1.1185405058542348,0.0,0.005641859308041948,0.0,38.51482710504991,False
32,0.0075,ercb_beta_0p0075,3,0.7599034690969384,23.027377851422376,0.6155810012598807,0.36737583776062244,0.27232514740087627,0.3520843908629442,0.9666666666666667,1.0,0.9978557483079331,0.0018797790230861222,1.3766839416221908,1.6494120914937773,1.2020234716458904,0.0,0.005641859308041948,0.0,36.737583776062245,False
32,0.01,ercb_beta_0p01,3,0.7302558001733437,22.128963641616476,0.6331433646166147,0.34981347440388844,0.29746274076554174,0.37392055267702934,0.9666666666666667,1.0,0.996500095608057,0.0032212832274018505,1.6188399860518277,2.1360693374441695,1.3125603049147494,0.0,0.005641859308041948,0.0,34.981347440388845,False
32,0.0125,ercb_beta_0p0125,3,0.7050466177270228,21.365049022030995,0.6482863276242306,0.3346705113962726,0.3128904753434404,0.41029028479899265,0.9666666666666667,1.0,0.9950278703290316,0.004694801975483623,1.84139697303785,2.4558044775934884,1.4475197372885782,0.0,0.005641859308041948,0.0,33.46705113962726,False
32,0.015,ercb_beta_0p015,3,0.679450636315745,20.58941322168924,0.6637532065932289,0.31920363242727423,0.3309831815048577,0.42202665870884315,0.9666666666666667,1.0,0.9932445837890184,0.0063392394119942495,2.0389121536729236,2.9724222402955434,1.571518172533327,0.0,0.005641859308041948,0.0,31.920363242727422,False
32,0.02,ercb_beta_0p02,3,0.6372639659034873,19.31102926980265,0.6896798935825672,0.2932769454379359,0.36718499550902645,0.4561651387567467,0.9666666666666667,1.0,0.9895055064747331,0.010040433391652039,2.7277007022107744,4.013630663399731,1.8572631816773653,0.0,0.005641859308041948,0.0,29.32769454379359,False
32,0.03,ercb_beta_0p03,3,0.5671143799422522,17.18528424067431,0.7334193114809759,0.2495375275395272,0.4398059397203584,0.5090101662288297,0.9666666666666667,1.0,0.9807222117643848,0.018592863405376366,4.018491929997428,6.5806530316445215,2.3807294392450222,0.0,0.005641859308041948,0.0,24.95375275395272,False
32,0.05,ercb_beta_0p05,3,0.4614111543512409,13.982156192461847,0.7985526460993536,0.18440419292114948,0.5418302494987182,0.6062659338045652,0.9666666666666667,1.0,0.9592218458666717,0.03985453460816766,7.399550488678484,12.35612386805273,3.3403271748461916,0.0,0.005641859308041948,0.0,18.44041929211495,False
32,0.075,ercb_beta_0p075,3,0.3695279603614923,11.197816980651284,0.8516643616784534,0.13022065920023654,0.6252220578443278,0.7012691739375176,0.9666666666666667,1.0,0.928143035533117,0.07044147834571174,11.557171032881442,19.889679258445852,4.243479709353467,0.0,0.005641859308041948,0.0,13.022065920023653,False
32,0.1,ercb_beta_0p1,3,0.30244189338561966,9.164905860170293,0.8841521467899338,0.09341357765583336,0.7038821844886811,0.7667441458582139,0.9666666666666667,1.0,0.8945243600134363,0.10442080225070775,15.189110155656044,26.464948309100084,4.902414957902344,0.0,0.005641859308041948,0.0,9.341357765583336,False
32,0.15,ercb_beta_0p15,3,0.2156847531766571,6.535901611413852,0.9192195006022381,0.05129088557789391,0.7861070165094339,0.850404490021747,0.9666666666666667,1.0,0.8196683033680953,0.1782397368257353,20.792483866608897,36.610867987761104,5.7695251403095735,0.0,0.005641859308041948,0.0,12.203622662587035,False
32,0.2,ercb_beta_0p2,3,0.1638121840510951,4.964005577305913,0.9343054286151523,0.030394087962643368,0.8395684391396397,0.8880385487528346,0.9666666666666667,1.0,0.7453346470857808,0.2523116491064764,24.438603442250265,43.10536267054232,6.265049303236896,0.0,0.005641859308041948,0.0,14.368454223514107,False
32,0.3,ercb_beta_0p3,3,0.11103644925708407,3.3647408865783053,0.946702691263015,0.01394892835983752,0.8944341912503949,0.9438839075035395,0.9666666666666667,1.0,0.6247532013185217,0.37287008153914536,28.734001625031134,50.63828458819979,6.768277722343877,0.0,0.005641859308041948,0.0,16.879428196066595,False
32,0.5,ercb_beta_0p5,3,0.06682646215220113,2.0250443076424585,0.9531553917370964,0.005231214224093977,0.9428303500921295,0.9803767660910518,0.9666666666666667,1.0,0.4824352648828713,0.5157922982705798,32.59317822530417,57.18429790057649,7.165443186394014,0.0,0.005641859308041948,0.0,19.061432633525495,False
32,1.0,ercb_beta_1,3,0.033876713899430935,1.0265670878615434,0.9560129694662075,0.0013302703651065229,0.9761551267434672,1.0084775131585806,0.9666666666666667,1.0,0.3217307230773658,0.677058903976474,35.734036679107646,62.64667531648372,7.4495857862691635,0.0,0.005641859308041948,0.0,20.882225105494573,False
32,inf,ercb_beta_inf,3,0.0,0.0,0.9569869457410731,0.0,0.9951416908334384,1.0063710499490317,0.9666666666666667,1.0,0.08443481086092625,0.9155651891390737,37.98491373283538,66.53981159873621,7.643514725461402,0.0,0.005641859308041948,0.0,22.179937199578735,False
48,0.0,ercb_beta_0,3,0.8253300716320198,36.501084249081956,0.575590189073442,0.3982419202270695,0.22689834451804056,0.3389416794624047,0.9767441860465116,0.9912457912457913,0.9999999999999997,3.1730677789903805e-16,1.1373425560102222,1.295591209499673,1.0440617767588072,0.0,0.013099497345133356,0.0,39.82419202270695,False
48,0.0025,ercb_beta_0p0025,3,0.7740409506459586,34.232769316037476,0.6042172999682054,0.36961480933230606,0.25613437402612116,0.3776413587451043,0.9767441860465116,0.9912457912457913,0.9993670003976636,0.00045472641303113807,1.1823348483580012,1.407187964744042,1.0848203143654382,0.0,0.013099497345133356,0.0,36.961480933230604,False
48,0.005,ercb_beta_0p005,3,0.7306743926632998,32.3148380047651,0.6292914206898016,0.34454068861070986,0.29807386313745354,0.4039671340607787,0.9767441860465116,0.9912457912457913,0.998064726188026,0.0016726864385440683,1.3169960337111768,1.6221244208045857,1.1773773721412313,0.0,0.013099497345133356,0.0,34.454068861070986,False
48,0.0075,ercb_beta_0p0075,3,0.6868971581731134,30.378744096108203,0.6549832229077746,0.31884888639273695,0.3199132328875224,0.4296926526843424,0.9767441860465116,0.9912457912457913,0.9960078003255012,0.0035969996070549974,1.5614828206988351,2.0723323430893634,1.3397411788017148,0.0,0.013099497345133356,0.0,31.884888639273694,False
48,0.01,ercb_beta_0p01,3,0.6551506572085779,28.974721940428502,0.6739398038352893,0.29989230546522216,0.35019117917451864,0.4425341034955724,0.9767441860465116,0.9912457912457913,0.9938408829745367,0.005701499452767672,1.911313702879136,2.741562519041671,1.501339293410006,0.0,0.013099497345133356,0.0,29.989230546522215,False
48,0.0125,ercb_beta_0p0125,3,0.6209147410154925,27.460602796753964,0.6944893217495616,0.2793427875509499,0.38309219150351326,0.4802968682462965,0.9767441860465116,0.9912457912457913,0.9911932077643107,0.008390286351570856,2.3344354314102747,3.5506483027582836,1.6956103541483794,0.0,0.013099497345133356,0.0,27.934278755094986,False
48,0.015,ercb_beta_0p015,3,0.5958710022862177,26.35301730012756,0.7100646495175963,0.26376745978291516,0.40355629032678514,0.4998603601590777,0.9767441860465116,0.9912457912457913,0.988174880216061,0.011233777910336518,2.811173180707068,4.313134011371892,1.9192647859828833,0.0,0.013099497345133356,0.0,26.376745978291517,False
48,0.02,ercb_beta_0p02,3,0.5461439403759862,24.15378606085443,0.7403734878613294,0.23345862143918203,0.45113301153993834,0.53469020837175,0.9767441860465116,0.9912457912457913,0.9817663263615752,0.017694772392937663,3.7025400453256765,6.111270664698654,2.2671815939533784,0.0,0.013099497345133356,0.0,23.345862143918204,False
48,0.03,ercb_beta_0p03,3,0.46479005857438366,20.555825686336377,0.7890651955808089,0.18476691371970255,0.5345820065713174,0.6064888266059407,0.9767441860465116,0.9912457912457913,0.9671250165285552,0.032340842720629176,5.957676170692307,10.270349427182627,2.9364730583753524,0.0,0.013099497345133356,0.0,18.476691371970254,False
48,0.05,ercb_beta_0p05,3,0.3540989477907424,15.6603957253891,0.8493845514896103,0.12069568055381436,0.6515651422359995,0.6925195108004584,0.9767441860465116,0.9912457912457913,0.9310407373548634,0.0676765573123479,10.983662054689852,19.063461984645965,4.019412198850033,0.0,0.013099497345133356,0.0,12.069568055381435,False
48,0.075,ercb_beta_0p075,3,0.2608669526892355,11.537113386747514,0.8874504913252457,0.07249777545832545,0.7365675732658656,0.7953377483443709,0.9767441860465116,0.9912457912457913,0.880454846446135,0.11787803222146026,16.41100337196509,28.03251339512477,4.915081820629702,0.0,0.013099497345133356,0.0,9.344171131708256,False
48,0.1,ercb_beta_0p1,3,0.20293428602964594,8.97498070892783,0.9072235298429389,0.044940081409719834,0.8002731331410218,0.8386047890773801,0.9767441860465116,0.9912457912457913,0.8261751611674562,0.17221949860030755,20.54090603967983,34.65467988951296,5.468959406419807,0.0,0.013099497345133356,0.0,11.551559963170988,False
48,0.15,ercb_beta_0p15,3,0.13885373327332567,6.140951348697449,0.9239217775380189,0.021205856368095077,0.8666414006796829,0.9130654425428508,0.9767441860465116,0.9912457912457913,0.7233762102369563,0.2739595945127446,25.92436192847059,42.99973652050737,6.087538431154158,0.0,0.013099497345133356,0.0,14.33324550683579,False
48,0.2,ercb_beta_0p2,3,0.10603143232888125,4.689350815527917,0.9300394375066385,0.012484598809286429,0.902803727365263,0.946523126435517,0.9767441860465116,0.9912457912457913,0.6437844540213378,0.3545431356787464,28.97776187519075,47.611631738136964,6.3818823891712775,0.0,0.013099497345133356,0.0,15.870543912712321,False
48,0.3,ercb_beta_0p3,3,0.07099088201925349,3.139645887829392,0.9350951776355663,0.005496972901852221,0.9383661308203991,0.9756371115697741,0.9767441860465116,0.9912457912457913,0.5340687635584831,0.4636760485208483,32.490037821361526,52.98923250698,6.6876823573631246,0.0,0.013099497345133356,0.0,17.66307750232667,False
48,0.5,ercb_beta_0p5,3,0.0429498057256741,1.89950000752367,0.9370823432757007,0.0019883642883212205,0.9720641653521556,0.9937451019167527,0.9767441860465116,0.9912457912457913,0.41422203359591525,0.5843835563123536,35.34846846470559,57.228077008215585,6.9258682385116765,0.0,0.013099497345133356,0.0,19.076025669405194,False
48,1.0,ercb_beta_1,3,0.022317207993276182,0.9870018277124601,0.9380752552953601,0.0005334056772728635,0.9851298910890605,1.0039538214649948,0.9767441860465116,0.9912457912457913,0.27989131517659777,0.719021501529656,37.548488841904216,60.53897124673999,7.086654228293777,0.0,0.013099497345133356,0.0,20.179657082246663,False
48,inf,ercb_beta_inf,3,0.0,0.0,0.9384361389254604,0.0,0.9948818897637796,1.0051530702085376,0.9767441860465116,0.9912457912457913,0.10749229325972305,0.892507706740277,38.90162632991115,62.41367433797409,7.178551702061165,0.0,0.013099497345133356,0.0,20.804558112658032,False
64,0.0,ercb_beta_0,3,0.7801327628878386,44.863864958406054,0.5932831211197236,0.37438514093523517,0.24542426373185813,0.3616719078518089,0.9814814814814815,1.0,0.9999999999999998,2.684425853272176e-16,1.1186490978442787,1.266116456739628,1.0559013607510994,0.0,0.022418918864214186,0.0,37.438514093523516,False
64,0.0025,ercb_beta_0p0025,3,0.7152322182137463,41.131565264688284,0.6298894487758422,0.3377788132791166,0.2891104832847916,0.3850892883324048,0.9814814814814815,1.0,0.9990517515650661,0.0007441929827515492,1.208685668372531,1.3306386599398061,1.1033881415856381,0.0,0.022418918864214186,0.0,33.77788132791166,False
64,0.005,ercb_beta_0p005,3,0.6619112500644802,38.06518370977841,0.6610515348519145,0.30661672720304434,0.33243226238870904,0.4261815473880307,0.9814814814814815,1.0,0.9970078569192355,0.0026092165846587304,1.5025092408289913,1.843031291758058,1.2656152073930789,0.0,0.022418918864214186,0.0,30.661672720304434,False
64,0.0075,ercb_beta_0p0075,3,0.6189950220003744,35.59715781471802,0.6863871571800972,0.2812811048748616,0.36651431719994243,0.4521676852559205,0.9814814814814815,1.0,0.9941959763639756,0.005299882618042691,1.9323540259480496,2.6348365639792797,1.4867680519912172,0.0,0.022418918864214186,0.0,28.128110487486158,False
64,0.01,ercb_beta_0p01,3,0.5803672573810026,33.37575282063274,0.7094853770786131,0.25818288497634573,0.4072989063900751,0.48159714563881145,0.9814814814814815,1.0,0.9909808766618384,0.008458139597240646,2.5676152158684857,3.5697698137781835,1.7039554334321387,0.0,0.022418918864214186,0.0,25.818288497634573,False
64,0.0125,ercb_beta_0p0125,3,0.5460494989860527,31.402207609421563,0.7302831677006634,0.23738509435429545,0.4228444119833853,0.49787694223503914,0.9814814814814815,1.0,0.9875857578547846,0.012143470370907218,3.1765297531452554,4.510034470373489,1.9170729518473124,0.0,0.022418918864214186,0.0,23.738509435429545,False
64,0.015,ercb_beta_0p015,3,0.5182676144244149,29.804527347090954,0.7468726241068449,0.22079563794811394,0.4649587848773029,0.5245738020108532,0.9814814814814815,1.0,0.9831438414050838,0.016270180731986723,3.879843984651267,5.834316046069807,2.1660779483337325,0.0,0.022418918864214186,0.0,22.079563794811392,False
64,0.02,ercb_beta_0p02,3,0.4633286936076314,26.6451005908542,0.7795573760500971,0.18811088600486164,0.5117914467418114,0.5843408352211169,0.9814814814814815,1.0,0.9734519710155726,0.025617437107197882,5.377263400715876,8.401352470218217,2.6419729899560354,0.0,0.022418918864214186,0.0,18.811088600486165,False
64,0.03,ercb_beta_0p03,3,0.3826893153943168,22.00769225909809,0.8270092316779328,0.14065903037702598,0.6055903687038198,0.647261079532823,0.9814814814814815,1.0,0.9523461290619013,0.046313190073019025,8.58186983270008,13.57784935933096,3.395845241343414,0.0,0.022418918864214186,0.0,14.065903037702599,False
64,0.05,ercb_beta_0p05,3,0.26665386758982634,15.334727209638576,0.8804216719079219,0.0788198717719534,0.7147485882198437,0.7632017916709963,0.9814814814814815,1.0,0.9033923836315578,0.09554604048635199,14.043609991895535,23.37517161601252,4.449971074885074,0.0,0.022418918864214186,0.0,7.88198717719534,False
64,0.075,ercb_beta_0p075,3,0.1849430277370343,10.635701275612195,0.9068538347883532,0.040759185738789505,0.8001246566426546,0.849959781618587,0.9814814814814815,1.0,0.8324062869942873,0.16442377772413416,19.299651844373805,32.453728711015806,5.252954892966313,0.0,0.022418918864214186,0.0,10.817909570338601,False
64,0.1,ercb_beta_0p1,3,0.13937125541748316,8.014960375446316,0.9185973422170072,0.02349553416112443,0.8520334146380346,0.8875761991442432,0.9814814814814815,1.0,0.7666508084471306,0.2313622357556236,22.606459843574335,37.91890224014936,5.684710862430471,0.0,0.022418918864214186,0.0,12.639634080049786,False
64,0.15,ercb_beta_0p15,3,0.09353412026151588,5.3789589926750345,0.9266946003566643,0.010768710376420243,0.9090352727048954,0.9390795757133082,0.9814814814814815,1.0,0.6616130331492053,0.3372358900442366,26.30168598101759,44.68604984982845,6.132710717404484,0.0,0.022418918864214186,0.0,14.895349949942817,False
64,0.2,ercb_beta_0p2,3,0.0697805337952883,4.01293804573543,0.9296980460084552,0.006130228541634697,0.9339315743113389,0.9633434038267875,0.9814814814814815,1.0,0.5874373509202744,0.4106138153565276,28.45100340855867,48.262932091592795,6.323421773055057,0.0,0.022418918864214186,0.0,16.08764403053093,False
64,0.3,ercb_beta_0p3,3,0.04338018545835147,2.4947071509595093,0.9318578917885885,0.00246684735828831,0.9553061565468957,0.9918351477449455,0.9814814814814815,1.0,0.4896038428021243,0.5086384980261358,30.442814571617486,51.97577274270455,6.541985038764234,0.0,0.022418918864214186,0.0,17.325257580901518,False
64,0.5,ercb_beta_0p5,3,0.02517396264122374,1.447703921859512,0.9327285711938764,0.0008658228650234578,0.9778630756732529,0.9996051974732638,0.9814814814814815,1.0,0.3822297214624171,0.615973908006072,32.07210297157958,54.8736950688949,6.692639714481016,0.0,0.022418918864214186,0.0,18.291231689631633,False
64,1.0,ercb_beta_1,3,0.011826584774998077,0.6675692173374085,0.933195514210401,0.0001917353096755059,0.9911270954702176,1.0062390478971963,0.9814814814814815,1.0,0.26432091905357874,0.7334204615242501,33.13106033895513,56.87724010606608,6.790336914487533,0.0,0.022418918864214186,0.0,18.95908003535536,False
64,inf,ercb_beta_inf,3,0.0,0.0,0.9333316049414724,0.0,0.9951520041060307,1.0077881619937694,0.9814814814814815,1.0,0.13176104709636302,0.868238952903637,33.57223467635467,57.784837962466966,6.838233691204194,0.0,0.022418918864214186,0.0,19.261612654155655,False
96,0.0,ercb_beta_0,3,0.7068272540279197,58.0953907420208,0.6277024552395507,0.3286164056954295,0.27603742197508774,0.39760096941931267,0.9864864864864865,0.9908847184986596,0.9999999999999999,1.6255203722049347e-16,1.105581460500023,1.194004713565624,1.0589214638573106,0.0,0.01431252073427794,0.0,32.86164056954295,False
96,0.0025,ercb_beta_0p0025,3,0.6333436358580522,52.05564130340154,0.6700867637713273,0.28623209716365294,0.3331521504099614,0.4373045645846444,0.9864864864864865,0.9908847184986596,0.9985420318980387,0.0012653920474938424,1.2432089654220444,1.4812099625558717,1.1242711339806004,0.0,0.01431252073427794,0.0,28.623209716365295,False
96,0.005,ercb_beta_0p005,3,0.5784631317790665,47.544914940745194,0.7023529200488254,0.25396594088615476,0.37787892603596246,0.46674100103617605,0.9864864864864865,0.9908847184986596,0.9952406700623859,0.004346974093574161,1.727548961666113,2.3785425687927817,1.3644190732342383,0.0,0.01431252073427794,0.0,25.396594088615476,False
96,0.0075,ercb_beta_0p0075,3,0.5254036440562224,43.18386115530595,0.7328603105074625,0.22345855042751775,0.43574982127335143,0.49842601534417086,0.9864864864864865,0.9908847184986596,0.9905132614815139,0.008818054696816279,2.377647001819066,3.7605715714984345,1.6726516862413492,0.0,0.01431252073427794,0.0,22.345855042751776,False
96,0.01,ercb_beta_0p01,3,0.48329287049008207,39.72270168411633,0.7581605205814553,0.19815834035352486,0.4727566950825499,0.5227948419450166,0.9864864864864865,0.9908847184986596,0.9854942620017968,0.013973257851166314,3.025322347614664,5.200885804785257,1.967564551518237,0.0,0.01431252073427794,0.0,19.815834035352488,False
96,0.0125,ercb_beta_0p0125,3,0.44786175288092783,36.810555031309136,0.7789308085555645,0.17738805237941566,0.5160771264970714,0.5620980529871334,0.9864864864864865,0.9908847184986596,0.9793693549806097,0.019959083586734403,3.810565636110821,6.787757328308933,2.250652050895245,0.0,0.01431252073427794,0.0,17.738805237941566,False
96,0.015,ercb_beta_0p015,3,0.4128414581619867,33.932174643450956,0.7984832138322417,0.15783564710273848,0.5433007656469824,0.5897842187722547,0.9864864864864865,0.9908847184986596,0.9721327728224052,0.026833591266338535,4.779597194066229,8.747177272627898,2.5552157581716815,0.0,0.01431252073427794,0.0,15.783564710273847,False
96,0.02,ercb_beta_0p02,3,0.3550642281486743,29.183361217699254,0.8309687694168885,0.1253500915180917,0.6004888869338998,0.6498733349395931,0.9864864864864865,0.9908847184986596,0.9575334236289086,0.04125945271001303,6.415283876478091,12.338780033848701,3.0515999903448323,0.0,0.01431252073427794,0.0,12.53500915180917,False
96,0.03,ercb_beta_0p03,3,0.26931804647166524,22.13572984698618,0.8677957636327809,0.07989607499033285,0.6724010489591891,0.7447637144595489,0.9864864864864865,0.9908847184986596,0.924071832374943,0.07426846665148626,9.840869615923305,19.048926844158732,3.843934757209618,0.0,0.01431252073427794,0.0,7.989607499033285,False
96,0.05,ercb_beta_0p05,3,0.17239278805312647,14.1692702509419,0.8966494983433466,0.03479995568333216,0.7690721362056467,0.836931581254611,0.9864864864864865,0.9908847184986596,0.849533449990181,0.14913594967505273,14.63509085811985,28.665413937301913,4.735581544170032,0.0,0.01431252073427794,0.0,9.555137979100637,False
96,0.075,ercb_beta_0p075,3,0.11708741324889635,9.623623006758605,0.9078057867427001,0.016256032011050303,0.8456776199475705,0.9002130140526765,0.9864864864864865,0.9908847184986596,0.7615710489924506,0.23668797951012044,18.382992734796744,35.838834523691034,5.26168696585787,0.0,0.01431252073427794,0.0,11.946278174563679,False
96,0.1,ercb_beta_0p1,3,0.08576771789394612,7.0494014707352965,0.9121212280512843,0.008483189925292539,0.878973392236017,0.9430843646902285,0.9864864864864865,0.9908847184986596,0.6929795202937248,0.3056023982539364,20.36234212613249,39.57834498313061,5.5096055561784665,0.0,0.01431252073427794,0.0,13.192781661043538,False
96,0.15,ercb_beta_0p15,3,0.05653885487339783,4.647029167676534,0.9145105387804099,0.003598040027785465,0.9242699693216679,0.9709053521390929,0.9864864864864865,0.9908847184986596,0.5967476024232611,0.40146600021509715,22.51888343070307,43.58050702965005,5.754931977097816,0.0,0.01431252073427794,0.0,14.526835676550016,False
96,0.2,ercb_beta_0p2,3,0.042028409774701105,3.4543898444959806,0.9157733955328179,0.001999592255096494,0.9435809872841356,0.9886836486825049,0.9864864864864865,0.9908847184986596,0.5324655548004661,0.4654048761017936,23.662072159842552,45.651555433515924,5.867767457732153,0.0,0.01431252073427794,0.0,15.217185144505308,False
96,0.3,ercb_beta_0p3,3,0.02715568107557797,2.2319737870338057,0.9165130454253481,0.0008424345364066999,0.9725957157168021,0.997250273127233,0.9864864864864865,0.9908847184986596,0.4509633623537502,0.547382552201935,24.755639286277766,47.71699329848531,5.974687680550941,0.0,0.01431252073427794,0.0,15.905664432828438,False
96,0.5,ercb_beta_0p5,3,0.015963168010824764,1.3120412063691584,0.916798265811706,0.0002876693346984538,0.9823494547178757,1.00415113573823,0.9864864864864865,0.9908847184986596,0.3613733866646347,0.6368194649311302,25.524219852918222,49.16734484440434,6.051319376222152,0.0,0.01431252073427794,0.0,16.38911494813478,False
96,1.0,ercb_beta_1,3,0.009116065928937274,0.749265692789365,0.9169541148010251,8.931647703663836e-05,0.9935925830016901,1.0045587754383316,0.9864864864864865,0.9908847184986596,0.2648583219575763,0.7333683292829264,26.011658977513164,50.02769879906142,6.091784049705623,0.0,0.01431252073427794,0.0,16.67589959968714,False
96,inf,ercb_beta_inf,3,0.0,0.0,0.91703315726976,0.0,0.9965943422136776,1.004554081665598,0.9864864864864865,0.9908847184986596,0.17288854805651493,0.8271114519434851,26.12843930169725,50.21143086751927,6.106311112556951,0.0,0.01431252073427794,0.0,16.737143622506423,False
128,0.0,ercb_beta_0,3,0.6477416384811272,67.78691565500168,0.6533433209806356,0.29348610496299565,0.2995810775760995,0.42057560258837495,0.9761904761904763,1.0,1.0,0.0,1.0657458070553747,1.1746096905389782,1.0524182258678594,0.0,0.05341246567453249,0.0,29.348610496299564,False
128,0.0025,ercb_beta_0p0025,3,0.5665076737105411,59.285686783661276,0.7001212179126036,0.2467082080310277,0.3673847533641538,0.46027585970367657,0.9761904761904763,1.0,0.9979379118917527,0.0017619844509844298,1.340189693160549,1.6653542641963157,1.1638455429176418,0.0,0.05341246567453249,0.0,24.670820803102767,False
128,0.005,ercb_beta_0p005,3,0.5047578614717981,52.82349713076957,0.7362198326868512,0.21060959325678014,0.4248321433136163,0.5078240634775311,0.9761904761904763,1.0,0.993578109049025,0.006123287280448863,1.965221262247867,2.862648493646889,1.4765546251338584,0.0,0.05341246567453249,0.0,21.060959325678013,False
128,0.0075,ercb_beta_0p0075,3,0.44919377643306735,47.00865102206519,0.7671079306232149,0.17972149532041637,0.4779441736818786,0.5453739052941953,0.9761904761904763,1.0,0.9872880278478071,0.012035149345964394,2.9125557366797485,4.710865097631281,1.8343765484958416,0.0,0.05341246567453249,0.0,17.972149532041637,False
128,0.01,ercb_beta_0p01,3,0.4048560541349538,42.36865682807656,0.7930711474752656,0.1537582784683657,0.5181857081728711,0.5664393924093397,0.9761904761904763,1.0,0.9795608621712182,0.01939935782583896,3.956677321867598,6.694523518792425,2.1950558248599483,0.0,0.05341246567453249,0.0,15.37582784683657,False
128,0.0125,ercb_beta_0p0125,3,0.36656788353387404,38.361755253544956,0.8132180642370743,0.13361136170655696,0.5467912701763502,0.6071922061791647,0.9761904761904763,1.0,0.9712620470213857,0.02766963243346058,5.101965353013151,8.816243827312922,2.5231929734730656,0.0,0.05341246567453249,0.0,13.361136170655696,False
128,0.015,ercb_beta_0p015,3,0.3281727591332922,34.34366083953058,0.8337732451219982,0.11305618082163302,0.56379319577324,0.6446704970350602,0.9761904761904763,1.0,0.9622168221528694,0.036754626848569366,6.206864857449205,10.877590984287087,2.812277195763997,0.0,0.05341246567453249,0.0,11.305618082163301,False
128,0.02,ercb_beta_0p02,3,0.2739438283946261,28.668540180832963,0.8632255858453501,0.08360384009828117,0.6081975607922727,0.70619185132799,0.9761904761904763,1.0,0.9418471983185108,0.05655679541892772,8.71228932483184,15.386762406668375,3.330104236360632,0.0,0.05341246567453249,0.0,8.360384009828117,False
128,0.03,ercb_beta_0p03,3,0.1956111513645068,20.4709344451228,0.8873282434594836,0.045898116372090764,0.6985059912027909,0.797016575764793,0.9761904761904763,1.0,0.898646529979663,0.10027426969063039,12.446731750261645,22.03692120756773,4.035145254089696,0.0,0.05341246567453249,0.0,7.3456404025225766,False
128,0.05,ercb_beta_0p05,3,0.11852000695108646,12.403256541392768,0.9040396562609925,0.017091347671203683,0.794069306037787,0.88579825528853,0.9761904761904763,1.0,0.8082641581396485,0.19005313952377884,17.4986433242535,30.256147137941838,4.735806613171887,0.0,0.05341246567453249,0.0,10.085382379313947,False
128,0.075,ercb_beta_0p075,3,0.07932224322542678,8.301164988707452,0.9093664306840947,0.007268296781873712,0.8411958242628141,0.9350347302152873,0.9761904761904763,1.0,0.7196914281156982,0.2790479704089953,20.565203212232614,35.32331397203326,5.087553321390769,0.0,0.05341246567453249,0.0,11.774437990677754,False
128,0.1,ercb_beta_0p1,3,0.058516414303425746,6.1238107991957165,0.9112983977655013,0.003992179526106421,0.8838304552590267,0.9603273809523809,0.9761904761904763,1.0,0.6564891209293708,0.3420821953669674,22.146992728971952,37.789480895414265,5.247172432033283,0.0,0.05341246567453249,0.0,12.596493631804755,False
128,0.15,ercb_beta_0p15,3,0.038269010493281935,4.004896446971365,0.9127329208872158,0.001595894954230015,0.9203914038241543,0.9851845571762126,0.9761904761904763,1.0,0.5702746736744978,0.42819897321219236,23.92956896002576,40.61988520832253,5.405797247436197,0.0,0.05341246567453249,0.0,13.539961736107509,False
128,0.2,ercb_beta_0p2,3,0.028039200509139224,2.934334937002942,0.9131121311725329,0.000838290413631787,0.9375511620013576,0.9969385801793917,0.9761904761904763,1.0,0.5134830799037269,0.4847700007073165,24.742741736986396,41.90452883694258,5.475495451254634,0.0,0.05341246567453249,0.0,13.968176278980861,False
128,0.3,ercb_beta_0p3,3,0.01876726913759469,1.964016537655258,0.913356074401469,0.00036155516105101926,0.9585511077926432,1.0011632501362162,0.9761904761904763,1.0,0.44181706903844065,0.5564972374236589,25.517780320643745,43.027895183234214,5.536016505659595,0.0,0.05341246567453249,0.0,14.342631727744738,False
128,0.5,ercb_beta_0p5,3,0.012056797146099113,1.2617578408708374,0.913527816810515,0.00014013539845209033,0.9685425685425686,1.004081528995182,0.9761904761904763,1.0,0.3630613651073754,0.6358816511346395,26.1177876712706,43.90824463538319,5.577657204436099,0.0,0.05341246567453249,0.0,14.63608154512773,False
128,1.0,ercb_beta_1,3,0.007571877794400365,0.7924058156930615,0.9136082867926045,5.13957384665753e-05,0.977689200463971,1.0040828877539711,0.9761904761904763,1.0,0.2852115403547408,0.7136798409525815,26.32442972522408,44.15800042312213,5.595303961508272,0.0,0.05341246567453249,0.0,14.719333474374045,False
128,inf,ercb_beta_inf,3,0.0,0.0,0.9136553095251002,0.0,0.984,1.0023328163405985,0.9761904761904763,1.0,0.20970991078013926,0.7902900892198608,26.395666603384196,44.215776613715576,5.601930918587354,0.0,0.05341246567453249,0.0,14.738592204571859,False
192,0.0,ercb_beta_0,3,0.5474482736044372,78.83255139903895,0.6941997213480564,0.23824481582921245,0.3336216714266219,0.44093684456215543,0.8362831858407079,1.0,1.0,0.0,1.0766099315445503,1.1767827073166275,1.039838095512568,0.0,0.026923069547702714,0.0,23.824481582921244,False
192,0.0025,ercb_beta_0p0025,3,0.45878637790933813,66.06523841894469,0.7443254978935626,0.1881190392837062,0.42166510305198046,0.47915513150088984,0.8362831858407079,1.0,0.9969061864473076,0.00270354170905995,1.5465676659835883,1.9854283002331272,1.2367434999998577,0.0,0.026923069547702714,0.0,18.811903928370622,False
192,0.005,ercb_beta_0p005,3,0.39143992410352263,56.36734907090726,0.7813064003763807,0.15113813680088817,0.4768763426423201,0.5286883423573399,0.8362831858407079,1.0,0.990136460344615,0.009221237469111195,2.597762270741687,3.8575772237102983,1.629303437134296,0.0,0.026923069547702714,0.0,15.113813680088816,False
192,0.0075,ercb_beta_0p0075,3,0.33303719282901934,47.957355767378786,0.8138961709675367,0.11854836620973214,0.5088768481182796,0.5861081823581824,0.8362831858407079,1.0,0.98152563482481,0.018072474191866195,3.868960269801777,6.026170021955381,2.01430630564933,0.0,0.026923069547702714,0.0,11.854836620973213,False
192,0.01,ercb_beta_0p01,3,0.2851589481498552,41.06288853357915,0.839183895267868,0.09326064190940084,0.5413745019920319,0.6388950106861702,0.8362831858407079,1.0,0.9695511912717641,0.029153958716537087,5.461583078809764,8.783894077172505,2.4296502959598025,0.0,0.026923069547702714,0.0,9.326064190940084,False
192,0.0125,ercb_beta_0p0125,3,0.2463917696501404,35.480414829620216,0.855842360512771,0.07446962293832232,0.579498818554906,0.6889280395702585,0.8362831858407079,1.0,0.9577272486496811,0.041231088092585993,6.867596543809629,11.187793974885537,2.7629967942687834,0.0,0.026923069547702714,0.0,7.446962293832232,False
192,0.015,ercb_beta_0p015,3,0.21433708630689335,30.864540428192644,0.8700759726818569,0.0582204701542951,0.6061949508690068,0.7231634089519443,0.8362831858407079,1.0,0.9444436613423004,0.0542180723466489,8.21581091964272,13.521579686673828,3.0378705813559725,0.0,0.026923069547702714,0.0,5.82204701542951,False
192,0.02,ercb_beta_0p02,3,0.16777428555967844,24.159497120593695,0.8821830258996831,0.03654971106564922,0.6514397539837853,0.7796486911847175,0.8362831858407079,1.0,0.9165082082127713,0.08201550199741742,10.553266239173482,17.37192714146832,3.4751739595555375,0.0,0.026923069547702714,0.0,5.79064238048944,False
192,0.03,ercb_beta_0p03,3,0.11245873039804077,16.194057177317873,0.8926325918596124,0.01638987433687944,0.7125365428873546,0.8597342708428455,0.8362831858407079,1.0,0.8584824995681445,0.1394705882429127,13.837313397103513,22.66849379781106,3.9774680920986327,0.0,0.026923069547702714,0.0,7.556164599270353,False
192,0.05,ercb_beta_0p05,3,0.06604011700422188,9.50977684860795,0.898047656244966,0.0054567836556160265,0.7717708193305551,0.9358572826962949,0.8362831858407079,1.0,0.7644186679571305,0.23380047374414317,16.813686347854222,27.584669599945023,4.3407627943453075,0.0,0.026923069547702714,0.0,9.19488986664834,False
192,0.075,ercb_beta_0p075,3,0.042487271137620256,6.1181670438173175,0.9000200456186312,0.0022126454382476735,0.7935295436850478,0.96760351677065,0.8362831858407079,1.0,0.6851686469332798,0.31298603175795814,18.41242810274598,30.373482907508006,4.514986095865638,0.0,0.026923069547702714,0.0,10.124494302502669,False
192,0.1,ercb_beta_0p1,3,0.03142387685785057,4.5250382675304825,0.9005710984764541,0.001153982952530913,0.8091798596515019,0.9799232736572892,0.8362831858407079,1.0,0.6295779015567666,0.3684068213075642,19.152998618516087,31.52937960113919,4.600861399215018,0.0,0.026923069547702714,0.0,10.50979320037973,False
192,0.15,ercb_beta_0p15,3,0.019407126226406335,2.7946261766025122,0.90105391774174,0.00046837016620293603,0.8212338532910557,0.9964078785717116,0.8362831858407079,1.0,0.558764683900653,0.44001637538164595,19.943737475259326,32.876099036790976,4.667392352522161,0.0,0.026923069547702714,0.0,10.958699678930325,False
192,0.2,ercb_beta_0p2,3,0.015701073891770213,2.2609546404149103,0.9011839416698468,0.0002736702156914128,0.8311295052666285,1.0005154639175258,0.8362831858407079,1.0,0.5115596135128083,0.4869914072182868,20.27469642076283,33.40811086452214,4.696370596294,0.0,0.026923069547702714,0.0,11.136036954840714,False
192,0.3,ercb_beta_0p3,3,0.010499023153525456,1.4710521625441457,0.9013040517672996,0.00015356011823874915,0.8345008927756852,1.0041676717899235,0.8362831858407079,1.0,0.4528532974217371,0.5457045738567706,20.521031513840107,33.7772504830635,4.726635331851611,0.0,0.026923069547702714,0.0,11.259083494354499,False
192,0.5,ercb_beta_0p5,3,0.007540892157728601,0.9570720747546453,0.9013794036037731,7.820828176516303e-05,0.8356682717334721,1.004361665811805,0.8362831858407079,1.0,0.3913345901599763,0.6072467898990568,20.693974105263386,34.04263338240973,4.740475937073566,0.0,0.026923069547702714,0.0,11.347544460803244,False
192,1.0,ercb_beta_1,3,0.0045852937990379485,0.6602823070614646,0.9014377029925027,2.113205440576471e-05,0.8387573964497042,1.0032253028276201,0.8362831858407079,1.0,0.34063661898907577,0.6586456074819689,20.73680912606823,34.05524717468538,4.7440046861446366,0.0,0.026923069547702714,0.0,11.351749058228458,False
192,inf,ercb_beta_inf,3,0.0,0.0,0.9014576118855383,0.0,0.8409347181008902,1.0017067005974314,0.8362831858407079,1.0,0.2726157925366247,0.7273842074633754,20.734015684036095,34.04980051036176,4.746061959637874,0.0,0.026923069547702714,0.0,11.34993350345392,False
256,0.0,ercb_beta_0,3,0.4714856509035166,83.2033501594441,0.7216958090326692,0.19658539438369063,0.34504706978374616,0.4393779342723005,0.71875,0.995049504950495,1.0,0.0,1.080247298159461,1.1605161704385647,1.0541602248414819,0.0,0.02615040108449369,0.0,19.65853943836906,False
256,0.0025,ercb_beta_0p0025,3,0.38266705950892754,67.52948108981074,0.7713914912802473,0.14688971213611252,0.43712121212121213,0.48737423670645963,0.71875,0.995049504950495,0.9963152620529103,0.003383083550507526,1.6246072332722918,2.0354649741761994,1.2405502131741972,0.0,0.02615040108449369,0.0,14.688971213611252,False
256,0.005,ercb_beta_0p005,3,0.30809849782289733,54.37032314521717,0.809127055073207,0.10915414834315279,0.47343478999498245,0.5536832484208982,0.71875,0.995049504950495,0.9876384265156278,0.011754489446114909,3.1009948358866235,4.481016991155259,1.7033829490665655,0.0,0.02615040108449369,0.0,10.915414834315278,False
256,0.0075,ercb_beta_0p0075,3,0.25188718044966696,44.4506789028824,0.8389432576010206,0.07933794581533915,0.5129310344827587,0.6238718775181306,0.71875,0.995049504950495,0.9757885492130107,0.023318825242081443,4.532091238753465,6.858490783639479,2.129470508704998,0.0,0.02615040108449369,0.0,7.933794581533915,False
256,0.01,ercb_beta_0p01,3,0.2104376648113217,37.136058496115595,0.8595071639123733,0.058774039503986575,0.5322050899202562,0.6882530563635654,0.71875,0.995049504950495,0.9618621181567361,0.036834154732867816,6.24419390814027,9.71567548096311,2.521742689866709,0.0,0.02615040108449369,0.0,5.877403950398658,False
256,0.0125,ercb_beta_0p0125,3,0.17368361849701264,30.65005032300223,0.8767787110980625,0.041502492318297335,0.5701129380501577,0.7270010257135782,0.71875,0.995049504950495,0.9467262208743782,0.05171726104344433,7.539971913568566,11.843684315496835,2.8013790430197214,0.0,0.02615040108449369,0.0,4.150249231829734,False
256,0.015,ercb_beta_0p015,3,0.1476187436798461,26.050366531737545,0.8878554118219694,0.030186979625079713,0.585300723321333,0.7602966120444254,0.71875,0.995049504950495,0.9314077017129697,0.06745902945814441,8.777394274111487,13.860902761092218,3.0226754546599617,0.0,0.02615040108449369,0.0,4.620300920364072,False
256,0.02,ercb_beta_0p02,3,0.11240972762927304,19.837010758107006,0.8965819149941376,0.01737493859316619,0.6271024293242601,0.8203684492673473,0.71875,0.995049504950495,0.8992760565550385,0.09960558376067118,10.564579997273302,16.812731777140414,3.3378648619445017,0.0,0.02615040108449369,0.0,5.6042439257134715,False
256,0.03,ercb_beta_0p03,3,0.07386516259266203,13.03502869282271,0.9015597747637437,0.007504693881909386,0.6600872410032715,0.8787347892766493,0.71875,0.995049504950495,0.8378188028204135,0.15962385208001764,12.706198637590635,20.373782992249723,3.6507474520121836,0.0,0.02615040108449369,0.0,6.7912609974165745,False
256,0.05,ercb_beta_0p05,3,0.04270410189418482,7.536017981326733,0.9046687141040131,0.002452430916695364,0.6921971441731921,0.9420553935860059,0.71875,0.995049504950495,0.749146102558855,0.24929973785574294,14.667452120368939,23.485486870050654,3.888791784468915,0.0,0.02615040108449369,0.0,7.828495623350218,False
256,0.075,ercb_beta_0p075,3,0.026301080588619147,4.641367162697497,0.9055805274280411,0.0009349424110926263,0.7050450397060566,0.9733640113079816,0.71875,0.995049504950495,0.6781642600103894,0.3201328009200083,15.707573303807996,25.17443531430644,3.995127742059144,0.0,0.02615040108449369,0.0,8.391478438102146,False
256,0.1,ercb_beta_0p1,3,0.019167134209782558,3.382435448785157,0.9058725452634929,0.00047334465229756373,0.7103722359161219,0.9860895504197275,0.71875,0.995049504950495,0.6311157545990899,0.36793673152623896,16.14068033091048,25.901942605838546,4.035238217580543,0.0,0.02615040108449369,0.0,8.633980868612849,False
256,0.15,ercb_beta_0p15,3,0.012360330811826104,2.176069604942586,0.9060637751981686,0.00026785758847897023,0.7136756000819802,0.9959169420489622,0.71875,0.995049504950495,0.5679038697258437,0.43035125724909223,16.432450730646632,26.314882184969115,4.069846701046653,0.0,0.02615040108449369,0.0,8.771627394989705,False
256,0.2,ercb_beta_0p2,3,0.010810702086591111,1.6404299897769588,0.9061572250799398,0.00017440770670770767,0.7135642562522339,1.0013727418933676,0.71875,0.995049504950495,0.5279635625772301,0.47051204364797294,16.61314563483925,26.609068808461924,4.084849886537256,0.0,0.02615040108449369,0.0,8.86968960282064,False
256,0.3,ercb_beta_0p3,3,0.00798530249090435,1.169414259949702,0.9062287366851232,0.00010289610152430795,0.715954606141522,1.0018623362246688,0.71875,0.995049504950495,0.4779982909232399,0.5209535410196021,16.729965640560955,26.837298936831118,4.094969728651154,0.0,0.02615040108449369,0.0,8.945766312277039,False
256,0.5,ercb_beta_0p5,3,0.005893795734894502,0.7604661658937184,0.9062782996681608,5.33331184867647e-05,0.7170706734956802,1.0023581829769033,0.71875,0.995049504950495,0.4297681053063219,0.5691215647506283,16.730971768455674,26.789543608121654,4.099421841414268,0.0,0.02615040108449369,0.0,8.929847869373885,False
256,1.0,ercb_beta_1,3,0.003599192070388593,0.514240159359711,0.906306534016957,2.5098769690479195e-05,0.71875,1.002606752730884,0.71875,0.995049504950495,0.3958915701320246,0.6036262288352126,16.767149947282785,26.861231980395292,4.105592620617593,0.0,0.02615040108449369,0.0,8.953743993465098,False
256,inf,ercb_beta_inf,3,0.0,0.0,0.9063316327866475,0.0,0.7207210521926404,1.0009910802775024,0.71875,0.995049504950495,0.3239659575564711,0.6760340424435289,16.763912169385307,26.841825242604227,4.105291266781269,0.0,0.02615040108449369,0.0,8.947275080868076,False
384,0.0,ercb_beta_0,3,0.35767379677780975,82.54010694872534,0.7700487243836325,0.14263897322170477,0.3856125512171142,0.49310147405089827,0.6689419795221843,0.9845415778251598,1.0,0.0,1.1064077567844468,1.2115102607824588,1.058607133071313,0.0,0.05927321156700938,0.0,14.263897322170477,False
384,0.0025,ercb_beta_0p0025,3,0.26732246037855373,61.689798548897016,0.818797575841282,0.09389012176405537,0.47597353715107293,0.5297560354536996,0.6689419795221843,0.9845415778251598,0.995065808707653,0.004470804786639863,1.506126885422103,2.1836558943030426,1.2727445631005598,0.0,0.05927321156700938,0.0,9.389012176405537,False
384,0.005,ercb_beta_0p005,3,0.20085737378856663,46.35170164351538,0.8519222376333706,0.06076545997196675,0.52553873431533,0.6097073633565431,0.6689419795221843,0.9845415778251598,0.9841819953926471,0.01496160977284685,2.5213618456094755,4.44574029048062,1.7201690132264906,0.0,0.05927321156700938,0.0,6.076545997196675,False
384,0.0075,ercb_beta_0p0075,3,0.15703729594681817,36.23937598772727,0.8714460225084163,0.0393349766843559,0.5491194640564827,0.6772512057604783,0.6689419795221843,0.9845415778251598,0.9693067986913771,0.02934045993887769,3.541806135776537,6.713137535965572,2.1011006641601786,0.0,0.05927321156700938,0.0,3.93349766843559,False
384,0.01,ercb_beta_0p01,3,0.12117697927170892,27.96391829347129,0.882935500280846,0.023077735973374897,0.5767159576573541,0.7386314488500322,0.6689419795221843,0.9845415778251598,0.951678976203938,0.046588233313402005,4.604601993709981,9.08986162941543,2.402264477222199,0.0,0.05927321156700938,0.0,3.02995387647181,False
384,0.0125,ercb_beta_0p0125,3,0.09766873528466663,22.538938911846145,0.8883789844037585,0.01502324311452416,0.5915047585333641,0.7744567670263006,0.6689419795221843,0.9845415778251598,0.9339747118123276,0.06389161344115385,5.145230286102542,10.263338796377619,2.583089081639001,0.0,0.05927321156700938,0.0,3.421112932125873,False
384,0.015,ercb_beta_0p015,3,0.08151116004060183,18.810267701677343,0.89243081256438,0.010155984052743844,0.610375734307276,0.8015262432325203,0.6689419795221843,0.9845415778251598,0.9171262423908577,0.08133829062273994,5.716369955040487,11.441591606004218,2.716815422288935,0.0,0.05927321156700938,0.0,3.8138638686680726,False
384,0.02,ercb_beta_0p02,3,0.060084314976734624,13.865611148477221,0.8958479119895011,0.005464499206840279,0.6327383696092099,0.8449545164379189,0.6689419795221843,0.9845415778251598,0.8836961747475833,0.1151909135925179,6.327560304794821,12.820778857764786,2.867374099227476,0.0,0.05927321156700938,0.0,4.273592952588262,False
384,0.03,ercb_beta_0p03,3,0.038995796905337915,8.99903005507798,0.8984508787462235,0.002211957648964119,0.648235644237855,0.895847078049814,0.6689419795221843,0.9845415778251598,0.8261666577306829,0.1726535529668995,7.153053200587411,14.468044967417423,3.0302407828174345,0.0,0.05927321156700938,0.0,4.822681655805808,False
384,0.05,ercb_beta_0p05,3,0.022852455445517075,5.052286376098818,0.8994763758011843,0.0008206329291990944,0.6571307915057916,0.9435922920212036,0.6689419795221843,0.9845415778251598,0.7492132852060468,0.24961120522908267,7.767619406987013,15.773182022258261,3.1355108551894295,0.0,0.05927321156700938,0.0,5.257727340752754,False
384,0.075,ercb_beta_0p075,3,0.0177852480019108,3.0513239022410636,0.8997888562851858,0.0004281502337490084,0.6593790251508372,0.9648914682784144,0.6689419795221843,0.9845415778251598,0.6907380565009289,0.3075775519695191,7.968105596182939,16.224150218981563,3.175890887201392,0.0,0.05927321156700938,0.0,5.408050072993855,False
384,0.1,ercb_beta_0p1,3,0.014178520536004185,2.3502915094800803,0.8998832626437535,0.00024115943898489478,0.66553480475382,0.9737339515791008,0.6689419795221843,0.9845415778251598,0.6514929325785754,0.3465811438640283,8.080142180487714,16.411860086834583,3.1946688905589524,0.0,0.05927321156700938,0.0,5.470620028944861,False
384,0.15,ercb_beta_0p15,3,0.011925222682451452,1.592721957998026,0.8999477467990195,0.0001721908247954429,0.6658206429780034,0.9822375913058972,0.6689419795221843,0.9845415778251598,0.6023918029382094,0.39648838410376147,8.169802629315331,16.553116142102528,3.203179750965733,0.0,0.05927321156700938,0.0,5.517705380700843,False
384,0.2,ercb_beta_0p2,3,0.009548641523683619,1.440831618931909,0.8999636920902159,9.934867659883162e-05,0.666383701188455,0.9863769033864531,0.6689419795221843,0.9845415778251598,0.5710368668531289,0.42711318346143035,8.15451199776312,16.570646636602294,3.2116405587356245,0.0,0.05927321156700938,0.0,5.523548878867431,False
384,0.3,ercb_beta_0p3,3,0.007491102962474543,0.9668283157546885,0.8999888514031726,6.623486285850522e-05,0.6666666666666666,0.9879830928575226,0.6689419795221843,0.9845415778251598,0.5360408919125688,0.46270952707924495,8.174908525585948,16.598432820212953,3.216830284582935,0.0,0.05927321156700938,0.0,5.532810940070984,False
384,0.5,ercb_beta_0p5,3,0.005826186097649511,0.74376843799781,0.9000005456257494,3.587838559385159e-05,0.6689419795221843,0.9898438594134511,0.6689419795221843,0.9845415778251598,0.507529404101249,0.49161551993021557,8.187587209178092,16.566193686647136,3.2192252268290185,0.0,0.05927321156700938,0.0,5.522064562215712,False
384,1.0,ercb_beta_1,3,0.004570436400267362,0.5834599659915782,0.9000099366723118,1.8215541885413522e-05,0.6689419795221843,0.9889217208179477,0.6689419795221843,0.9845415778251598,0.4854017543855532,0.5139037741471404,8.18218273939922,16.579852773582243,3.2164905061330598,0.0,0.05927321156700938,0.0,5.526617591194081,False
384,inf,ercb_beta_inf,3,0.0,0.0,0.9000157840268124,0.0,0.67008547008547,0.9883908169827326,0.6689419795221843,0.9845415778251598,0.40436169750679196,0.595638302493208,8.18128331128671,16.563314881900514,3.2152152339150932,0.0,0.05927321156700938,0.0,5.5211049606335045,False
512,0.0,ercb_beta_0,3,0.27696396112679933,74.4082283624237,0.7967503825201131,0.10299782294458756,0.3922217592504909,0.512214719052434,0.6369426751592356,0.8851599370739381,1.0,0.0,1.1252641506774843,1.278791295293622,1.0636936377741664,0.0,0.10188534162169868,0.0,10.299782294458756,False
512,0.0025,ercb_beta_0p0025,3,0.19806844871318383,53.212419057273266,0.8370807622243474,0.06266744324035337,0.4741874414829281,0.537109375,0.6369426751592356,0.8851599370739381,0.9947195872799935,0.0048834468972085,1.5683348445946041,2.043395559638678,1.243111110910722,0.0,0.10188534162169868,0.0,6.266744324035336,False
512,0.005,ercb_beta_0p005,3,0.14041690561153664,37.7239447911591,0.8650877218539149,0.03466048361078575,0.5344234385684978,0.6264864959149519,0.6369426751592356,0.8851599370739381,0.9821154590263801,0.016961943536551186,2.6008706110866293,3.918628602525508,1.6649175117137938,0.0,0.10188534162169868,0.0,3.466048361078575,False
512,0.0075,ercb_beta_0p0075,3,0.10484559755100685,28.167473968927215,0.8808082830437052,0.018939922420995514,0.5557036501643552,0.6955954765481556,0.6369426751592356,0.8851599370739381,0.9661087162889872,0.03296690340074784,3.4775154014248306,5.44625833759912,1.9562056333215108,0.0,0.10188534162169868,0.0,1.8939922420995514,False
512,0.01,ercb_beta_0p01,3,0.07869615214833979,21.142249830897256,0.8892415514718232,0.010506653992877563,0.5699421986096034,0.7350173590826393,0.6369426751592356,0.8851599370739381,0.9483063279490176,0.05056485069352376,4.239009414248162,6.791255845493251,2.143714660024766,0.0,0.10188534162169868,0.0,2.26375194849775,False
512,0.0125,ercb_beta_0p0125,3,0.06316154614389591,16.96877359089741,0.8930822080190801,0.0066659974456205195,0.5905354689952904,0.7667847562912504,0.6369426751592356,0.8851599370739381,0.9300588133064802,0.06831802030555588,4.694639003179233,7.592766483198503,2.2688167147110603,0.0,0.10188534162169868,0.0,2.5309221610661674,False
512,0.015,ercb_beta_0p015,3,0.0526930733528137,14.156348064935024,0.8954304469649799,0.00431775849972077,0.604466222186521,0.7912838421279869,0.6369426751592356,0.8851599370739381,0.9125167467250617,0.0858946234074074,5.032917750254843,8.138428854601194,2.3326626409564133,0.0,0.10188534162169868,0.0,2.712809618200398,False
512,0.02,ercb_beta_0p02,3,0.03888374904682911,10.446380340939164,0.8974542420977609,0.0022939633669397386,0.6154027014119348,0.8217588534655558,0.6369426751592356,0.8851599370739381,0.8800318762186711,0.11879744625063014,5.464361813874181,8.880070490551738,2.4300219998387744,0.0,0.10188534162169868,0.0,2.9600234968505794,False
512,0.03,ercb_beta_0p03,3,0.02510473695593663,6.744556197117303,0.8988173060843077,0.0009784070906575792,0.6285040441341367,0.8548303645901114,0.6369426751592356,0.8851599370739381,0.8280326216895016,0.17034762906242917,5.885144023793247,9.605946829865669,2.5204669695484267,0.0,0.10188534162169868,0.0,3.2019822766218895,False
512,0.05,ercb_beta_0p05,3,0.01817261179154832,3.883657444556474,0.899461530142024,0.0004560518958866555,0.630666434834447,0.8733630172865374,0.6369426751592356,0.8851599370739381,0.7611229480877675,0.23750754806036461,6.17434729711223,10.037113501823585,2.576243259927628,0.0,0.10188534162169868,0.0,3.345704500607862,False
512,0.075,ercb_beta_0p075,3,0.014017301943505912,2.7561695189408124,0.8996243419275428,0.0002757577209176465,0.6317659277701122,0.8801736341920693,0.6369426751592356,0.8851599370739381,0.712077342442218,0.2868234522216312,6.280164068233287,10.161743984685994,2.5889885179081427,0.0,0.10188534162169868,0.0,3.3872479948953313,False
512,0.1,ercb_beta_0p1,3,0.011031678027594458,2.0947696058260292,0.8996816664027434,0.00017832813463833364,0.630666434834447,0.8861360042171851,0.6369426751592356,0.8851599370739381,0.6787907276536125,0.31947105839174544,6.27640386190259,10.198577509245165,2.6017376132912986,0.0,0.10188534162169868,0.0,3.399525836415055,False
512,0.15,ercb_beta_0p15,3,0.009203065967067084,1.5787560546017891,0.8997135536981824,0.00010938958715528413,0.6369426751592356,0.8868844629543113,0.6369426751592356,0.8851599370739381,0.6383845116075568,0.3601841140310208,6.332851370971119,10.27945994013806,2.613461970057781,0.0,0.10188534162169868,0.0,3.426486646712687,False
512,0.2,ercb_beta_0p2,3,0.00791859250929457,1.2486181475228189,0.8997274475640775,7.673094679999659e-05,0.6369426751592356,0.888859695656845,0.6369426751592356,0.8851599370739381,0.6151561807798379,0.38380224464370094,6.33063661698198,10.257870869068583,2.611696815471605,0.0,0.10188534162169868,0.0,3.4192902896895276,False
512,0.3,ercb_beta_0p3,3,0.006557438524302001,1.054468104503927,0.899733390252046,5.4438807509799014e-05,0.6366895182931152,0.8880558554171345,0.6369426751592356,0.8851599370739381,0.5899185587759871,0.40928906636549006,6.330061894270191,10.266318405982238,2.608595042613182,0.0,0.10188534162169868,0.0,3.4221061353274127,False
512,0.5,ercb_beta_0p5,3,0.004500625787035599,0.7531030335249471,0.8997404211396062,2.229474954917876e-05,0.6379585326953748,0.8886550940047695,0.6369426751592356,0.8851599370739381,0.5716080656709883,0.42755222114511804,6.343926875693737,10.249638845721318,2.6110132538128954,0.0,0.10188534162169868,0.0,3.416546281907106,False
512,1.0,ercb_beta_1,3,0.0035385398934660106,0.5253303826886504,0.899744522541405,1.6073064130622816e-05,0.63770456831134,0.888435726349013,0.6369426751592356,0.8851599370739381,0.5516231893090375,0.4472333042568976,6.329666486513326,10.24131795054388,2.6094732909150857,0.0,0.10188534162169868,0.0,3.4137726501812935,False
512,inf,ercb_beta_inf,3,0.0,0.0,0.8997482054647007,0.0,0.6369426751592356,0.88801261829653,0.6369426751592356,0.8851599370739381,0.4636569839152337,0.5363430160847662,6.321568592910046,10.220227368481254,2.6141754867693767,0.0,0.10188534162169868,0.0,3.406742456160418,False
768,0.0,ercb_beta_0,3,0.18474258024344403,60.46120807967259,0.8406665895067679,0.06482248526449552,0.40332421256596745,0.48896256221768847,0.5476190476190477,0.7161458333333334,1.0,0.0,1.110543352286196,1.2016812101842078,1.0488693517960028,0.0,0.2014012566940555,0.0,6.482248526449552,False
768,0.0025,ercb_beta_0p0025,3,0.11838129023979936,38.742967714843424,0.8742409437223471,0.031248131048916328,0.4680791130207473,0.5453064320824965,0.5476190476190477,0.7161458333333334,0.9942895722526133,0.0053655135012618625,1.3676235303796307,1.634090622665429,1.2025162513438856,0.0,0.2014012566940555,0.0,3.1248131048916328,False
768,0.005,ercb_beta_0p005,3,0.08035747996991843,26.29881162651876,0.8912127258149534,0.014276348956309998,0.4931973045639148,0.6186911817913213,0.5476190476190477,0.7161458333333334,0.9814663364160587,0.017722187775189333,1.9238412226054626,2.528051485913548,1.4920586179433437,0.0,0.2014012566940555,0.0,1.8248274912933278,False
768,0.0075,ercb_beta_0p0075,3,0.05736860131553448,18.775178612356736,0.8988592780960368,0.006629796675226535,0.5126832508791122,0.6598395010718168,0.5476190476190477,0.7161458333333334,0.9654295154927846,0.03388507662738075,2.350750691264107,3.2607629920880896,1.6527420190600406,0.0,0.2014012566940555,0.0,1.755469870444851,False
768,0.01,ercb_beta_0p01,3,0.04293128799254781,14.050239706652011,0.9018328951055801,0.003656179665683268,0.5286845548460172,0.6870265476599154,0.5476190476190477,0.7161458333333334,0.9479872673604143,0.05096730688187724,2.635944031526747,3.6805909928896945,1.732356908389201,0.0,0.2014012566940555,0.0,1.702338363681025,False
768,0.0125,ercb_beta_0p0125,3,0.035232138988067145,11.530518214276519,0.9033566866578279,0.0021323881134355516,0.5291251003325307,0.7026201451373801,0.5476190476190477,0.7161458333333334,0.9301084877950976,0.06800187492170583,2.7753659620057944,3.9034607470571836,1.782805724115545,0.0,0.2014012566940555,0.0,1.7009210098602232,False
768,0.015,ercb_beta_0p015,3,0.031229696698111042,10.220628010290886,0.9039608614525011,0.0015282133187623226,0.5330409356725146,0.7038225906866628,0.5476190476190477,0.7161458333333334,0.9149246192425737,0.08368879739369661,2.836063354128169,4.0117718936144495,1.8129258519383582,0.0,0.2014012566940555,0.0,1.6884256719692814,False
768,0.02,ercb_beta_0p02,3,0.021566401620004436,7.011495725969743,0.9047282491452545,0.0009495108210265113,0.541873496006789,0.7138627766168792,0.5476190476190477,0.7161458333333334,0.8862965532014033,0.1119198530722795,3.0080400591269187,4.283181040414842,1.8798725206315399,0.0,0.2014012566940555,0.0,1.6609042638777154,False
768,0.03,ercb_beta_0p03,3,0.0184578523402672,4.575236653416604,0.9051683042658037,0.000531862542678424,0.539329307758496,0.7159061718343526,0.5476190476190477,0.7161458333333334,0.8438530576984151,0.15486898702969276,3.1426755115924045,4.486887363878049,1.891064304815053,0.0,0.2014012566940555,0.0,1.6687392786801922,False
768,0.05,ercb_beta_0p05,3,0.015753669938554954,2.9526459371210905,0.9053667500294464,0.0003536646147891398,0.5417091184510514,0.7207443694696467,0.5476190476190477,0.7161458333333334,0.7911019377018007,0.20786515835569316,3.1865511726454265,4.579232039833313,1.9147475725979362,0.0,0.2014012566940555,0.0,1.6614082527786056,False
768,0.075,ercb_beta_0p075,3,0.011683321445547923,2.296201311832487,0.9054246379518222,0.00017588826015235703,0.5454545454545455,0.7186727476136343,0.5476190476190477,0.7161458333333334,0.7522650770974354,0.24618929358064934,3.221292192521686,4.61267048269076,1.9223945442130008,0.0,0.2014012566940555,0.0,1.65,False
768,0.1,ercb_beta_0p1,3,0.008705639526261234,1.8163415780566268,0.9054501053955101,0.0001123804946769058,0.5451855836471222,0.7195185766614338,0.5476190476190477,0.7161458333333334,0.7286200284767987,0.26971014810928545,3.2350730138771406,4.663282988375587,1.917146749575527,0.0,0.2014012566940555,0.0,1.6508140108534777,False
768,0.15,ercb_beta_0p15,3,0.0067850528509793475,1.4202480475560542,0.9054647881057802,7.231749227970541e-05,0.5476190476190477,0.7192363387260279,0.5476190476190477,0.7161458333333334,0.7010307152859984,0.297707849747302,3.2163359526000788,4.605594660969408,1.922268480294731,0.0,0.2014012566940555,0.0,1.643478260869565,False
768,0.2,ercb_beta_0p2,3,0.005933142221166684,1.163829883608261,0.905472025256649,5.2284697132504165e-05,0.5465346534653465,0.7193305165501982,0.5476190476190477,0.7161458333333334,0.6866710067492248,0.31211914825732173,3.239256988989383,4.646389104520184,1.9203385382151055,0.0,0.2014012566940555,0.0,1.646739130434783,False
768,0.3,ercb_beta_0p3,3,0.0055558971918385,0.8547534141289999,0.9054789145751013,4.544402307485318e-05,0.5465346534653465,0.7187663355985363,0.5476190476190477,0.7161458333333334,0.6733913192263217,0.32580524838184377,3.227754382457588,4.616908715934278,1.921020564383111,0.0,0.2014012566940555,0.0,1.646739130434783,False
768,0.5,ercb_beta_0p5,3,0.0038944404818493077,0.6738102113100312,0.9054824636589096,2.0035005319357646e-05,0.5476190476190477,0.7184846873479099,0.5476190476190477,0.7161458333333334,0.6617351293613922,0.3376743434631513,3.2369152589312615,4.6233664066061815,1.9208090614254907,0.0,0.2014012566940555,0.0,1.643478260869565,False
768,1.0,ercb_beta_1,3,0.002297229571793587,0.5552755897668271,0.9054862911334387,7.81863951793138e-06,0.5487077534791253,0.7181094504966838,0.5476190476190477,0.7161458333333334,0.6432685720271982,0.3558219451587933,3.223296255031036,4.610208309395798,1.922837028682432,0.0,0.2014012566940555,0.0,1.6402173913043478,False
768,inf,ercb_beta_inf,3,0.0,0.0,0.9054890747712634,0.0,0.549527535979343,0.7180156657963447,0.5476190476190477,0.7161458333333334,0.546098312594674,0.453901687405326,3.2467664389365742,4.644096576182159,1.9278276959575928,0.0,0.2014012566940555,0.0,1.7396135056456594,False
1024,0.0,ercb_beta_0,3,0.12951056457491203,47.575309435681966,0.8710551978250416,0.043356303358336734,0.4497225377018071,0.5081795547031679,0.5287356321839081,0.6863207547169812,1.0,0.0,1.2785531200674276,1.419188429022571,1.063363096435046,0.0,0.4344803799289817,0.0,4.335630335833673,False
1024,0.0025,ercb_beta_0p0025,3,0.07836272195950034,28.786306025938895,0.8966613191616335,0.01775018202174483,0.4778051743853631,0.5742438778763329,0.5287356321839081,0.6863207547169812,0.9942877544201816,0.005296936439796967,1.2422307073080372,1.3955744338146898,1.1752890282495767,0.0,0.4344803799289817,0.0,1.8836129205962202,False
1024,0.005,ercb_beta_0p005,3,0.05349409671632292,19.650892671302294,0.9071028504430757,0.007308650740302652,0.4921994264598879,0.6320032492937667,0.5287356321839081,0.6863207547169812,0.9820288402575431,0.017040273260293434,1.5288045418721918,1.8569142897190634,1.3365438427997247,0.0,0.4344803799289817,0.0,1.8285271205478457,False
1024,0.0075,ercb_beta_0p0075,3,0.03716037099476132,13.650748528687831,0.9114324247053021,0.00297907647807627,0.5061715008584079,0.6624562696967069,0.5287356321839081,0.6863207547169812,0.9665286767006523,0.03219817848606764,1.7341504149166411,2.2163765352126594,1.4331050568020298,0.0,0.4344803799289817,0.0,1.778053482809097,False
1024,0.01,ercb_beta_0p01,3,0.02790891619489677,10.252254928737589,0.9127540414977455,0.001657459685632745,0.5123466937305239,0.6745756140931272,0.5287356321839081,0.6863207547169812,0.9503097248682026,0.0482437788374061,1.807742720063949,2.3369498420639525,1.473352786687294,0.0,0.4344803799289817,0.0,1.7566230269719822,False
1024,0.0125,ercb_beta_0p0125,3,0.023423831123254496,8.434959862051848,0.9133782087972646,0.001473130663403155,0.5158533210663637,0.6821454902967046,0.5287356321839081,0.6863207547169812,0.9352377985117801,0.06377461453944541,1.9018786293866936,2.5065553220250756,1.5039529594787155,0.0,0.4344803799289817,0.0,1.7446819924305894,False
1024,0.015,ercb_beta_0p015,3,0.02055382847838283,7.550385971650835,0.9136861074505648,0.0008353646046115049,0.5215738229540926,0.6828432719897719,0.5287356321839081,0.6863207547169812,0.9215142604870449,0.07727317138914386,1.946015451904978,2.5435930551641155,1.521252874316906,0.0,0.4344803799289817,0.0,1.7255467210807767,False
1024,0.02,ercb_beta_0p02,3,0.018949586403126994,5.380419339655682,0.914035706452311,0.0006137236871109342,0.5202830188679246,0.6881482417752095,0.5287356321839081,0.6863207547169812,0.8968641893590118,0.10193651902776497,1.9882036389295592,2.6160654126398195,1.5484137651667842,0.0,0.4344803799289817,0.0,1.7298277425203987,False
1024,0.03,ercb_beta_0p03,3,0.01657344600539128,3.853139274887661,0.9142534603266004,0.0004252237677629944,0.5242179398548219,0.6888593439625001,0.5287356321839081,0.6863207547169812,0.8601999501996976,0.13873686733555185,2.048478690886021,2.7454872149338723,1.566699782817546,0.0,0.4344803799289817,0.0,1.7168431897795182,False
1024,0.05,ercb_beta_0p05,3,0.012681360915741218,2.5637955195650908,0.9143543473713663,0.0001739363518400705,0.524229217110573,0.688961412266188,0.5287356321839081,0.6863207547169812,0.8166157548863857,0.1819542073147911,2.062243912350703,2.7861728625953814,1.5737564873480177,0.0,0.4344803799289817,0.0,1.7168062569281932,False
1024,0.075,ercb_beta_0p075,3,0.010824355254086345,2.1017053873325264,0.9143753999033848,0.00013069577152244327,0.5264667393675027,0.6895741866115711,0.5287356321839081,0.6863207547169812,0.7860534621279085,0.2126565175197712,2.047797027047354,2.700033361783202,1.577998071957618,0.0,0.4344803799289817,0.0,1.7095097044141105,False
1024,0.1,ercb_beta_0p1,3,0.009563663333146023,1.8517064593886716,0.9143858316326504,0.00011216289064280849,0.5247148288973383,0.6887573964497041,0.5287356321839081,0.6863207547169812,0.7679997838899162,0.2307462824385892,2.0594417571865926,2.7595807688500353,1.567057468118529,0.0,0.4344803799289817,0.0,1.715217391304348,False
1024,0.15,ercb_beta_0p15,3,0.007880606778280976,1.376544899798984,0.9143977810715577,6.749095749750134e-05,0.5267175572519084,0.6878420366493427,0.5287356321839081,0.6863207547169812,0.7487575685485028,0.2505436633531657,2.0738465144212554,2.7802810611152067,1.5627463011522282,0.0,0.4344803799289817,0.0,1.7086956521739132,False
1024,0.2,ercb_beta_0p2,3,0.006755243519395198,1.2247174825041676,0.9143998042901783,5.228254873021476e-05,0.5284828904859233,0.6880449689847377,0.5287356321839081,0.6863207547169812,0.7396026739613926,0.25965599558678665,2.069322774375983,2.76575098900474,1.5805962056541591,0.0,0.4344803799289817,0.0,1.7029879608259,False
1024,0.3,ercb_beta_0p3,3,0.0053644923131436935,1.034295625950562,0.9144047991418802,3.279609666245742e-05,0.5297504798464492,0.6876385031397536,0.5287356321839081,0.6863207547169812,0.7305928012950038,0.26875554135126634,2.1111602696988054,2.82775338669395,1.5844257788436322,0.0,0.4344803799289817,0.0,1.6989130434782607,False
1024,0.5,ercb_beta_0p5,3,0.00496655480858378,0.8352690695845568,0.9144074546559736,2.5191403717900185e-05,0.5294967679308139,0.6877402097131438,0.5287356321839081,0.6863207547169812,0.7209433695946285,0.27843096877294976,2.0954155176790965,2.7941385440604902,1.5790277866092801,0.0,0.4344803799289817,0.0,1.6997270890189786,False
1024,1.0,ercb_beta_1,3,0.0032823941537799797,0.5804466219506964,0.9144096675962238,1.140759191453622e-05,0.5305145430385354,0.6875369167158889,0.5287356321839081,0.6863207547169812,0.703263843110247,0.2960041677250748,2.0780170265324336,2.7535178630642037,1.575296091479042,0.0,0.4344803799289817,0.0,1.6964662172034481,False
1024,inf,ercb_beta_inf,3,0.0,0.0,0.9144115011833783,0.0,0.5307692307692308,0.6871310507674144,0.5287356321839081,0.6863207547169812,0.6020182171502338,0.39798178284976615,2.0764094383395064,2.744000509976581,1.5796771447598612,0.0,0.4344803799289817,0.0,1.6956521739130435,False
1536,0.0,ercb_beta_0,3,0.07672855646418651,32.11893061291528,0.9076246200601158,0.023641528533228234,0.4504352332507955,0.5061979704396022,0.5139664804469274,0.6361702127659574,1.0,0.0,1.1757097531440026,1.3274349368333689,1.0383288565482618,0.0,0.5773502691896258,0.0,2.3641528533228233,False
1536,0.0025,ercb_beta_0p0025,3,0.04486973564471247,18.782680037321498,0.923185267129446,0.008080881463898015,0.4764760147601476,0.5797648332334975,0.5139664804469274,0.6361702127659574,0.9949795827108224,0.004467909108621928,1.119269963198283,1.2103361643352315,1.0900636983043934,0.0,0.5773502691896258,0.0,1.8888673765730881,False
1536,0.005,ercb_beta_0p005,3,0.029259936003254577,12.24834530368796,0.9288221246326,0.0024440239607438907,0.4928772131758015,0.6197029243989024,0.5139664804469274,0.6361702127659574,0.9838046901965861,0.01545441212336365,1.2164251093288425,1.3618544070179701,1.1676656589092462,0.0,0.5773502691896258,0.0,1.8260125969325025,False
1536,0.0075,ercb_beta_0p0075,3,0.023500058033859048,9.837233595568904,0.9299985105812637,0.0012676380120802966,0.4974575404133415,0.6357190976864726,0.5139664804469274,0.6361702127659574,0.9711584956997514,0.027882444240499626,1.2851700754795699,1.4761584933323864,1.1962263045300001,0.0,0.5773502691896258,0.0,1.8091996339068108,False
1536,0.01,ercb_beta_0p01,3,0.018759285717984235,7.689491975283045,0.9306289946497837,0.0008309094215977475,0.5029900757110701,0.6384696189802312,0.5139664804469274,0.6361702127659574,0.957475502551463,0.04119880096699036,1.3147258993581101,1.5215841796622651,1.1990021230009145,0.0,0.5773502691896258,0.0,1.789299716754217,False
1536,0.0125,ercb_beta_0p0125,3,0.015786405297955296,6.608262682865007,0.930875149299963,0.0007144109753305372,0.501171447600019,0.6355540863486046,0.5139664804469274,0.6361702127659574,0.9444713911769803,0.054120931676607385,1.3237024812404359,1.5372405082484724,1.2080561251076756,0.0,0.5773502691896258,0.0,1.7957926460293545,False
1536,0.015,ercb_beta_0p015,3,0.016512313926277538,5.819355638520202,0.9309913735914188,0.000435989093153899,0.5076453593849481,0.6377217360369976,0.5139664804469274,0.6361702127659574,0.9333014885995522,0.0657483785589125,1.3233680432133865,1.595152031954101,1.2124638055573853,0.0,0.5773502691896258,0.0,1.772891218961245,False
1536,0.02,ercb_beta_0p02,3,0.01476058529561931,4.511697670296675,0.9311124019038854,0.0003689036145531899,0.5050585386368569,0.638889436408288,0.5139664804469274,0.6361702127659574,0.9143717092123034,0.08457742348239959,1.3630402125275665,1.6210875045826478,1.2105416603826458,0.0,0.5773502691896258,0.0,1.7819716550661284,False
1536,0.03,ercb_beta_0p03,3,0.01359514701693468,3.5354780501376624,0.9311844355796204,0.00024488555125309897,0.5111111111111111,0.6400000343712299,0.5139664804469274,0.6361702127659574,0.8864023932506215,0.11296153283880489,1.388808370666538,1.6452327946056382,1.239605118956657,0.0,0.5773502691896258,0.0,1.7608695652173916,False
1536,0.05,ercb_beta_0p05,3,0.01124129831711748,2.52430050177387,0.9312242544875855,0.00015601936256937066,0.5118223046794476,0.6383775050397249,0.5139664804469274,0.6361702127659574,0.8541925195285176,0.14453985474953837,1.3535546317539382,1.6151365589457787,1.2208686713852503,0.0,0.5773502691896258,0.0,1.7584227802726704,False
1536,0.075,ercb_beta_0p075,3,0.010270561750717794,1.9793855157461586,0.9312386983226161,0.00011713514811401149,0.5104051565377532,0.6383775050397249,0.5139664804469274,0.6361702127659574,0.8333040794690307,0.16564954695976078,1.3619393397337218,1.6282415998313,1.2256060379556408,0.0,0.5773502691896258,0.0,1.763305069456973,False
1536,0.1,ercb_beta_0p1,3,0.00823998995967877,1.7160141487270857,0.9312461793798119,7.824749206408743e-05,0.5106396063960639,0.6387184277517611,0.5139664804469274,0.6361702127659574,0.8221261700486527,0.17696212728190505,1.3485057951352182,1.599224811590554,1.241112607704565,0.0,0.5773502691896258,0.0,1.7624954835601594,False
1536,0.15,ercb_beta_0p15,3,0.007443392444859598,1.4454141632532584,0.931255041685241,6.343240444695031e-05,0.5137276484392848,0.6384628723418212,0.5139664804469274,0.6361702127659574,0.8121548575513822,0.18726776729044378,1.3616344753019634,1.5702446272391195,1.2349801771437852,0.0,0.5773502691896258,0.0,1.751901036929234,False
1536,0.2,ercb_beta_0p2,3,0.006577221104898719,1.1275236179826376,0.9312583794841922,5.0005795641294704e-05,0.5108749229821319,0.6378666666666667,0.5139664804469274,0.6361702127659574,0.8069135973735033,0.19253149297513927,1.3845309197321616,1.6233022822517218,1.2335490587935205,0.0,0.5773502691896258,0.0,1.7616836519327022,False
1536,0.3,ercb_beta_0p3,3,0.005263273272792936,0.9470487297823017,0.9312610267218433,3.3800774302816805e-05,0.5120593692022264,0.6378666666666667,0.5139664804469274,0.6361702127659574,0.8010317150895608,0.19839749004242996,1.3793503093764454,1.6278480285497425,1.2424018379277113,0.0,0.5773502691896258,0.0,1.7576086956521737,False
1536,0.5,ercb_beta_0p5,3,0.004183300132670377,0.7332022906677587,0.93126361642515,1.8521262547532835e-05,0.5127732066128242,0.6376967502781867,0.5139664804469274,0.6361702127659574,0.7928976173804143,0.20656304034048062,1.3954382582574962,1.6398667150365651,1.2320528552480767,0.0,0.5773502691896258,0.0,1.7551619086048624,False
1536,1.0,ercb_beta_1,3,0.003484068675705677,0.5972689158352589,0.9312649400567357,1.1575870811714184e-05,0.5127732066128242,0.6378666666666667,0.5139664804469274,0.6361702127659574,0.7759415015726323,0.22306539869875058,1.4002094523089694,1.6637189572191193,1.2430365887194124,0.0,0.5773502691896258,0.0,1.7551619086048624,False
1536,inf,ercb_beta_inf,3,0.0,0.0,0.931266148593344,0.0,0.5139664804469274,0.6375266524520256,0.5139664804469274,0.6361702127659574,0.670686522177872,0.32931347782212805,1.3785369445165956,1.6679824896467295,1.2308156000922579,0.0,0.5773502691896258,0.0,1.751086956521739,False
2048,0.0,ercb_beta_0,3,0.05205093515924555,23.422920821660497,0.9293831853088618,0.014864469634601057,0.45461346633416455,0.4937781877818778,0.5054945054945055,0.5566801619433198,1.0,0.0,1.1633251472998374,1.3358206924201392,1.0387770234302112,0.0,0.710038819117476,0.0,1.9797037849698302,False
2048,0.0025,ercb_beta_0p0025,3,0.030105386544194125,13.547423944887356,0.9400181093298464,0.004229545613616409,0.48048734528721043,0.531407115488257,0.5054945054945055,0.5566801619433198,0.9956266049237201,0.004066249479843408,1.3181509606423316,1.5723310799598087,1.0586294135495693,0.0,0.710038819117476,0.0,1.8730982383355521,False
2048,0.005,ercb_beta_0p005,3,0.02031677356809474,9.142548105642634,0.9429653246363694,0.0012823303070935155,0.49019615188659454,0.5507981806075328,0.5054945054945055,0.5566801619433198,0.9858389730291369,0.013276842316724696,1.2499231257019445,1.4131650847258794,1.065625715658979,0.0,0.710038819117476,0.0,1.8359997248779145,False
2048,0.0075,ercb_beta_0p0075,3,0.016987255238863998,7.644264857488798,0.9436600028575068,0.0006168739855278438,0.4963436928702011,0.556995903928505,0.5054945054945055,0.5566801619433198,0.9747563558727129,0.024249474259754454,1.1714457485128178,1.2778748160030928,1.0942476592819095,0.0,0.710038819117476,0.0,1.8132596685082873,False
2048,0.01,ercb_beta_0p01,3,0.014743642658212472,6.634639196195613,0.943891698662578,0.0004140772668024262,0.49661173971045997,0.5581070906509032,0.5054945054945055,0.5566801619433198,0.9631927501055358,0.03553698438100084,1.1963750029034064,1.3381225122192308,1.094300453735347,0.0,0.710038819117476,0.0,1.8122809592151967,False
2048,0.0125,ercb_beta_0p0125,3,0.014272355428568868,6.42255994285599,0.9440042878784178,0.0003117331041319338,0.5004570338420704,0.5609538502066458,0.5054945054945055,0.5566801619433198,0.9528555078628416,0.046312407610885425,1.1913313706487765,1.4561267557551958,1.0868646504038932,0.0,0.710038819117476,0.0,1.7983561807306192,False
2048,0.015,ercb_beta_0p015,3,0.011070138173911512,4.877182312361232,0.9440851029616423,0.0002285629601609107,0.5031917717319178,0.5601534506932544,0.5054945054945055,0.5566801619433198,0.9430959181851001,0.055995661220096055,1.2074715163317467,1.5107169611972218,1.0933591658675328,0.0,0.710038819117476,0.0,1.7885825058353442,False
2048,0.02,ercb_beta_0p02,3,0.011058634089683023,4.308421252746096,0.9441455718728903,0.00021028174853188197,0.5018219076005961,0.5588723381280654,0.5054945054945055,0.5566801619433198,0.9272314200134604,0.07197098050711441,1.3336543138708903,1.8418124119096386,1.100581495571386,0.0,0.710038819117476,0.0,1.7934649451699844,False
2048,0.03,ercb_beta_0p03,3,0.011269225906562149,3.572462851703485,0.9441785332090373,0.00015817686884908588,0.5013735046521932,0.5595121335971187,0.5054945054945055,0.5566801619433198,0.9044561645468677,0.09450513391269032,1.18085199218066,1.4462809146972277,1.1000165359171759,0.0,0.710038819117476,0.0,1.795068928950159,False
2048,0.05,ercb_beta_0p05,3,0.009669173488886816,2.4212558834417295,0.9442192565707169,0.00011703750729663565,0.5027322404371585,0.5588012258124984,0.5054945054945055,0.5566801619433198,0.8797083219510794,0.1194902721454413,1.1796342241380875,1.3080844448458566,1.111175633244653,0.0,0.710038819117476,0.0,1.7902173913043478,False
2048,0.075,ercb_beta_0p075,3,0.008574854216315448,1.9562931722683092,0.94422872251071,9.189497090528187e-05,0.5029640865314557,0.557809761387672,0.5054945054945055,0.5566801619433198,0.8647519611292854,0.13435879767802522,1.1930330683497044,1.3909745021455697,1.1056792625156329,0.0,0.710038819117476,0.0,1.789392173517966,False
2048,0.1,ercb_beta_0p1,3,0.007336287689090559,1.6278820596099706,0.9442341710069964,7.086584745638613e-05,0.5043401966933105,0.557809761387672,0.5054945054945055,0.5566801619433198,0.8580252448192771,0.14132399745520066,1.2165205254797562,1.3860576957224926,1.1032947497208923,0.0,0.710038819117476,0.0,1.7845097533387575,False
2048,0.15,ercb_beta_0p15,3,0.006104640156054,1.38290965750099,0.9442379684848338,4.754983515761757e-05,0.5038823333887319,0.5575972895755992,0.5054945054945055,0.5566801619433198,0.8517084640462601,0.14788602463194597,1.182144721182865,1.3521238910566173,1.1063571219924102,0.0,0.710038819117476,0.0,1.7861312857453842,False
2048,0.2,ercb_beta_0p2,3,0.005539772292284327,1.134329480717402,0.9442410505184491,3.6577201811160975e-05,0.5045703839122486,0.5575266092245311,0.5054945054945055,0.5566801619433198,0.8482279306152936,0.1511983006319247,1.2094349902461414,1.472060268958125,1.1097316855772392,0.0,0.710038819117476,0.0,1.7836956521739131,False
2048,0.3,ercb_beta_0p3,3,0.004608936654218144,0.9219544457292888,0.9442431969463504,2.9261987151474322e-05,0.5043401966933105,0.5573147830052209,0.5054945054945055,0.5566801619433198,0.843745541250257,0.15570280476136764,1.1855992022495154,1.3299549478306993,1.1077345250564672,0.0,0.710038819117476,0.0,1.7845097533387575,False
2048,0.5,ercb_beta_0p5,3,0.00412310562561766,0.7577713302396385,0.9442449030884538,1.8746160222182784e-05,0.5050332878800032,0.5575266092245311,0.5054945054945055,0.5566801619433198,0.8365220158206779,0.16280771008299277,1.400972450863142,2.009561582931238,1.110992620170635,0.0,0.710038819117476,0.0,1.7820607504466943,False
2048,1.0,ercb_beta_1,3,0.0024725413780719895,0.6885202571148443,0.9442455635322023,7.315659951601106e-06,0.5054945054945055,0.5573147830052209,0.5054945054945055,0.5566801619433198,0.8202876037202338,0.17882251814730848,1.2602726918645464,1.6425128549403685,1.1236768178612397,0.0,0.710038819117476,0.0,1.7804347826086957,False
2048,inf,ercb_beta_inf,3,0.0,0.0,0.9442476549434629,0.0,0.5054945054945055,0.5569620253164557,0.5054945054945055,0.5566801619433198,0.7140334344477831,0.28596656555221694,1.211482683832796,1.399048124604593,1.1199365545628366,0.0,0.710038819117476,0.0,1.7804347826086957,False
3072,0.0,ercb_beta_0,3,0.028163412057552555,13.701119379349892,0.9545747124820321,0.0069138142000165215,0.456339441082513,0.49457748888128633,0.4972972972972973,0.5288461538461539,1.0,0.0,1.3808548879772418,2.037104250084285,1.0768944288640478,0.0,1.414213562373095,0.0,1.9722161158479978,False
3072,0.0025,ercb_beta_0p0025,3,0.015305276107101662,7.445809998049459,0.9597995639908241,0.0016889626912244549,0.48124430801889573,0.5183590863326836,0.4972972972972973,0.5288461538461539,0.9964065592204082,0.0031711026695555164,1.5024808103164151,1.8218305619559134,1.0570844407327362,0.0,1.414213562373095,0.0,1.870151989339814,False
3072,0.005,ercb_beta_0p005,3,0.010988151921783255,5.34558742140807,0.9609579556065758,0.0005305710754727466,0.4871521903984133,0.5285900067539281,0.4972972972972973,0.5288461538461539,0.9886383012833088,0.010489415755072857,1.1002922847801189,1.4000880257305344,1.0316241293630593,0.0,1.414213562373095,0.0,1.8474719353390214,False
3072,0.0075,ercb_beta_0p0075,3,0.010519277968966305,5.117486579497122,0.9612135400046602,0.00027498667738837246,0.4927797833935018,0.5302153742063768,0.4972972972972973,0.5288461538461539,0.9806058782270731,0.018565186052738644,1.3981224747400582,2.086614559833218,1.0347088597595036,0.0,1.414213562373095,0.0,1.8263736263736263,False
3072,0.01,ercb_beta_0p01,3,0.011381215534807426,4.2648469273130765,0.9613259747594424,0.0001651962061641199,0.49373881932021463,0.5339832739213544,0.4972972972972973,0.5288461538461539,0.9711750128026062,0.02765953700121028,1.2141634702260553,1.5065805403390187,1.050170130405097,0.0,1.414213562373095,0.0,1.822826086956522,False
3072,0.0125,ercb_beta_0p0125,3,0.00879500113674815,4.118763057155698,0.9613666075753505,0.0002491189180845732,0.4943586178735319,0.5341536157655304,0.4972972972972973,0.5288461538461539,0.9637887589468246,0.03556351835459391,1.267604343149248,1.7972821942076362,1.031526320838294,0.0,1.414213562373095,0.0,1.8205407318907918,False
3072,0.015,ercb_beta_0p015,3,0.009062764199501906,3.8649593454178355,0.9613914111106451,0.0001232163132902364,0.4932795698924731,0.5326016785022595,0.4972972972972973,0.5288461538461539,0.9561905284996333,0.042902707271365075,1.6282857630781566,2.2889827989248728,1.0838839765184303,0.0,1.414213562373095,0.0,1.8245231607629429,False
3072,0.02,ercb_beta_0p02,3,0.00812403840463596,3.3106885369034686,0.9614294632983644,0.00024550939199671773,0.4932770874631339,0.532258730005914,0.4972972972972973,0.5288461538461539,0.9439015024841263,0.05502953274661565,1.1329144074971054,1.372943975005306,1.0391252908392912,0.0,1.414213562373095,0.0,1.8245323427216014,False
3072,0.03,ercb_beta_0p03,3,0.008338394401028217,2.797273853647392,0.9614508392949089,9.6142183747705e-05,0.496180075688103,0.5326886940181648,0.4972972972972973,0.5288461538461539,0.9282575182353774,0.07098957044733697,1.2773090317428206,1.7389048423840558,1.046934925355167,0.0,1.414213562373095,0.0,1.813857597469788,False
3072,0.05,ercb_beta_0p05,3,0.0069041050590693265,2.2087051361325662,0.9614634014406253,6.590231613645692e-05,0.4966288869514676,0.5313154494792254,0.4972972972972973,0.5288461538461539,0.9116650687593676,0.08773185753525854,1.2813737882697636,1.7409275474881873,1.045362465226248,0.0,1.414213562373095,0.0,1.8122183860963192,False
3072,0.075,ercb_beta_0p075,3,0.006528502329872239,1.5936552858775417,0.9614749609946951,6.319417659295112e-05,0.496180075688103,0.5302908975937972,0.4972972972972973,0.5288461538461539,0.9034368111883656,0.0959525005544955,1.1462185978234554,1.4257803011350372,1.0170363704784238,0.0,1.414213562373095,0.0,1.813857597469788,False
3072,0.1,ercb_beta_0p1,3,0.0054981598639524875,1.392149578683447,0.9614783919666424,5.0104609642526166e-05,0.4952896662226598,0.5302908975937972,0.4972972972972973,0.5288461538461539,0.9007146352459849,0.09890334643859217,1.4563101705052173,2.0750247575084053,1.0274094591504175,0.0,1.414213562373095,0.0,1.8171184690039561,False
3072,0.15,ercb_beta_0p15,3,0.005110682098605356,1.2522358022214726,0.9614819813203603,3.5660554928484967e-05,0.49551166965888693,0.530035499879189,0.4972972972972973,0.5288461538461539,0.8985229145515211,0.10112874648811757,1.2348754222702727,1.4502978314879014,1.0275914086496591,0.0,1.414213562373095,0.0,1.816304347826087,False
3072,0.2,ercb_beta_0p2,3,0.004477865157463838,0.9548591109552774,0.9614840927175254,2.934113891783774e-05,0.49506845707421887,0.530035499879189,0.4972972972972973,0.5288461538461539,0.8972755274945657,0.10231123042161966,1.2536721438899594,1.6076650569527344,1.0432708675428053,0.0,1.414213562373095,0.0,1.817930403643299,False
3072,0.3,ercb_beta_0p3,3,0.003829708431025353,0.7928249671720918,0.9614854123456278,2.0313291007573175e-05,0.49707369239743343,0.5298651252408478,0.4972972972972973,0.5288461538461539,0.894356533662424,0.1050011073724039,1.2885911292274765,1.7033462677543723,1.0126944179546356,0.0,1.414213562373095,0.0,1.8105967259285336,False
3072,0.5,ercb_beta_0p5,3,0.002787922189683363,0.6633238855298705,0.9614868375478842,1.1285264059662792e-05,0.4964028776978417,0.5298651252408478,0.4972972972972973,0.5288461538461539,0.8890674190192606,0.11040171708859285,1.3914957296457973,1.9346622237288305,1.0575885308219113,0.0,1.414213562373095,0.0,1.8130434782608698,False
3072,1.0,ercb_beta_1,3,0.002022442631612436,0.4441601226602716,0.9614876293287935,5.4169590755215324e-06,0.4964028776978417,0.5298651252408478,0.4972972972972973,0.5288461538461539,0.8744124134570823,0.12450259614709237,1.252863278185712,1.5394540495936586,1.0364694132052794,0.0,1.414213562373095,0.0,1.8130434782608698,False
3072,inf,ercb_beta_inf,3,0.0,0.0,0.9614885266820485,0.0,0.4972972972972973,0.5298651252408478,0.4972972972972973,0.5288461538461539,0.7697663610276676,0.23023363897233237,1.1225799324123504,1.356311649933636,1.0316132427843727,0.0,1.414213562373095,0.0,1.809782608695652,False
4096,0.0,ercb_beta_0,3,0.02015550408608393,10.077752043041965,0.9547228042490138,0.004853037640182051,0.2982596447669977,0.5426318106367071,0.3225806451612903,0.575984990619137,1.0,0.0,1.28951454446392,1.702104593256461,1.06870493157413,0.0,1.0,0.0,3.0175051026533803,False
4096,0.0025,ercb_beta_0p0025,3,0.01247277384003721,6.236386920018605,0.9586783541663322,0.0008974877228636324,0.30811109817165483,0.5704629341397253,0.3225806451612903,0.575984990619137,0.996951582636613,0.002607420462382999,1.3247824728592337,1.7243889771046526,1.0823119683879179,0.0,1.0,0.0,2.9210242842294245,False
4096,0.005,ercb_beta_0p005,3,0.009740381379302837,4.870190689651419,0.9592662535423353,0.0003466499972244741,0.3137473977730667,0.5794819588148686,0.3225806451612903,0.575984990619137,0.9906051762530051,0.00858791306071588,1.3654082853364098,1.6082120344931212,1.0445047217199117,0.0,1.0,0.0,2.868549688023132,False
4096,0.0075,ercb_beta_0p0075,3,0.008517947413212802,4.258973706606401,0.9594223509960262,0.00026647677493976674,0.31791820568589846,0.5803005264021591,0.3225806451612903,0.575984990619137,0.983727868394886,0.015668806514673617,1.7017160362706234,2.472749001602749,1.0589824302904474,0.0,1.0,0.0,2.8309168330208663,False
4096,0.01,ercb_beta_0p01,3,0.008698423727384507,4.245879201649764,0.9594848973348774,0.00026335824392323404,0.317635998153349,0.5794276650349318,0.3225806451612903,0.575984990619137,0.9764101663002691,0.022995112397445915,1.1734878858832465,1.4870949266716025,1.0667291764338176,0.0,1.0,0.0,2.833431995215782,False
4096,0.0125,ercb_beta_0p0125,3,0.007574580796086562,3.6339226382403464,0.9595160456938512,0.00011453022437915572,0.32052054050600565,0.5803402646502835,0.3225806451612903,0.575984990619137,0.9698762993187229,0.02922631655084018,1.4903584667267502,1.8283592565364686,1.0730359654410286,0.0,1.0,0.0,2.807932367077537,False
4096,0.015,ercb_beta_0p015,3,0.007213623621007999,3.6068118105039995,0.959523359974876,0.0001203250250365051,0.3202306414515717,0.5793374498578463,0.3225806451612903,0.575984990619137,0.9644356204302147,0.035086807770023286,1.4415223331929312,2.126230248026115,1.0391467416783873,0.0,1.0,0.0,2.810474337872213,False
4096,0.02,ercb_beta_0p02,3,0.007231654327677507,3.582327195604792,0.9595241783924118,6.730120273035212e-05,0.3212853323147441,0.5797010658922409,0.3225806451612903,0.575984990619137,0.9547040635565789,0.044555411804669084,1.8100387486690837,2.880434240878397,1.07364990065412,0.0,1.0,0.0,2.8012483281319662,False
4096,0.03,ercb_beta_0p03,3,0.006277024262144751,2.565783661335055,0.9595486794771773,5.927901473543051e-05,0.3212853323147441,0.5777014972984043,0.3225806451612903,0.575984990619137,0.9426864629915431,0.05684083562803807,1.6301740343109024,2.0882489095933234,1.082077556761101,0.0,1.0,0.0,2.8012483281319662,False
4096,0.05,ercb_beta_0p05,3,0.00568541584721616,2.145561000917493,0.9595559430990753,4.902821826793802e-05,0.32214938761428324,0.5790633594649576,0.3225806451612903,0.575984990619137,0.9315271857474204,0.06790793416588452,1.1920398360930013,1.4666258517087862,1.0135623869801087,0.0,1.0,0.0,2.793734939759036,False
4096,0.075,ercb_beta_0p075,3,0.005859631190652379,1.7077675802904155,0.959563053368051,5.3930837839361034e-05,0.321716587106464,0.5794276650349318,0.3225806451612903,0.575984990619137,0.9284195270694859,0.07127181537544754,1.5526905606213752,2.0105163723835098,1.0581117585336997,0.0,1.0,0.0,2.797493309545049,False
4096,0.1,ercb_beta_0p1,3,0.0060673278948373075,1.4948380882762666,0.9595660202750874,5.4376462846422724e-05,0.3220035778175313,0.577882395612549,0.3225806451612903,0.575984990619137,0.9277210098044893,0.07206555159392695,1.212329744046497,1.5194686298009956,1.056370415020204,0.0,1.0,0.0,2.795,False
4096,0.15,ercb_beta_0p15,3,0.00469041575982343,1.2075740367138945,0.9595690383535029,3.298319446157216e-05,0.32142857142857145,0.577882395612549,0.3225806451612903,0.575984990619137,0.9264505123460839,0.07323586250298168,1.2463946695644608,1.7410777102653754,1.0160292902908934,0.0,1.0,0.0,2.8,False
4096,0.2,ercb_beta_0p2,3,0.004490731195102494,1.0967556328899921,0.959570368360807,2.7634717822910826e-05,0.32185982622029136,0.5785175879396985,0.3225806451612903,0.575984990619137,0.9252207425105421,0.07435395672911124,1.7500467942425102,2.285382230580613,1.0574754984037684,0.0,1.0,0.0,2.796248325145154,False
4096,0.3,ercb_beta_0p3,3,0.0037022779581050796,0.8578567151211474,0.9595725168409057,2.0503325388221416e-05,0.3222926267281106,0.5777917189460476,0.3225806451612903,0.575984990619137,0.9227449172150047,0.0766558148174421,1.5010135985078834,1.7901689623953554,1.0579889714910813,0.0,1.0,0.0,2.7924932975871313,False
4096,0.5,ercb_beta_0p5,3,0.00286016579874784,0.7544509843675904,0.9595735399302354,1.0251765036106697e-05,0.3225806451612903,0.5770676691729323,0.3225806451612903,0.575984990619137,0.9175495966060823,0.08175960114291876,1.2534477647378073,1.732365332339369,1.0481883329984596,0.0,1.0,0.0,2.79,False
4096,1.0,ercb_beta_1,3,0.002022442631612436,0.5773502691896257,0.9595745630217468,4.01158714008476e-06,0.32243637832535055,0.5777917189460476,0.3225806451612903,0.575984990619137,0.9043454351784541,0.09486415564045562,1.5460680642307887,2.0317699210294133,1.0540039738351974,0.0,1.0,0.0,2.791248322147651,False
4096,inf,ercb_beta_inf,3,0.0,0.0,0.9595758418891959,0.0,0.3225806451612903,0.5770676691729323,0.3225806451612903,0.575984990619137,0.8034739721174398,0.19652602788256024,1.1931902825819625,1.4361774193270227,1.006038890005135,0.0,1.0,0.0,2.79,False
