dataset,scene,budget,sampler,psnr_db,gaussians,optimizer_steps,train_frames,heldout_frames,source_run,metric_status
utmm,ego-centric-1,15,rr,18.935479243596394,24598,826,1343,192,/home/wosas/Desktop/Incremental_mapping_test/gs_floaterLab/results/ERCB_ablation/benchmark-B_5070ti_stride20/utmm/ego-centric-1/stride20/event15/rr_s0,archived_report; raw map/per-view scores unavailable locally
utmm,ego-centric-1,15,ercb,19.266575649380684,24598,826,1343,192,/home/wosas/Desktop/Incremental_mapping_test/gs_floaterLab/results/ERCB_ablation/benchmark-B_5070ti_stride20/utmm/ego-centric-1/stride20/event15/ercb_s0,archived_report; raw map/per-view scores unavailable locally
utmm,ego-centric-1,30,rr,20.272961914539337,24598,1651,1343,192,/home/wosas/Desktop/Incremental_mapping_test/gs_floaterLab/results/ERCB_ablation/benchmark-B_5070ti_stride20/utmm/ego-centric-1/stride20/event30/rr_s0,archived_report; raw map/per-view scores unavailable locally
utmm,ego-centric-1,30,ercb,20.339208235343296,24598,1651,1343,192,/home/wosas/Desktop/Incremental_mapping_test/gs_floaterLab/results/ERCB_ablation/benchmark-B_5070ti_stride20/utmm/ego-centric-1/stride20/event30/ercb_s0,archived_report; raw map/per-view scores unavailable locally
utmm,ego-centric-1,60,rr,21.281476656595864,24598,3301,1343,192,/home/wosas/Desktop/Incremental_mapping_test/gs_floaterLab/results/ERCB_ablation/benchmark-B_5070ti_stride20/utmm/ego-centric-1/stride20/event60/rr_s0,archived_report; raw map/per-view scores unavailable locally
utmm,ego-centric-1,60,ercb,21.345313449700672,24598,3301,1343,192,/home/wosas/Desktop/Incremental_mapping_test/gs_floaterLab/results/ERCB_ablation/benchmark-B_5070ti_stride20/utmm/ego-centric-1/stride20/event60/ercb_s0,archived_report; raw map/per-view scores unavailable locally
utmm,ego-centric-2,15,rr,18.216434841507052,24808,961,1135,163,/home/wosas/Desktop/Incremental_mapping_test/gs_floaterLab/results/ERCB_ablation/benchmark-B_5070ti_stride20/utmm/ego-centric-2/stride20/event15/rr_s0,archived_report; raw map/per-view scores unavailable locally
utmm,ego-centric-2,15,ercb,18.957253380055807,24808,961,1135,163,/home/wosas/Desktop/Incremental_mapping_test/gs_floaterLab/results/ERCB_ablation/benchmark-B_5070ti_stride20/utmm/ego-centric-2/stride20/event15/ercb_s0,archived_report; raw map/per-view scores unavailable locally
utmm,ego-centric-2,30,rr,19.872979134869723,24808,1921,1135,163,/home/wosas/Desktop/Incremental_mapping_test/gs_floaterLab/results/ERCB_ablation/benchmark-B_5070ti_stride20/utmm/ego-centric-2/stride20/event30/rr_s0,archived_report; raw map/per-view scores unavailable locally
utmm,ego-centric-2,30,ercb,19.815654286577658,24808,1921,1135,163,/home/wosas/Desktop/Incremental_mapping_test/gs_floaterLab/results/ERCB_ablation/benchmark-B_5070ti_stride20/utmm/ego-centric-2/stride20/event30/ercb_s0,archived_report; raw map/per-view scores unavailable locally
utmm,ego-centric-2,60,rr,20.990810768735923,24808,3841,1135,163,/home/wosas/Desktop/Incremental_mapping_test/gs_floaterLab/results/ERCB_ablation/benchmark-B_5070ti_stride20/utmm/ego-centric-2/stride20/event60/rr_s0,archived_report; raw map/per-view scores unavailable locally
utmm,ego-centric-2,60,ercb,20.886231393170505,24808,3841,1135,163,/home/wosas/Desktop/Incremental_mapping_test/gs_floaterLab/results/ERCB_ablation/benchmark-B_5070ti_stride20/utmm/ego-centric-2/stride20/event60/ercb_s0,archived_report; raw map/per-view scores unavailable locally
utmm,ego-drive,15,rr,18.30562660762242,35133,1291,1224,175,/home/wosas/Desktop/Incremental_mapping_test/gs_floaterLab/results/ERCB_ablation/benchmark-B_5070ti_stride20/utmm/ego-drive/stride20/event15/rr_s0,archived_report; raw map/per-view scores unavailable locally
utmm,ego-drive,15,ercb,18.61416917528425,35133,1291,1224,175,/home/wosas/Desktop/Incremental_mapping_test/gs_floaterLab/results/ERCB_ablation/benchmark-B_5070ti_stride20/utmm/ego-drive/stride20/event15/ercb_s0,archived_report; raw map/per-view scores unavailable locally
utmm,ego-drive,30,rr,19.161004333496095,35133,2581,1224,175,/home/wosas/Desktop/Incremental_mapping_test/gs_floaterLab/results/ERCB_ablation/benchmark-B_5070ti_stride20/utmm/ego-drive/stride20/event30/rr_s0,archived_report; raw map/per-view scores unavailable locally
utmm,ego-drive,30,ercb,19.440693926130024,35133,2581,1224,175,/home/wosas/Desktop/Incremental_mapping_test/gs_floaterLab/results/ERCB_ablation/benchmark-B_5070ti_stride20/utmm/ego-drive/stride20/event30/ercb_s0,archived_report; raw map/per-view scores unavailable locally
utmm,ego-drive,60,rr,20.177445798601422,35133,5161,1224,175,/home/wosas/Desktop/Incremental_mapping_test/gs_floaterLab/results/ERCB_ablation/benchmark-B_5070ti_stride20/utmm/ego-drive/stride20/event60/rr_s0,archived_report; raw map/per-view scores unavailable locally
utmm,ego-drive,60,ercb,20.09617198399135,35133,5161,1224,175,/home/wosas/Desktop/Incremental_mapping_test/gs_floaterLab/results/ERCB_ablation/benchmark-B_5070ti_stride20/utmm/ego-drive/stride20/event60/ercb_s0,archived_report; raw map/per-view scores unavailable locally
utmm,fast-straight,15,rr,16.11696860903785,7526,256,290,42,/home/wosas/Desktop/Incremental_mapping_test/gs_floaterLab/results/ERCB_ablation/benchmark-B_5070ti_stride20/utmm/fast-straight/stride20/event15/rr_s0,archived_report; raw map/per-view scores unavailable locally
utmm,fast-straight,15,ercb,16.440208911895752,7526,256,290,42,/home/wosas/Desktop/Incremental_mapping_test/gs_floaterLab/results/ERCB_ablation/benchmark-B_5070ti_stride20/utmm/fast-straight/stride20/event15/ercb_s0,archived_report; raw map/per-view scores unavailable locally
utmm,fast-straight,30,rr,18.31121560505458,7526,511,290,42,/home/wosas/Desktop/Incremental_mapping_test/gs_floaterLab/results/ERCB_ablation/benchmark-B_5070ti_stride20/utmm/fast-straight/stride20/event30/rr_s0,archived_report; raw map/per-view scores unavailable locally
utmm,fast-straight,30,ercb,18.30185606366112,7526,511,290,42,/home/wosas/Desktop/Incremental_mapping_test/gs_floaterLab/results/ERCB_ablation/benchmark-B_5070ti_stride20/utmm/fast-straight/stride20/event30/ercb_s0,archived_report; raw map/per-view scores unavailable locally
utmm,fast-straight,60,rr,19.71136460985456,7526,1021,290,42,/home/wosas/Desktop/Incremental_mapping_test/gs_floaterLab/results/ERCB_ablation/benchmark-B_5070ti_stride20/utmm/fast-straight/stride20/event60/rr_s0,archived_report; raw map/per-view scores unavailable locally
utmm,fast-straight,60,ercb,19.55706771214803,7526,1021,290,42,/home/wosas/Desktop/Incremental_mapping_test/gs_floaterLab/results/ERCB_ablation/benchmark-B_5070ti_stride20/utmm/fast-straight/stride20/event60/ercb_s0,archived_report; raw map/per-view scores unavailable locally
utmm,slow-straight-2,15,rr,16.264022852579753,6019,226,522,75,/home/wosas/Desktop/Incremental_mapping_test/gs_floaterLab/results/ERCB_ablation/benchmark-B_5070ti_stride20/utmm/slow-straight-2/stride20/event15/rr_s0,archived_report; raw map/per-view scores unavailable locally
utmm,slow-straight-2,15,ercb,16.153522783915204,6019,226,522,75,/home/wosas/Desktop/Incremental_mapping_test/gs_floaterLab/results/ERCB_ablation/benchmark-B_5070ti_stride20/utmm/slow-straight-2/stride20/event15/ercb_s0,archived_report; raw map/per-view scores unavailable locally
utmm,slow-straight-2,30,rr,18.117517471313477,6019,451,522,75,/home/wosas/Desktop/Incremental_mapping_test/gs_floaterLab/results/ERCB_ablation/benchmark-B_5070ti_stride20/utmm/slow-straight-2/stride20/event30/rr_s0,archived_report; raw map/per-view scores unavailable locally
utmm,slow-straight-2,30,ercb,18.050378189086913,6019,451,522,75,/home/wosas/Desktop/Incremental_mapping_test/gs_floaterLab/results/ERCB_ablation/benchmark-B_5070ti_stride20/utmm/slow-straight-2/stride20/event30/ercb_s0,archived_report; raw map/per-view scores unavailable locally
utmm,slow-straight-2,60,rr,19.02931978861491,6019,901,522,75,/home/wosas/Desktop/Incremental_mapping_test/gs_floaterLab/results/ERCB_ablation/benchmark-B_5070ti_stride20/utmm/slow-straight-2/stride20/event60/rr_s0,archived_report; raw map/per-view scores unavailable locally
utmm,slow-straight-2,60,ercb,19.17230668385824,6019,901,522,75,/home/wosas/Desktop/Incremental_mapping_test/gs_floaterLab/results/ERCB_ablation/benchmark-B_5070ti_stride20/utmm/slow-straight-2/stride20/event60/ercb_s0,archived_report; raw map/per-view scores unavailable locally
utmm,square-1,15,rr,17.647733494786934,31185,1186,1412,202,/home/wosas/Desktop/Incremental_mapping_test/gs_floaterLab/results/ERCB_ablation/benchmark-B_5070ti_stride20/utmm/square-1/stride20/event15/rr_s0,archived_report; raw map/per-view scores unavailable locally
utmm,square-1,15,ercb,17.758018640008302,31185,1186,1412,202,/home/wosas/Desktop/Incremental_mapping_test/gs_floaterLab/results/ERCB_ablation/benchmark-B_5070ti_stride20/utmm/square-1/stride20/event15/ercb_s0,archived_report; raw map/per-view scores unavailable locally
utmm,square-1,30,rr,18.82665038817,31185,2371,1412,202,/home/wosas/Desktop/Incremental_mapping_test/gs_floaterLab/results/ERCB_ablation/benchmark-B_5070ti_stride20/utmm/square-1/stride20/event30/rr_s0,archived_report; raw map/per-view scores unavailable locally
utmm,square-1,30,ercb,18.879152312137112,31185,2371,1412,202,/home/wosas/Desktop/Incremental_mapping_test/gs_floaterLab/results/ERCB_ablation/benchmark-B_5070ti_stride20/utmm/square-1/stride20/event30/ercb_s0,archived_report; raw map/per-view scores unavailable locally
utmm,square-1,60,rr,20.006064698247627,31185,4741,1412,202,/home/wosas/Desktop/Incremental_mapping_test/gs_floaterLab/results/ERCB_ablation/benchmark-B_5070ti_stride20/utmm/square-1/stride20/event60/rr_s0,archived_report; raw map/per-view scores unavailable locally
utmm,square-1,60,ercb,20.036636527221983,31185,4741,1412,202,/home/wosas/Desktop/Incremental_mapping_test/gs_floaterLab/results/ERCB_ablation/benchmark-B_5070ti_stride20/utmm/square-1/stride20/event60/ercb_s0,archived_report; raw map/per-view scores unavailable locally
utmm,square-2,15,rr,17.600820142459245,32439,1081,1066,153,/home/wosas/Desktop/Incremental_mapping_test/gs_floaterLab/results/ERCB_ablation/benchmark-B_5070ti_stride20/utmm/square-2/stride20/event15/rr_s0,archived_report; raw map/per-view scores unavailable locally
utmm,square-2,15,ercb,17.748975311229433,32439,1081,1066,153,/home/wosas/Desktop/Incremental_mapping_test/gs_floaterLab/results/ERCB_ablation/benchmark-B_5070ti_stride20/utmm/square-2/stride20/event15/ercb_s0,archived_report; raw map/per-view scores unavailable locally
utmm,square-2,30,rr,18.89354238323137,32439,2161,1066,153,/home/wosas/Desktop/Incremental_mapping_test/gs_floaterLab/results/ERCB_ablation/benchmark-B_5070ti_stride20/utmm/square-2/stride20/event30/rr_s0,archived_report; raw map/per-view scores unavailable locally
utmm,square-2,30,ercb,18.68361309774561,32439,2161,1066,153,/home/wosas/Desktop/Incremental_mapping_test/gs_floaterLab/results/ERCB_ablation/benchmark-B_5070ti_stride20/utmm/square-2/stride20/event30/ercb_s0,archived_report; raw map/per-view scores unavailable locally
utmm,square-2,60,rr,19.792504759395825,32439,4321,1066,153,/home/wosas/Desktop/Incremental_mapping_test/gs_floaterLab/results/ERCB_ablation/benchmark-B_5070ti_stride20/utmm/square-2/stride20/event60/rr_s0,archived_report; raw map/per-view scores unavailable locally
utmm,square-2,60,ercb,19.703573800379935,32439,4321,1066,153,/home/wosas/Desktop/Incremental_mapping_test/gs_floaterLab/results/ERCB_ablation/benchmark-B_5070ti_stride20/utmm/square-2/stride20/event60/ercb_s0,archived_report; raw map/per-view scores unavailable locally
rpng,table_01,15,rr,21.656533897302715,100157,3616,2192,314,/home/wosas/Desktop/Incremental_mapping_test/gs_floaterLab/results/ERCB_ablation/benchmark-B_5070ti_stride20/rpng/table_01/stride20/event15/rr_s0,archived_report; raw map/per-view scores unavailable locally
rpng,table_01,15,ercb,22.733434822908634,100157,3616,2192,314,/home/wosas/Desktop/Incremental_mapping_test/gs_floaterLab/results/ERCB_ablation/benchmark-B_5070ti_stride20/rpng/table_01/stride20/event15/ercb_s0,archived_report; raw map/per-view scores unavailable locally
rpng,table_01,30,rr,23.277021159032348,100157,7231,2192,314,/home/wosas/Desktop/Incremental_mapping_test/gs_floaterLab/results/ERCB_ablation/benchmark-B_5070ti_stride20/rpng/table_01/stride20/event30/rr_s0,archived_report; raw map/per-view scores unavailable locally
rpng,table_01,30,ercb,22.981670592241226,100157,7231,2192,314,/home/wosas/Desktop/Incremental_mapping_test/gs_floaterLab/results/ERCB_ablation/benchmark-B_5070ti_stride20/rpng/table_01/stride20/event30/ercb_s0,archived_report; raw map/per-view scores unavailable locally
rpng,table_01,60,rr,23.63301365238846,100157,14461,2192,314,/home/wosas/Desktop/Incremental_mapping_test/gs_floaterLab/results/ERCB_ablation/benchmark-B_5070ti_stride20/rpng/table_01/stride20/event60/rr_s0,archived_report; raw map/per-view scores unavailable locally
rpng,table_01,60,ercb,23.156000313485507,100157,14461,2192,314,/home/wosas/Desktop/Incremental_mapping_test/gs_floaterLab/results/ERCB_ablation/benchmark-B_5070ti_stride20/rpng/table_01/stride20/event60/ercb_s0,archived_report; raw map/per-view scores unavailable locally
rpng,table_02,15,rr,20.114325486797178,145469,4981,2549,365,/home/wosas/Desktop/Incremental_mapping_test/gs_floaterLab/results/ERCB_ablation/benchmark-B_5070ti_stride20/rpng/table_02/stride20/event15/rr_s0,archived_report; raw map/per-view scores unavailable locally
rpng,table_02,15,ercb,20.669916066731492,145469,4981,2549,365,/home/wosas/Desktop/Incremental_mapping_test/gs_floaterLab/results/ERCB_ablation/benchmark-B_5070ti_stride20/rpng/table_02/stride20/event15/ercb_s0,archived_report; raw map/per-view scores unavailable locally
rpng,table_02,30,rr,21.27294985366194,145469,9961,2549,365,/home/wosas/Desktop/Incremental_mapping_test/gs_floaterLab/results/ERCB_ablation/benchmark-B_5070ti_stride20/rpng/table_02/stride20/event30/rr_s0,archived_report; raw map/per-view scores unavailable locally
rpng,table_02,30,ercb,21.141616160249058,145469,9961,2549,365,/home/wosas/Desktop/Incremental_mapping_test/gs_floaterLab/results/ERCB_ablation/benchmark-B_5070ti_stride20/rpng/table_02/stride20/event30/ercb_s0,archived_report; raw map/per-view scores unavailable locally
rpng,table_02,60,rr,21.739724987500335,145469,19921,2549,365,/home/wosas/Desktop/Incremental_mapping_test/gs_floaterLab/results/ERCB_ablation/benchmark-B_5070ti_stride20/rpng/table_02/stride20/event60/rr_s0,archived_report; raw map/per-view scores unavailable locally
rpng,table_02,60,ercb,21.484780787115227,145469,19921,2549,365,/home/wosas/Desktop/Incremental_mapping_test/gs_floaterLab/results/ERCB_ablation/benchmark-B_5070ti_stride20/rpng/table_02/stride20/event60/ercb_s0,archived_report; raw map/per-view scores unavailable locally
rpng,table_03,15,rr,21.230674393100823,225005,7666,6130,876,/home/wosas/Desktop/Incremental_mapping_test/gs_floaterLab/results/ERCB_ablation/benchmark-B_5070ti_stride20/rpng/table_03/stride20/event15/rr_s0,archived_report; raw map/per-view scores unavailable locally
rpng,table_03,15,ercb,21.4861633331264,225005,7666,6130,876,/home/wosas/Desktop/Incremental_mapping_test/gs_floaterLab/results/ERCB_ablation/benchmark-B_5070ti_stride20/rpng/table_03/stride20/event15/ercb_s0,archived_report; raw map/per-view scores unavailable locally
rpng,table_03,30,rr,21.78058651048843,225005,15331,6130,876,/home/wosas/Desktop/Incremental_mapping_test/gs_floaterLab/results/ERCB_ablation/benchmark-B_5070ti_stride20/rpng/table_03/stride20/event30/rr_s0,archived_report; raw map/per-view scores unavailable locally
rpng,table_03,30,ercb,21.726504706900958,225005,15331,6130,876,/home/wosas/Desktop/Incremental_mapping_test/gs_floaterLab/results/ERCB_ablation/benchmark-B_5070ti_stride20/rpng/table_03/stride20/event30/ercb_s0,archived_report; raw map/per-view scores unavailable locally
rpng,table_03,60,rr,21.192107061272885,225005,30661,6130,876,/home/wosas/Desktop/Incremental_mapping_test/gs_floaterLab/results/ERCB_ablation/benchmark-B_5070ti_stride20/rpng/table_03/stride20/event60/rr_s0,archived_report; raw map/per-view scores unavailable locally
rpng,table_03,60,ercb,21.89911482432117,225005,30661,6130,876,/home/wosas/Desktop/Incremental_mapping_test/gs_floaterLab/results/ERCB_ablation/benchmark-B_5070ti_stride20/rpng/table_03/stride20/event60/ercb_s0,archived_report; raw map/per-view scores unavailable locally
rpng,table_04,15,rr,17.670686799704008,171105,6196,5309,759,/home/wosas/Desktop/Incremental_mapping_test/gs_floaterLab/results/ERCB_ablation/benchmark-B_5070ti_stride20/rpng/table_04/stride20/event15/rr_s0,archived_report; raw map/per-view scores unavailable locally
rpng,table_04,15,ercb,20.422046123600133,171105,6196,5309,759,/home/wosas/Desktop/Incremental_mapping_test/gs_floaterLab/results/ERCB_ablation/benchmark-B_5070ti_stride20/rpng/table_04/stride20/event15/ercb_s0,archived_report; raw map/per-view scores unavailable locally
rpng,table_04,30,rr,20.800288437854633,171105,12391,5309,759,/home/wosas/Desktop/Incremental_mapping_test/gs_floaterLab/results/ERCB_ablation/benchmark-B_5070ti_stride20/rpng/table_04/stride20/event30/rr_s0,archived_report; raw map/per-view scores unavailable locally
rpng,table_04,30,ercb,20.690233592459336,171105,12391,5309,759,/home/wosas/Desktop/Incremental_mapping_test/gs_floaterLab/results/ERCB_ablation/benchmark-B_5070ti_stride20/rpng/table_04/stride20/event30/ercb_s0,archived_report; raw map/per-view scores unavailable locally
rpng,table_04,60,rr,19.96688092147566,171105,24781,5309,759,/home/wosas/Desktop/Incremental_mapping_test/gs_floaterLab/results/ERCB_ablation/benchmark-B_5070ti_stride20/rpng/table_04/stride20/event60/rr_s0,archived_report; raw map/per-view scores unavailable locally
rpng,table_04,60,ercb,21.069900882102758,171105,24781,5309,759,/home/wosas/Desktop/Incremental_mapping_test/gs_floaterLab/results/ERCB_ablation/benchmark-B_5070ti_stride20/rpng/table_04/stride20/event60/ercb_s0,archived_report; raw map/per-view scores unavailable locally
rpng,table_05,15,rr,22.26353340544744,141125,4906,5393,771,/home/wosas/Desktop/Incremental_mapping_test/gs_floaterLab/results/ERCB_ablation/benchmark-B_5070ti_stride20/rpng/table_05/stride20/event15/rr_s0,archived_report; raw map/per-view scores unavailable locally
rpng,table_05,15,ercb,24.964637082219895,141125,4906,5393,771,/home/wosas/Desktop/Incremental_mapping_test/gs_floaterLab/results/ERCB_ablation/benchmark-B_5070ti_stride20/rpng/table_05/stride20/event15/ercb_s0,archived_report; raw map/per-view scores unavailable locally
rpng,table_05,30,rr,24.0444444169021,141125,9811,5393,771,/home/wosas/Desktop/Incremental_mapping_test/gs_floaterLab/results/ERCB_ablation/benchmark-B_5070ti_stride20/rpng/table_05/stride20/event30/rr_s0,archived_report; raw map/per-view scores unavailable locally
rpng,table_05,30,ercb,25.546285228506598,141125,9811,5393,771,/home/wosas/Desktop/Incremental_mapping_test/gs_floaterLab/results/ERCB_ablation/benchmark-B_5070ti_stride20/rpng/table_05/stride20/event30/ercb_s0,archived_report; raw map/per-view scores unavailable locally
rpng,table_05,60,rr,23.611048292711704,141125,19621,5393,771,/home/wosas/Desktop/Incremental_mapping_test/gs_floaterLab/results/ERCB_ablation/benchmark-B_5070ti_stride20/rpng/table_05/stride20/event60/rr_s0,archived_report; raw map/per-view scores unavailable locally
rpng,table_05,60,ercb,26.002509679930373,141125,19621,5393,771,/home/wosas/Desktop/Incremental_mapping_test/gs_floaterLab/results/ERCB_ablation/benchmark-B_5070ti_stride20/rpng/table_05/stride20/event60/ercb_s0,archived_report; raw map/per-view scores unavailable locally
rpng,table_06,15,rr,23.91865549473404,98565,3391,2421,346,/home/wosas/Desktop/Incremental_mapping_test/gs_floaterLab/results/ERCB_ablation/benchmark-B_5070ti_stride20/rpng/table_06/stride20/event15/rr_s0,archived_report; raw map/per-view scores unavailable locally
rpng,table_06,15,ercb,23.90988637670616,98565,3391,2421,346,/home/wosas/Desktop/Incremental_mapping_test/gs_floaterLab/results/ERCB_ablation/benchmark-B_5070ti_stride20/rpng/table_06/stride20/event15/ercb_s0,archived_report; raw map/per-view scores unavailable locally
rpng,table_06,30,rr,25.00093255015467,98565,6781,2421,346,/home/wosas/Desktop/Incremental_mapping_test/gs_floaterLab/results/ERCB_ablation/benchmark-B_5070ti_stride20/rpng/table_06/stride20/event30/rr_s0,archived_report; raw map/per-view scores unavailable locally
rpng,table_06,30,ercb,24.94729027720545,98565,6781,2421,346,/home/wosas/Desktop/Incremental_mapping_test/gs_floaterLab/results/ERCB_ablation/benchmark-B_5070ti_stride20/rpng/table_06/stride20/event30/ercb_s0,archived_report; raw map/per-view scores unavailable locally
rpng,table_06,60,rr,24.854273751980994,98565,13561,2421,346,/home/wosas/Desktop/Incremental_mapping_test/gs_floaterLab/results/ERCB_ablation/benchmark-B_5070ti_stride20/rpng/table_06/stride20/event60/rr_s0,archived_report; raw map/per-view scores unavailable locally
rpng,table_06,60,ercb,25.449716760933054,98565,13561,2421,346,/home/wosas/Desktop/Incremental_mapping_test/gs_floaterLab/results/ERCB_ablation/benchmark-B_5070ti_stride20/rpng/table_06/stride20/event60/ercb_s0,archived_report; raw map/per-view scores unavailable locally
rpng,table_07,15,rr,23.71796525680899,93477,3256,4186,598,/home/wosas/Desktop/Incremental_mapping_test/gs_floaterLab/results/ERCB_ablation/benchmark-B_5070ti_stride20/rpng/table_07/stride20/event15/rr_s0,archived_report; raw map/per-view scores unavailable locally
rpng,table_07,15,ercb,24.59178895854631,93477,3256,4186,598,/home/wosas/Desktop/Incremental_mapping_test/gs_floaterLab/results/ERCB_ablation/benchmark-B_5070ti_stride20/rpng/table_07/stride20/event15/ercb_s0,archived_report; raw map/per-view scores unavailable locally
rpng,table_07,30,rr,25.133610546788244,93477,6511,4186,598,/home/wosas/Desktop/Incremental_mapping_test/gs_floaterLab/results/ERCB_ablation/benchmark-B_5070ti_stride20/rpng/table_07/stride20/event30/rr_s0,archived_report; raw map/per-view scores unavailable locally
rpng,table_07,30,ercb,25.464496842196155,93477,6511,4186,598,/home/wosas/Desktop/Incremental_mapping_test/gs_floaterLab/results/ERCB_ablation/benchmark-B_5070ti_stride20/rpng/table_07/stride20/event30/ercb_s0,archived_report; raw map/per-view scores unavailable locally
rpng,table_07,60,rr,25.976003780811528,93477,13021,4186,598,/home/wosas/Desktop/Incremental_mapping_test/gs_floaterLab/results/ERCB_ablation/benchmark-B_5070ti_stride20/rpng/table_07/stride20/event60/rr_s0,archived_report; raw map/per-view scores unavailable locally
rpng,table_07,60,ercb,25.862687477698692,93477,13021,4186,598,/home/wosas/Desktop/Incremental_mapping_test/gs_floaterLab/results/ERCB_ablation/benchmark-B_5070ti_stride20/rpng/table_07/stride20/event60/ercb_s0,archived_report; raw map/per-view scores unavailable locally
rpng,table_08,15,rr,19.124213085659935,244564,8476,7423,1061,/home/wosas/Desktop/Incremental_mapping_test/gs_floaterLab/results/ERCB_ablation/benchmark-B_5070ti_stride20/rpng/table_08/stride20/event15/rr_s0,archived_report; raw map/per-view scores unavailable locally
rpng,table_08,15,ercb,19.64708193510237,244564,8476,7423,1061,/home/wosas/Desktop/Incremental_mapping_test/gs_floaterLab/results/ERCB_ablation/benchmark-B_5070ti_stride20/rpng/table_08/stride20/event15/ercb_s0,archived_report; raw map/per-view scores unavailable locally
rpng,table_08,30,rr,20.049364402763803,244564,16951,7423,1061,/home/wosas/Desktop/Incremental_mapping_test/gs_floaterLab/results/ERCB_ablation/benchmark-B_5070ti_stride20/rpng/table_08/stride20/event30/rr_s0,archived_report; raw map/per-view scores unavailable locally
rpng,table_08,30,ercb,20.0130609976133,244564,16951,7423,1061,/home/wosas/Desktop/Incremental_mapping_test/gs_floaterLab/results/ERCB_ablation/benchmark-B_5070ti_stride20/rpng/table_08/stride20/event30/ercb_s0,archived_report; raw map/per-view scores unavailable locally
rpng,table_08,60,rr,20.501140133375046,244564,33901,7423,1061,/home/wosas/Desktop/Incremental_mapping_test/gs_floaterLab/results/ERCB_ablation/benchmark-B_5070ti_stride20/rpng/table_08/stride20/event60/rr_s0,archived_report; raw map/per-view scores unavailable locally
rpng,table_08,60,ercb,20.42791046947943,244564,33901,7423,1061,/home/wosas/Desktop/Incremental_mapping_test/gs_floaterLab/results/ERCB_ablation/benchmark-B_5070ti_stride20/rpng/table_08/stride20/event60/ercb_s0,archived_report; raw map/per-view scores unavailable locally
aria,aria1253,15,rr,24.38424910796932,54373,1831,1140,163,/home/wosas/Desktop/Incremental_mapping_test/gs_floaterLab/results/ERCB_ablation/benchmark-B_5070ti_stride20/aria/aria1253/stride20/event15/rr_s0,archived_report; raw map/per-view scores unavailable locally
aria,aria1253,15,ercb,24.589135093922994,54373,1831,1140,163,/home/wosas/Desktop/Incremental_mapping_test/gs_floaterLab/results/ERCB_ablation/benchmark-B_5070ti_stride20/aria/aria1253/stride20/event15/ercb_s0,archived_report; raw map/per-view scores unavailable locally
aria,aria1253,30,rr,25.408515438711717,54373,3661,1140,163,/home/wosas/Desktop/Incremental_mapping_test/gs_floaterLab/results/ERCB_ablation/benchmark-B_5070ti_stride20/aria/aria1253/stride20/event30/rr_s0,archived_report; raw map/per-view scores unavailable locally
aria,aria1253,30,ercb,26.294142448097652,54373,3661,1140,163,/home/wosas/Desktop/Incremental_mapping_test/gs_floaterLab/results/ERCB_ablation/benchmark-B_5070ti_stride20/aria/aria1253/stride20/event30/ercb_s0,archived_report; raw map/per-view scores unavailable locally
aria,aria1253,60,rr,27.003288105221614,54373,7321,1140,163,/home/wosas/Desktop/Incremental_mapping_test/gs_floaterLab/results/ERCB_ablation/benchmark-B_5070ti_stride20/aria/aria1253/stride20/event60/rr_s0,archived_report; raw map/per-view scores unavailable locally
aria,aria1253,60,ercb,27.622980714575647,54373,7321,1140,163,/home/wosas/Desktop/Incremental_mapping_test/gs_floaterLab/results/ERCB_ablation/benchmark-B_5070ti_stride20/aria/aria1253/stride20/event60/ercb_s0,archived_report; raw map/per-view scores unavailable locally
aria,aria1253rot,15,rr,23.40757298976817,82995,2761,1310,188,/home/wosas/Desktop/Incremental_mapping_test/gs_floaterLab/results/ERCB_ablation/benchmark-B_5070ti_stride20/aria/aria1253rot/stride20/event15/rr_s0,archived_report; raw map/per-view scores unavailable locally
aria,aria1253rot,15,ercb,24.17979421006872,82995,2761,1310,188,/home/wosas/Desktop/Incremental_mapping_test/gs_floaterLab/results/ERCB_ablation/benchmark-B_5070ti_stride20/aria/aria1253rot/stride20/event15/ercb_s0,archived_report; raw map/per-view scores unavailable locally
aria,aria1253rot,30,rr,25.43893449864489,82995,5521,1310,188,/home/wosas/Desktop/Incremental_mapping_test/gs_floaterLab/results/ERCB_ablation/benchmark-B_5070ti_stride20/aria/aria1253rot/stride20/event30/rr_s0,archived_report; raw map/per-view scores unavailable locally
aria,aria1253rot,30,ercb,25.397268630088643,82995,5521,1310,188,/home/wosas/Desktop/Incremental_mapping_test/gs_floaterLab/results/ERCB_ablation/benchmark-B_5070ti_stride20/aria/aria1253rot/stride20/event30/ercb_s0,archived_report; raw map/per-view scores unavailable locally
aria,aria1253rot,60,rr,26.40115982420901,82995,11041,1310,188,/home/wosas/Desktop/Incremental_mapping_test/gs_floaterLab/results/ERCB_ablation/benchmark-B_5070ti_stride20/aria/aria1253rot/stride20/event60/rr_s0,archived_report; raw map/per-view scores unavailable locally
aria,aria1253rot,60,ercb,26.36831528075198,82995,11041,1310,188,/home/wosas/Desktop/Incremental_mapping_test/gs_floaterLab/results/ERCB_ablation/benchmark-B_5070ti_stride20/aria/aria1253rot/stride20/event60/ercb_s0,archived_report; raw map/per-view scores unavailable locally
aria,aria301_305,15,rr,27.206051582381836,65583,2521,2352,336,/home/wosas/Desktop/Incremental_mapping_test/gs_floaterLab/results/ERCB_ablation/benchmark-B_5070ti_stride20/aria/aria301_305/stride20/event15/rr_s0,archived_report; raw map/per-view scores unavailable locally
aria,aria301_305,15,ercb,27.024271630105517,65583,2521,2352,336,/home/wosas/Desktop/Incremental_mapping_test/gs_floaterLab/results/ERCB_ablation/benchmark-B_5070ti_stride20/aria/aria301_305/stride20/event15/ercb_s0,archived_report; raw map/per-view scores unavailable locally
aria,aria301_305,30,rr,28.967552752721875,65583,5041,2352,336,/home/wosas/Desktop/Incremental_mapping_test/gs_floaterLab/results/ERCB_ablation/benchmark-B_5070ti_stride20/aria/aria301_305/stride20/event30/rr_s0,archived_report; raw map/per-view scores unavailable locally
aria,aria301_305,30,ercb,28.954696547417413,65583,5041,2352,336,/home/wosas/Desktop/Incremental_mapping_test/gs_floaterLab/results/ERCB_ablation/benchmark-B_5070ti_stride20/aria/aria301_305/stride20/event30/ercb_s0,archived_report; raw map/per-view scores unavailable locally
aria,aria301_305,60,rr,30.46896071093423,65583,10081,2352,336,/home/wosas/Desktop/Incremental_mapping_test/gs_floaterLab/results/ERCB_ablation/benchmark-B_5070ti_stride20/aria/aria301_305/stride20/event60/rr_s0,archived_report; raw map/per-view scores unavailable locally
aria,aria301_305,60,ercb,30.322421357745213,65583,10081,2352,336,/home/wosas/Desktop/Incremental_mapping_test/gs_floaterLab/results/ERCB_ablation/benchmark-B_5070ti_stride20/aria/aria301_305/stride20/event60/ercb_s0,archived_report; raw map/per-view scores unavailable locally
aria,aria301_12F,15,rr,26.893066261125647,150448,5221,1925,276,/home/wosas/Desktop/Incremental_mapping_test/gs_floaterLab/results/ERCB_ablation/benchmark-B_5070ti_stride20/aria/aria301_12F/stride20/event15/rr_s0,archived_report; raw map/per-view scores unavailable locally
aria,aria301_12F,15,ercb,27.210402025692705,150448,5221,1925,276,/home/wosas/Desktop/Incremental_mapping_test/gs_floaterLab/results/ERCB_ablation/benchmark-B_5070ti_stride20/aria/aria301_12F/stride20/event15/ercb_s0,archived_report; raw map/per-view scores unavailable locally
aria,aria301_12F,30,rr,27.55577592573304,150448,10441,1925,276,/home/wosas/Desktop/Incremental_mapping_test/gs_floaterLab/results/ERCB_ablation/benchmark-B_5070ti_stride20/aria/aria301_12F/stride20/event30/rr_s0,archived_report; raw map/per-view scores unavailable locally
aria,aria301_12F,30,ercb,27.677899650905445,150448,10441,1925,276,/home/wosas/Desktop/Incremental_mapping_test/gs_floaterLab/results/ERCB_ablation/benchmark-B_5070ti_stride20/aria/aria301_12F/stride20/event30/ercb_s0,archived_report; raw map/per-view scores unavailable locally
aria,aria301_12F,60,rr,28.407092146251514,150448,20881,1925,276,/home/wosas/Desktop/Incremental_mapping_test/gs_floaterLab/results/ERCB_ablation/benchmark-B_5070ti_stride20/aria/aria301_12F/stride20/event60/rr_s0,archived_report; raw map/per-view scores unavailable locally
aria,aria301_12F,60,ercb,28.67523237242215,150448,20881,1925,276,/home/wosas/Desktop/Incremental_mapping_test/gs_floaterLab/results/ERCB_ablation/benchmark-B_5070ti_stride20/aria/aria301_12F/stride20/event60/ercb_s0,archived_report; raw map/per-view scores unavailable locally
