kappa,beta,algorithm,scenarios,fairness_nrmse_worst_scenario,fairness_rmse_updates_worst_scenario,jain_min_scenario,jain_regret_worst_scenario,cohort_ratio_min_scenario,cohort_ratio_max_scenario,entropy_ratio_min_scenario,shuffle_kl_worst_scenario,gradient_ratio_mean_worst_scenario,gradient_ratio_field_worst_scenario,temporal_w1_ratio_worst_scenario,admission_tracking_nrmse_worst_scenario,admission_pool_rate_cv_worst_scenario,budget_violation_worst_scenario,constraint_violation_factor,meets_all_quality_constraints
640,0.0,ercb_beta_0,3,0.2234944241939804,67.04832725819412,0.8183957389282341,0.08030952635291744,0.9774076454479406,1.0335275389263305,1.0,0.0,1.122677481402985,1.2342350745181916,1.050996884137821,0.0,0.0953484050082866,0.0,8.030952635291744,False
640,0.001,ercb_beta_0p001,3,0.19120088330804796,57.36026499241439,0.8350735089941203,0.06363175628703131,0.9621937796689378,1.025760377940224,0.9988349809330869,0.000890568256023901,1.1748643683390605,1.3133222651051188,1.064524806273567,0.0,0.0953484050082866,0.0,6.363175628703131,False
640,0.002,ercb_beta_0p002,3,0.16395781471661786,49.18734441498536,0.8484978616719511,0.05020740360920048,0.9683723209850259,1.0416116772469093,0.9960124314715969,0.0034400375028485488,1.3878770255026043,1.6506480505429917,1.1712169885792119,0.0,0.0953484050082866,0.0,5.020740360920048,False
640,0.003,ercb_beta_0p003,3,0.13759743667450078,41.27923100235023,0.8603153039660054,0.038389961315146215,0.9613523862277555,1.0277136575017212,0.9918869165610062,0.007335213390951147,1.7034298813864612,2.219915099180044,1.3164605625360242,0.0,0.0953484050082866,0.0,3.8389961315146213,False
640,0.004,ercb_beta_0p004,3,0.11993281840252096,35.979845520756285,0.8700727727213228,0.028632492559828793,0.969799091524972,1.0180282288043567,0.9873042449544733,0.012076370389715955,1.9786084097834276,2.7064617788428142,1.4426662199145626,0.0,0.0953484050082866,0.0,2.8632492559828795,False
640,0.005,ercb_beta_0p005,3,0.1038094736584755,31.14284209754265,0.8770114679013074,0.021693797379844174,0.9705150237641309,1.0230406235120166,0.9814247400008586,0.017736240349427744,2.2814649678656265,3.221131837223275,1.55387631162547,0.0,0.0953484050082866,0.0,2.1693797379844173,False
640,0.006,ercb_beta_0p006,3,0.08938705140302683,26.816115420908048,0.8822948791027372,0.016410386178414352,0.9810763123070136,1.0266028170920707,0.9747743385080185,0.02413168047624274,2.5882222407507034,3.7786236181785475,1.6602748909499059,0.0,0.0953484050082866,0.0,1.6410386178414351,False
640,0.0075,ercb_beta_0p0075,3,0.07388419298596897,22.165257895790695,0.8880230117982886,0.01068225348286297,0.9751404205231028,1.0259254155359565,0.9647033447183498,0.0340886620232684,2.9784987896021633,4.4163573797004245,1.7920950667041278,0.0,0.0953484050082866,0.0,1.4892493948010816,False
640,0.01,ercb_beta_0p01,3,0.05643946435246383,16.93183930573915,0.8930329292959832,0.005672335985168331,0.9742392156152184,1.0247832682361653,0.9466753705447433,0.051609198767826846,3.416628772940496,5.183857286713054,1.9163129886532182,0.0,0.0953484050082866,0.0,1.7279524289043513,False
640,0.0125,ercb_beta_0p0125,3,0.04626830986832896,13.880492960498687,0.8950716032840866,0.0036336619970649127,0.9801536453654349,1.027718223583461,0.9295355232094415,0.06935389910315515,3.659828937933908,5.548211382070091,1.9921994428721188,0.0,0.0953484050082866,0.0,1.8494037940233639,False
640,0.015,ercb_beta_0p015,3,0.037429945770546896,11.22898373116407,0.8963765771891348,0.002328688092016856,0.9772191668697607,1.0223705704950992,0.9126782949854869,0.08577755452158742,3.903918645559615,5.93268700601065,2.0437082939433284,0.0,0.0953484050082866,0.0,1.9775623353368834,False
640,0.02,ercb_beta_0p02,3,0.026487240807220293,7.938723517332993,0.897457503400014,0.0013199644379648988,0.9763217252571932,1.0205903790087465,0.8821858984004121,0.11638539156340877,4.1196932027452915,6.217230804653312,2.1019490600885593,0.0,0.0953484050082866,0.0,2.0724102682177707,False
640,inf,ercb_beta_inf,3,0.0,0.0,0.8987052652811516,0.0,0.9984662576687117,1.001536098310292,0.5097517901041078,0.4902482098958923,4.538252014677587,6.911849719910575,2.2068551699577545,0.0,0.0953484050082866,0.0,2.3039499066368583,False
768,0.0,ercb_beta_0,3,0.1842774571278925,60.30898596912846,0.8408403886464013,0.0646486861248621,0.9748625780624499,1.0327345309381237,1.0,0.0,1.105670662249552,1.1968066499683292,1.0473252485300255,0.0,0.2014012566940555,0.0,6.46486861248621,False
768,0.001,ercb_beta_0p001,3,0.15388545318431138,50.36251195122917,0.8564344317437638,0.049054643027499616,0.971173050615595,1.0256033154383313,0.998777241826773,0.0010016120157370601,1.1281990022230841,1.2331734435637827,1.0727968989385683,0.0,0.2014012566940555,0.0,4.905464302749961,False
768,0.002,ercb_beta_0p002,3,0.12922073415845114,42.29042208822037,0.8680857143069769,0.03740336046428648,0.97035960591133,1.0236423932038767,0.9961795590079235,0.0034340233292109415,1.2804450051977727,1.4785281472393128,1.1696761326264706,0.0,0.2014012566940555,0.0,3.740336046428648,False
768,0.003,ercb_beta_0p003,3,0.10951689994141231,35.84189452628039,0.8779447448764307,0.02754432989483266,0.9639559816086535,1.0280871990957843,0.9920813480161111,0.007321767530267721,1.5518894229729738,1.9266125039028867,1.3023898810597982,0.0,0.2014012566940555,0.0,2.754432989483266,False
768,0.004,ercb_beta_0p004,3,0.09246524230965827,30.26135202861543,0.885861182467707,0.01962789230355643,0.9790345598415877,1.027570388043828,0.9870465043211046,0.012240886165378712,1.7579756506492596,2.317561294737269,1.3964674106404693,0.0,0.2014012566940555,0.0,1.9627892303556431,False
768,0.005,ercb_beta_0p005,3,0.08013661208799541,26.22652759243486,0.8909813295231162,0.014507745248147191,0.9701510836290531,1.02389015367103,0.9809401167781249,0.017935038658157054,1.9511747886683861,2.5552015532019374,1.4739767771204075,0.0,0.2014012566940555,0.0,1.450774524814719,False
768,0.006,ercb_beta_0p006,3,0.06928358833109731,22.67462890835912,0.8952024603156707,0.010286614455592657,0.9668399904088608,1.0270591082364329,0.9746716360255109,0.02415614058619378,2.127571973708447,2.912315539604324,1.5652516396563394,0.0,0.2014012566940555,0.0,1.0637859868542234,False
768,0.0075,ercb_beta_0p0075,3,0.05842893712863649,19.122197605735575,0.8990830053186799,0.006406069452583518,0.9804941289161203,1.031598056078406,0.9646886343635473,0.034061709344428426,2.3486911797303356,3.2187409725525553,1.649821717415544,0.0,0.2014012566940555,0.0,1.1743455898651678,False
768,0.01,ercb_beta_0p01,3,0.043410194134304865,14.206972625772499,0.901879534484884,0.003609540286379348,0.9701155059897668,1.0223361830310864,0.9481258631724215,0.050950664373852116,2.6055496047910105,3.657003476966888,1.721845848680466,0.0,0.2014012566940555,0.0,1.3027748023955052,False
768,0.0125,ercb_beta_0p0125,3,0.035179373685685834,11.513249569860816,0.9032612361748681,0.0022278385963953318,0.9731364380300549,1.0325709316628517,0.9307071540152483,0.0681471745751149,2.758888063639113,3.909110627915307,1.782796133675032,0.0,0.2014012566940555,0.0,1.3794440318195564,False
768,0.015,ercb_beta_0p015,3,0.028972314226797413,9.481848292406427,0.9041171763444457,0.001465305490697627,0.9750556186689389,1.024353437699367,0.9150116603479767,0.08383712254924293,2.8926323349025593,4.159321220463818,1.8193826323778375,0.0,0.2014012566940555,0.0,1.4463161674512797,False
768,0.02,ercb_beta_0p02,3,0.022881248714251713,6.932081196431476,0.9047447137940076,0.0009448291671091235,0.9693957115009746,1.0221823020625416,0.8865792021362825,0.11191747089428482,2.9971307725248795,4.26538455594352,1.8529006510579393,0.0,0.2014012566940555,0.0,1.4985653862624397,False
768,inf,ercb_beta_inf,3,0.0,0.0,0.9054890747712634,0.0,0.9980079681274899,1.001996007984032,0.546098312594674,0.45390168740532594,3.24972986401814,4.669729017304342,1.929742542616862,0.0,0.2014012566940555,0.0,1.7396135056456594,False
896,0.0,ercb_beta_0,3,0.15205629967878648,52.63487296573377,0.8511685403608383,0.050953752450906505,0.9642008381263434,1.0250283331066685,1.0,0.0,1.1144822672756993,1.2643714856309771,1.0542430102606162,0.0,0.450511043654336,0.0,5.095375245090651,False
896,0.001,ercb_beta_0p001,3,0.12664465291194815,43.838533700289744,0.8634550230308127,0.03866726978093217,0.9752440444149568,1.0251606119208454,0.9987707526675513,0.0009171618116746849,1.1272398427829158,1.2277190647735765,1.059403286211603,0.0,0.450511043654336,0.0,3.866726978093217,False
896,0.002,ercb_beta_0p002,3,0.10465211428031032,36.22573186626126,0.8743431478076467,0.027779145004098216,0.9746146753439057,1.0303386133664507,0.9961951864653914,0.0034452407013292035,1.2286382314141622,1.418108511237901,1.129245929817889,0.0,0.450511043654336,0.0,2.7779145004098216,False
896,0.003,ercb_beta_0p003,3,0.08645328474260677,29.92613702628696,0.8826627261464018,0.019459566665342976,0.9654190733609795,1.030085004892368,0.9919083006227649,0.007399657494835361,1.425635203460789,1.7405375466390733,1.2256586074501432,0.0,0.450511043654336,0.0,1.9459566665342976,False
896,0.004,ercb_beta_0p004,3,0.07532229227332475,26.073101171535495,0.8882162015025064,0.013906091309238472,0.9700486486486486,1.019263573031117,0.9869060614771837,0.01223813897932668,1.5775224767298843,2.0138879276270094,1.3277399933547482,0.0,0.450511043654336,0.0,1.3906091309238473,False
896,0.005,ercb_beta_0p005,3,0.06328006223231998,21.904636926572298,0.8926042863339407,0.009518006477804153,0.9776263942121357,1.0244419306184014,0.9815681548417629,0.017717063827236104,1.7237458215926027,2.266767977879746,1.4013938705323552,0.0,0.450511043654336,0.0,0.9678390596862304,True
896,0.006,ercb_beta_0p006,3,0.053732089102974306,18.59956930487572,0.8953980481411231,0.0067242446706217264,0.9776670016396044,1.0287790833126242,0.975255598293155,0.023694046111019638,1.8786623681227546,2.528481164876838,1.456273597763495,0.0,0.450511043654336,0.0,0.9741036110560594,True
896,0.0075,ercb_beta_0p0075,3,0.04354936319903925,15.074779568898201,0.8979714247737285,0.0041508680380163195,0.9773206115388907,1.0292719617239623,0.965874645687224,0.033126972660537136,2.027227102190315,2.830059603733936,1.5082825427350441,0.0,0.450511043654336,0.0,1.0136135510951576,False
896,0.01,ercb_beta_0p01,3,0.03394089326064101,11.748770744068041,0.8997489809488306,0.0023733118629141953,0.9756970049564797,1.0187501918590374,0.9486411309018814,0.04980272610980372,2.168059428878691,3.091385099933077,1.5799085136497164,0.0,0.450511043654336,0.0,1.0840297144393456,False
896,0.0125,ercb_beta_0p0125,3,0.028044008088022033,9.707541261238395,0.9006804302973567,0.0017313122743550788,0.981884898936922,1.027309659001788,0.9335616074147193,0.06537140414273339,2.234892085480711,3.204630309406845,1.601978842460315,0.0,0.450511043654336,0.0,1.1174460427403554,False
896,0.015,ercb_beta_0p015,3,0.023514192107330283,8.13952803715279,0.9011768959886877,0.0011963272745102393,0.9787357028655761,1.0274346405228758,0.9176058046722734,0.08080240207829253,2.3065535654893403,3.3769089390445006,1.6282366903688643,0.0,0.450511043654336,0.0,1.1532767827446702,False
896,0.02,ercb_beta_0p02,3,0.01990613262668883,6.166385834739092,0.9015867807227561,0.0008168091879253214,0.9779027721976697,1.0315020590741266,0.8916334327640556,0.10675953749868401,2.370734767598808,3.4615630539496784,1.6574034043721482,0.0,0.450511043654336,0.0,1.185367383799404,False
896,inf,ercb_beta_inf,3,0.0,0.0,0.9021222928117448,0.0,0.9963867187500001,1.0039204174820613,0.5762748945487556,0.4237251054512445,2.518122464546504,3.745201375672913,1.7023110355588977,0.0,0.450511043654336,0.0,1.6485188041097727,False
1024,0.0,ercb_beta_0,3,0.12958478322010983,47.60257342779544,0.8710850814462362,0.0433264197371421,0.9766383370893731,1.0261786475937245,1.0,0.0,1.2577393515139041,1.3908758742827394,1.053961710480002,0.0,0.43448037992898164,0.0,4.33264197371421,False
1024,0.001,ercb_beta_0p001,3,0.10492876293895011,38.54525985512453,0.8828878038548464,0.031523697328531934,0.968330223880597,1.0312308284696954,0.9988438677432561,0.0009244684797910522,1.1285906690244343,1.174656262724667,1.0650311853480925,0.0,0.43448037992898164,0.0,3.1523697328531934,False
1024,0.002,ercb_beta_0p002,3,0.08773482294987422,32.22911863464767,0.8918175801681374,0.022593921015240902,0.977456281152319,1.0303862415637406,0.9962552825450723,0.0033451531613069596,1.170841335066295,1.292580462765389,1.1146014280110947,0.0,0.43448037992898164,0.0,2.25939210152409,False
1024,0.003,ercb_beta_0p003,3,0.07075573808242111,25.991903785379183,0.8995807160235958,0.014830785159782579,0.9769975309986747,1.024491108078817,0.9921060766337294,0.007209730482889182,1.3352171306102176,1.5657704954707306,1.209997285176241,0.0,0.43448037992898164,0.0,1.4830785159782578,False
1024,0.004,ercb_beta_0p004,3,0.05995769920278229,22.025277258164923,0.9041677588602625,0.010243742323115878,0.9759237411605841,1.0208765221265221,0.9872094240478404,0.011983825287825274,1.4522040702739845,1.7860289390000268,1.272635726526225,0.0,0.43448037992898164,0.0,1.0243742323115879,False
1024,0.005,ercb_beta_0p005,3,0.0528961398468457,19.431235045780053,0.9075947892896296,0.006816711893748756,0.9773721319311663,1.019015444015444,0.9815925383706674,0.017580743125339717,1.580328606122863,1.9868036781052292,1.34341021115935,0.0,0.43448037992898164,0.0,0.9678150178045286,True
1024,0.006,ercb_beta_0p006,3,0.04627774376130064,16.999987504151253,0.9095640055714362,0.00484749561194211,0.9789452654625069,1.0233744770358044,0.9759413461811233,0.02298370692476001,1.655859932058086,2.0898981760848736,1.3821833506726846,0.0,0.43448037992898164,0.0,0.973419154457763,True
1024,0.0075,ercb_beta_0p0075,3,0.03752546024425059,13.784862946867563,0.911331739380501,0.00307976180287729,0.9720812109907454,1.02119713949364,0.9657417562864563,0.03242039526529952,1.7392690579171464,2.228818599339315,1.4369855206607811,0.0,0.43448037992898164,0.0,0.9836998284645082,True
1024,0.01,ercb_beta_0p01,3,0.02859612805914233,10.504700103358406,0.9127318997273877,0.0018587099415520612,0.9701103807293792,1.0226367187499998,0.9506042677816822,0.048449005895035945,1.8518232924149414,2.418795408315616,1.4759353433650624,0.0,0.43448037992898164,0.0,0.9993643329804396,True
1024,0.0125,ercb_beta_0p0125,3,0.022935686417015703,8.425354194005768,0.9134268242417741,0.0012235358075580348,0.972084684313449,1.0184641271899912,0.9359437842855662,0.06319440984468681,1.9090113307048802,2.5169850627721284,1.4929960481803943,0.0,0.43448037992898164,0.0,1.015018226468765,False
1024,0.015,ercb_beta_0p015,3,0.02123507363108688,7.10130029120236,0.9137246485464194,0.0008902137546080656,0.9760100274315278,1.0156328220998498,0.9214890795092426,0.07751753854978718,1.929350283671459,2.528143169514904,1.5147483797927794,0.0,0.43448037992898164,0.0,1.0309400524919312,False
1024,0.02,ercb_beta_0p02,3,0.018545325485407743,6.004787079853171,0.9139887063220086,0.0006108757428674615,0.9765941252144084,1.0196722627402413,0.896717154999065,0.1020671964782535,1.9882658680242369,2.6448081913496915,1.538247457416441,0.0,0.43448037992898164,0.0,1.0594199014749421,False
1024,inf,ercb_beta_inf,3,0.0,0.0,0.9144115011833783,0.0,0.998076923076923,1.001926782273603,0.6020182171502338,0.3979817828497662,2.083503408075712,2.737844120118441,1.5727504438845614,0.0,0.43448037992898164,0.0,1.578025337002264,False
1280,0.0,ercb_beta_0,3,0.0994873865124302,38.92984689616834,0.8799257527390619,0.03100564672664644,0.978108830214227,1.0221442589359153,1.0,0.0,1.1575503518119168,1.3097303035209789,1.0570500893786081,0.0,0.17509567477188404,0.0,3.100564672664644,False
1280,0.001,ercb_beta_0p001,3,0.07718947095797962,30.20457559225289,0.8896114848853715,0.02131991458033685,0.97170014665257,1.0203603879693814,0.9989320182422221,0.0008456477502720303,1.0852039934747044,1.2018668425498185,1.0504123791352025,0.0,0.17509567477188404,0.0,2.131991458033685,False
1280,0.002,ercb_beta_0p002,3,0.06284761168654443,24.59254370343043,0.8973877977507427,0.013543601714965608,0.9799411818633085,1.0189699413489737,0.9962267918558513,0.0034067810913225257,1.168476240099359,1.3239780206910856,1.08556835203523,0.0,0.17509567477188404,0.0,1.3543601714965607,False
1280,0.003,ercb_beta_0p003,3,0.05264709567615006,20.601037438493503,0.9016892353552358,0.009242164110472512,0.9772713387241689,1.0235757089352595,0.992241592279258,0.006884784858233577,1.242173104269491,1.492349527784029,1.1586364756019032,0.0,0.17509567477188404,0.0,0.9574281177004224,True
1280,0.004,ercb_beta_0p004,3,0.045017704527379736,17.61562351071381,0.9049810476854915,0.005950351780216833,0.9789435444612341,1.0186313178691229,0.9881747299595912,0.011320290324063438,1.2398798916816323,1.5301711198903505,1.190072988742191,0.0,0.17509567477188404,0.0,0.9613684414282155,True
1280,0.005,ercb_beta_0p005,3,0.03698370255399801,14.471883608086175,0.9069212476984497,0.004010151767258652,0.9782213433211281,1.0275651856085513,0.9827996247323544,0.016417575396966273,1.2876172171947466,1.6332398936185009,1.2065343533324537,0.0,0.17509567477188404,0.0,0.9666263357179377,True
1280,0.006,ercb_beta_0p006,3,0.03381962305795611,13.233765544417608,0.9080855379746279,0.0028458614910805142,0.9791060855520786,1.0242700861348775,0.9769636119773837,0.021702634236215306,1.3100604067503363,1.6778692953617014,1.2450638437794421,0.0,0.17509567477188404,0.0,0.9724005974769018,True
1280,0.0075,ercb_beta_0p0075,3,0.028542347754351573,11.168744773441919,0.9091690711039279,0.0017623283617804685,0.974482109227872,1.0159668761408647,0.9689328393903139,0.03013134550538638,1.3948784271098538,1.8458863249802093,1.2676413368321389,0.0,0.17509567477188404,0.0,0.9804601117635489,True
1280,0.01,ercb_beta_0p01,3,0.02164926876007194,8.471452993071628,0.909993334301076,0.0011175327248406418,0.9850592363547926,1.0224458039584121,0.9541108625725315,0.04473280670123111,1.4221603808114056,1.8691438613345355,1.2996706536795095,0.0,0.17509567477188404,0.0,0.9956914204273415,True
1280,0.0125,ercb_beta_0p0125,3,0.018876956007839955,7.02203590151914,0.9103600117401849,0.0008524553927072737,0.9884376351838501,1.0169216061185469,0.9402700285504122,0.05846426251506646,1.4730443470574874,1.992265052180412,1.3186495758609882,0.0,0.17509567477188404,0.0,1.010348060827365,False
1280,0.015,ercb_beta_0p015,3,0.016856394018559952,6.129079931108299,0.9105526429605657,0.0006886989299837386,0.9831144465290806,1.0244893016480014,0.9273899877262294,0.07099386452718921,1.4480952473253874,1.9351035682773983,1.3175752610372204,0.0,0.17509567477188404,0.0,1.024380263506193,False
1280,0.02,ercb_beta_0p02,3,0.015728888288592074,4.721113227384557,0.9107040465547778,0.0004975073493572234,0.985350816013391,1.0201335877862596,0.9061459611889643,0.09287516270318781,1.4852736100764135,2.014698015729164,1.3348644466189197,0.0,0.17509567477188404,0.0,1.0483962194716339,False
1280,inf,ercb_beta_inf,3,0.0,0.0,0.9109313994657083,0.0,0.9962264150943396,1.0034977014951023,0.6414945569881167,0.3585054430118832,1.5411059398483953,2.142083042513346,1.3474667174325663,0.0,0.17509567477188404,0.0,1.480916696254366,False
1536,0.0,ercb_beta_0,3,0.07768563172118198,32.51956676700641,0.9074691671409263,0.02379698145241772,0.9792275728025199,1.0186133674691913,1.0,0.0,1.161575578208769,1.307009925005423,1.042024106364159,0.0,0.5773502691896258,0.0,2.379698145241772,False
1536,0.001,ercb_beta_0p001,3,0.060994412575103435,25.532544798880508,0.9153614338653746,0.015904714727969376,0.9800398567467651,1.026202929640882,0.9988385994221428,0.0008016675874616543,1.121604479980511,1.2672340813295009,1.0442849104363412,0.0,0.5773502691896258,0.0,1.5904714727969376,False
1536,0.002,ercb_beta_0p002,3,0.04799670429224133,20.0916436572173,0.921415394040335,0.009850754553009005,0.9794830556378025,1.0182333691993326,0.9963449634612649,0.0031702035238029996,1.120104995080347,1.2595210929459546,1.0819853270142055,0.0,0.5773502691896258,0.0,0.9850754553009005,True
1536,0.003,ercb_beta_0p003,3,0.041679250629825866,17.447128170624783,0.924856860205574,0.006409288387770012,0.9782744008758769,1.020339985092831,0.9928654635867845,0.006332071817579245,1.1713891993955312,1.3501012424946635,1.1005426630245991,0.0,0.5773502691896258,0.0,0.9568265136024265,True
1536,0.004,ercb_beta_0p004,3,0.03388495976782761,14.184401763276671,0.9275302636708681,0.003735884922475857,0.9747763454696553,1.021420123342063,0.9888489943135765,0.010418832127906738,1.2147325417693156,1.3621707151863842,1.1416356319040992,0.0,0.5773502691896258,0.0,0.9607129151801947,True
1536,0.005,ercb_beta_0p005,3,0.030402933859869943,12.726809522736255,0.9287291062680192,0.0025370423253247678,0.9788574547101143,1.0195600650965788,0.9837918606470424,0.015217935489109297,1.2255145034642076,1.371412368633601,1.155767836197377,0.0,0.5773502691896258,0.0,0.9656514126628193,True
1536,0.006,ercb_beta_0p006,3,0.02674347926389376,11.194944808141573,0.9296034235097858,0.001662725083558225,0.9802322094752992,1.0169846121230324,0.9786908545975024,0.02037835882751408,1.260772604227856,1.4627132686024156,1.1671336280041562,0.0,0.5773502691896258,0.0,0.9706844562174827,True
1536,0.0075,ercb_beta_0p0075,3,0.02359194517057759,9.875697978381316,0.9301647136441821,0.0011014349491619334,0.9810443279346384,1.021715305212183,0.9709938950295638,0.028147855747947054,1.283577827677417,1.4890339048731027,1.1799774099872784,0.0,0.5773502691896258,0.0,0.9783789628987063,True
1536,0.01,ercb_beta_0p01,3,0.018953868617072336,7.75706699963599,0.9306316037938295,0.0008783351080734745,0.9850953182332332,1.0181138480529683,0.9576060059148419,0.04155894867399499,1.3170185168543902,1.5199999700867914,1.2138658798204442,0.0,0.5773502691896258,0.0,0.9920572700381347,True
1536,0.0125,ercb_beta_0p0125,3,0.01619799100546161,6.7281091996951075,0.9308736772906859,0.0006361721389803674,0.98342467985082,1.018152001410686,0.9450451927282326,0.05387170346423877,1.323933642900254,1.5228741636793055,1.2029145140837054,0.0,0.5773502691896258,0.0,1.0052429315654878,False
1536,0.015,ercb_beta_0p015,3,0.01613977287985672,5.7198116471786,0.9309946519732519,0.00041489290705289393,0.9807618831256001,1.02365619696221,0.9329340911237097,0.0655899801676638,1.340124525359856,1.590461002813125,1.2223349981938831,0.0,0.5773502691896258,0.0,1.018292727255507,False
1536,0.02,ercb_beta_0p02,3,0.01497914159017717,4.384648595487296,0.9311095253710069,0.00030116105726848416,0.9804990757855822,1.0131789572802063,0.9136853551937422,0.08490336863988712,1.3247499011987849,1.5458083371081004,1.2382873816951816,0.0,0.5773502691896258,0.0,1.0397452411815853,False
1536,inf,ercb_beta_inf,3,0.0,0.0,0.931266148593344,0.0,0.9981378026070763,1.001865671641791,0.670686522177872,0.32931347782212805,1.3936786094666807,1.685801757386684,1.2547166772809226,0.0,0.5773502691896258,0.0,1.416459058868715,False
2048,0.0,ercb_beta_0,3,0.05168481484048904,23.258166678220068,0.9295260702891965,0.01472158465426631,0.9747877573689848,1.0214591078066915,1.0,0.0,1.2121720969963865,1.3613753235249455,1.0421994981579066,0.0,0.710038819117476,0.0,1.472158465426631,False
2048,0.001,ercb_beta_0p001,3,0.041142684070935645,18.51420783192104,0.9351553689288689,0.009092286014594015,0.9827738883632924,1.0151249675269456,0.9991216672438697,0.0007233871283317226,1.2953677868218116,1.5186927565255008,1.0484749450557231,0.0,0.710038819117476,0.0,0.9508351496576243,True
2048,0.002,ercb_beta_0p002,3,0.0340506881269199,15.322809657113954,0.9389732543806877,0.0052744005627752165,0.9786261808733596,1.019253166808662,0.9968059368861433,0.002790130604935985,1.3286377105552374,1.582656260292671,1.029041920448473,0.0,0.710038819117476,0.0,0.9530440829512339,True
2048,0.003,ercb_beta_0p003,3,0.02695472233997861,12.129625052990376,0.941100931141104,0.0031467238023587586,0.9855392370493041,1.0156173125781345,0.9938879468724836,0.005564006290133917,1.1346444549312602,1.2956664793188135,1.0619020044287797,0.0,0.710038819117476,0.0,0.9558421580515308,True
2048,0.004,ercb_beta_0p004,3,0.02415304933279444,10.868872199757497,0.9421625596852633,0.0020850952581995983,0.9849769823579972,1.0164589256184882,0.9902140940316627,0.009239658336160113,1.1477194154408843,1.2610696142601305,1.0605717935657393,0.0,0.710038819117476,0.0,0.9593884855062699,True
2048,0.005,ercb_beta_0p005,3,0.021996226422419333,9.8983018900887,0.942934204109097,0.0013134508343658924,0.9817949811404335,1.018571899758811,0.9859125383396087,0.01320794095766765,1.1691602300007833,1.3411341823342082,1.0601467643049114,0.0,0.710038819117476,0.0,0.9635743162369255,True
2048,0.006,ercb_beta_0p006,3,0.019242647655537782,8.659191444992002,0.9433524760565889,0.0009296046969352711,0.9835577406019395,1.0181584135412074,0.9812006330469755,0.017711118998681122,1.2564847423075858,1.6098569139930972,1.0762667971312465,0.0,0.710038819117476,0.0,0.9682015767253569,True
2048,0.0075,ercb_beta_0p0075,3,0.01781020513598405,8.014592311192821,0.9436314858559105,0.0007572322598015212,0.9807521638546528,1.013204293263127,0.9746420220762998,0.02444922275080463,1.2955262292148704,1.6979574796493186,1.0805828075541246,0.0,0.710038819117476,0.0,0.9747168483215977,True
2048,0.01,ercb_beta_0p01,3,0.014932041283207543,6.719418577443394,0.943887353590915,0.0005031549093865161,0.9840041119895611,1.0123641814052153,0.9629531655892843,0.03581424909147313,1.145604574949835,1.2782416560872023,1.0794450603714765,0.0,0.710038819117476,0.0,0.9865484988759992,True
2048,0.0125,ercb_beta_0p0125,3,0.012712454449694688,5.720604502362609,0.9440278432737823,0.00039771800020954557,0.9847042771117216,1.0147248551202122,0.952483725410734,0.04649809250158498,1.1828445433188068,1.2962496285096972,1.1008259953352313,0.0,0.710038819117476,0.0,0.9973923697124977,True
2048,0.015,ercb_beta_0p015,3,0.013337914505920806,5.385124047958839,0.9440895483643652,0.00033366624166462076,0.9828624022723826,1.017421320488162,0.9429151000478139,0.055920435901798404,1.1662651463270666,1.3053825707664457,1.0917827011567582,0.0,0.710038819117476,0.0,1.0075138259550906,False
2048,0.02,ercb_beta_0p02,3,0.01088252951625082,4.076753973447736,0.9441428095981447,0.00018898305054858,0.9874602283361407,1.01680322348927,0.9271983078828531,0.07190086162891948,1.242966075497603,1.4604506684249183,1.0974460151316507,0.0,0.710038819117476,0.0,1.0245920337896344,False
2048,inf,ercb_beta_inf,3,0.0,0.0,0.9442476549434629,0.0,0.9966112175286488,1.001926782273603,0.7140334344477831,0.28596656555221694,1.2235508496802054,1.451889773495585,1.098276416950403,0.0,0.710038819117476,0.0,1.3304699110269367,False
